CO_MUNICIPIO;doc_bas;doc_fund_ai;doc_fund_af;doc_med;doc_vinculo_contrat;pct_contratados;Anos Finais;Anos Iniciais;Ensino Médio
1100015;426;86;167;171;159;37.3;5;5.7;4.5
1100023;818;252;232;267;170;20.8;4.9;5.7;4.2
1100031;101;30;26;43;34;33.7;5;6;4
1100049;887;260;258;293;308;34.7;5;6.2;4.2
1100056;167;57;34;24;40;24;5;6.2;3.8
1100064;240;46;64;112;37;15.4;5.2;6.8;4.6
1100072;159;30;23;78;32;20.1;4.6;7;4.3
1100080;210;65;62;67;28;13.3;4.4;5.8;4.4
1100098;339;100;79;128;98;28.9;4.9;6.5;3.4
1100106;613;146;169;224;153;25;4.6;5.4;4.1
1100114;617;163;158;260;88;14.3;4.8;6.4;4
1100122;1074;349;352;377;301;28;4.7;6.1;4.1
1100130;411;108;91;140;192;46.7;4.4;5.4;
1100148;185;59;62;34;54;29.2;5.5;7;4.1
1100155;283;93;68;83;42;14.8;5.1;6.2;4
1100189;370;102;116;123;72;19.5;4.8;6.4;4.2
1100205;3949;1232;1254;1260;1007;25.5;4.5;5.8;4
1100254;262;76;75;100;88;33.6;5;5.8;4.2
1100262;39;20;11;10;3;7.7;4;5.8;4
1100288;558;195;153;132;171;30.6;5.1;6.8;4.4
1100296;67;22;20;14;5;7.5;5.1;7;4.3
1100304;898;320;244;240;180;20;4.8;6.1;4
1100320;255;78;85;67;111;43.5;4.9;6.2;4
1100338;327;109;105;102;54;16.5;4.4;4.9;4
1100346;153;40;56;28;34;22.2;4.7;6.1;3.7
1100379;172;49;67;43;51;29.7;4.4;6;4.7
1100403;140;48;53;26;63;45;4.6;5.1;3.8
1100452;286;97;89;113;94;32.9;4.3;6.2;4
1100502;104;33;28;50;23;22.1;4.8;6.6;4.1
1100601;84;20;29;38;40;47.6;4.4;5.5;3.9
1100700;136;50;33;53;41;30.1;4.6;5.8;4.2
1100809;200;77;66;49;135;67.5;4.1;5.3;3.9
1100908;32;13;15;7;5;15.6;4.5;;4
1100924;167;44;44;76;35;21;4.2;5.5;3.9
1100940;151;49;49;46;18;11.9;4.4;6;3.6
1101005;130;35;32;61;8;6.2;4.6;5.7;4.3
1101104;101;34;25;21;26;25.7;3.7;6;
1101203;83;24;36;17;22;26.5;4.8;6.3;4.1
1101302;101;31;21;31;13;12.9;4.6;5.9;4.2
1101401;163;49;48;44;82;50.3;4.9;5.9;4.1
1101435;71;26;33;14;32;45.1;4.8;6.6;4.1
1101450;63;16;31;26;16;25.4;4.8;6.1;3.9
1101468;50;13;6;26;16;32;4.5;5.7;3.7
1101476;64;14;14;36;10;15.6;4.5;6.2;4
1101484;51;18;19;21;10;19.6;5;6.7;4.4
1101492;216;72;71;51;55;25.5;4.9;6.3;4.1
1101500;105;48;25;20;30;28.6;5.3;5.9;4.3
1101559;39;15;20;10;8;20.5;4.8;6;4.3
1101609;125;30;44;42;39;31.2;4.9;6.3;3.8
1101708;112;25;61;20;8;7.1;4.4;5.9;3.9
1101757;72;34;17;20;33;45.8;4.2;5.5;3.8
1101807;80;26;25;24;21;26.2;4.1;5.3;3.7
1200013;144;35;43;32;104;72.2;4.4;5.1;4.2
1200054;181;29;106;16;114;63;3.3;5.5;3.6
1200104;297;85;106;40;192;64.6;5.1;6.6;3.8
1200138;221;46;105;63;185;83.7;4;5.4;4
1200179;122;34;55;32;78;63.9;4.1;5.2;3.8
1200203;1677;299;670;344;1311;78.2;5;6.2;4.1
1200252;189;54;66;37;127;67.2;4.9;7.2;4.2
1200302;780;90;409;125;682;87.4;4.9;6.2;3.9
1200328;218;22;114;30;137;62.8;4.4;5.5;3.5
1200336;379;77;160;98;296;78.1;3.9;5.6;3.7
1200344;188;41;93;17;169;89.9;4.3;4.9;3.9
1200351;398;60;182;52;268;67.3;4.1;4.6;
1200385;229;61;83;49;157;68.6;4.9;5.5;4.3
1200393;305;28;154;52;263;86.2;4.1;5.3;3.5
1200401;3727;1080;1105;828;2326;62.4;5.1;6.6;4.2
1200427;497;70;191;91;446;89.7;4.5;5.6;3.3
1200435;190;18;95;22;181;95.3;3.8;3.7;3.3
1200450;300;90;102;57;189;63;5;6.3;4.3
1200500;688;127;303;154;600;87.2;4.9;6.3;4
1200609;863;145;407;192;581;67.3;4.3;6.4;3.7
1200708;289;49;117;74;201;69.6;4.5;6.2;3.7
1200807;235;43;123;74;119;50.6;4;5;3.7
1300029;455;104;165;77;294;64.6;4.1;4.6;3.4
1300060;347;106;98;110;166;47.8;4.5;4.8;3.3
1300086;344;62;103;141;164;47.7;4.5;5.7;3.7
1300102;322;88;79;82;226;70.2;4.4;6.6;4.3
1300144;277;85;64;57;75;27.1;4.4;5.6;3.5
1300201;477;108;190;158;249;52.2;3.9;4.5;3.2
1300300;828;240;277;190;447;54;3.8;5.2;3.3
1300409;515;158;176;93;309;60;4.3;4.9;3.8
1300508;1037;268;442;181;500;48.2;3.9;4.7;3.1
1300607;1027;255;330;171;608;59.2;4.6;5.7;3.2
1300631;476;168;166;95;270;56.7;4.5;5.3;3.6
1300680;484;99;178;86;303;62.6;4.5;5.2;3.5
1300706;729;248;230;167;329;45.1;5.1;6.6;3.6
1300805;1190;296;443;233;624;52.4;4.2;5.4;3.2
1300839;354;89;121;95;168;47.5;4.3;5.2;3.2
1300904;283;113;73;50;187;66.1;3.8;4.5;3.6
1301001;586;199;159;112;254;43.3;4.3;5.2;3.8
1301100;725;203;264;140;413;57;4.7;5;3.5
1301159;431;143;195;144;158;36.7;4.3;4.3;3.7
1301209;1206;255;467;315;405;33.6;3.9;5;3.3
1301308;548;150;166;120;303;55.3;4.2;4.9;3.8
1301407;655;278;209;114;256;39.1;3.8;4.5;3.5
1301506;324;122;93;27;101;31.2;3.9;5.2;3.4
1301605;731;219;229;126;401;54.9;3.8;4.7;3.6
1301654;290;80;95;68;105;36.2;4.1;5.1;3.5
1301704;931;289;351;203;360;38.7;4.8;6;3.8
1301803;375;114;141;93;189;50.4;3.8;4.9;3
1301852;847;230;316;232;125;14.8;4.5;5.2;3.3
1301902;1614;446;499;358;594;36.8;5;5.8;3.7
1301951;323;105;94;59;180;55.7;4.6;6.5;4
1302009;302;85;68;83;117;38.7;4.3;4.9;3.6
1302108;415;81;123;129;223;53.7;5.6;7.4;3.5
1302207;337;84;100;85;176;52.2;4;4.5;3
1302306;656;228;183;110;473;72.1;4;4.9;3.1
1302405;899;286;349;137;634;70.5;4;5.4;3.6
1302504;1685;520;595;439;916;54.4;4.7;5.6;3.4
1302553;386;123;141;106;224;58;4.4;4.8;3.3
1302603;18357;5532;6349;4083;797;4.3;5.1;6.4;3.9
1302702;1194;325;466;235;739;61.9;4.8;5.5;3.3
1302801;642;170;207;107;468;72.9;3.6;4.4;2.7
1302900;1411;304;625;242;879;62.3;4.2;5.4;3.1
1303007;441;84;173;114;231;52.4;4.7;5.6;3.5
1303106;644;211;244;128;472;73.3;4.3;5.3;3.4
1303205;352;98;96;77;140;39.8;5.1;6.1;3.4
1303304;459;155;158;121;158;34.4;4;4.8;3.3
1303403;1774;441;679;453;710;40;5;6;4
1303502;409;134;145;74;114;27.9;3.9;4.4;3.3
1303536;658;175;177;158;353;53.6;4.5;5.3;3.5
1303569;444;122;161;89;300;67.6;4.8;5.5;2.9
1303601;548;149;223;121;373;68.1;4.2;5;3.2
1303700;1072;303;236;184;754;70.3;3.8;5.4;3.2
1303809;1566;479;588;396;801;51.1;4.1;4.7;3
1303908;919;288;355;168;469;51;4.3;5.2;3
1303957;263;71;64;77;118;44.9;4.7;5.7;3.9
1304005;408;112;124;98;200;49;4.5;5;3.5
1304062;1219;366;389;277;451;37;4.4;5.1;3.1
1304104;514;188;143;56;304;59.1;4.7;5.9;3.8
1304203;1826;454;612;291;1224;67;4.7;5.5;3.5
1304237;600;174;176;115;385;64.2;3.9;4.2;2.9
1304260;517;96;195;99;350;67.7;4.1;4.1;2.8
1304302;323;73;118;104;159;49.2;4.9;6;3.7
1304401;517;143;176;90;185;35.8;4.2;4.7;3.6
1400027;348;84;166;118;186;53.4;;4.6;3.4
1400050;371;115;169;97;248;66.8;3.5;4.7;3.3
1400100;4857;1678;1358;1078;1104;22.7;4.4;6.1;3.8
1400159;387;110;163;114;90;23.3;4.1;4.6;3.1
1400175;396;138;193;129;131;33.1;;5.2;3.2
1400209;359;128;117;91;100;27.9;3.9;4.9;3.7
1400233;164;55;75;48;102;62.2;4;5.2;3.5
1400282;134;44;59;48;75;56;4;4.9;3.4
1400308;298;109;100;79;91;30.5;3.6;5.1;3.6
1400407;621;119;303;153;365;58.8;3.6;4.5;2.9
1400456;594;161;308;151;328;55.2;;5.1;3
1400472;471;187;135;103;224;47.6;4;5.1;3.2
1400506;132;37;52;25;59;44.7;;5.1;
1400605;133;46;51;37;106;79.7;4.3;5;4
1400704;634;156;368;166;473;74.6;;4.5;2.7
1500107;2498;566;983;450;1258;50.4;4.8;5;4.3
1500131;83;34;26;10;39;47;4.2;6.4;4.5
1500206;792;219;411;69;274;34.6;4.1;5.4;3.8
1500305;942;317;402;78;479;50.8;4.3;4.6;4.4
1500347;179;49;64;24;120;67;4.6;4.9;4
1500404;835;340;379;151;155;18.6;4.5;5.1;4.1
1500503;749;230;313;110;441;58.9;4.2;4.5;4.1
1500602;1875;351;982;174;1424;75.9;4.6;5.3;4.6
1500701;709;222;330;75;402;56.7;3.6;4;3.6
1500800;3556;1063;1186;916;1305;36.7;5.1;6.1;4.5
1500859;577;85;348;44;431;74.7;4;4.7;4.4
1500909;633;184;278;52;266;42;4.2;5.1;4
1500958;348;100;154;40;185;53.2;5;6.1;4.1
1501006;315;75;179;32;190;60.3;4.1;4.9;3.2
1501105;459;141;186;81;368;80.2;4.9;5.3;4.2
1501204;557;149;246;66;198;35.5;4;4.9;3.8
1501253;62;21;22;11;35;56.5;4.6;5.2;3.9
1501303;1206;356;469;196;522;43.3;4.3;5.1;4.1
1501402;8722;2276;2734;2538;1988;22.8;5;5.8;4.6
1501451;288;47;163;31;168;58.3;5.4;6;4.2
1501501;744;247;223;134;506;68;5.3;7;4.6
1501576;377;123;128;115;142;37.7;4.1;5.4;4.8
1501600;152;62;31;23;88;57.9;5;6.6;4.5
1501709;1901;444;934;358;796;41.9;4.9;5.3;4.2
1501725;306;82;153;28;271;88.6;5.4;6.5;5
1501758;137;29;68;15;47;34.3;5.1;6.1;3.8
1501782;489;164;188;64;259;53;4;4.6;4.2
1501808;2792;382;1625;224;1962;70.3;3.9;4.6;4.2
1501907;569;107;239;79;367;64.5;4.4;5.4;3.6
1501956;387;89;157;96;179;46.3;3.8;6.2;3.7
1502004;417;136;189;66;362;86.8;4.9;5.3;4.5
1502103;2161;546;1118;242;786;36.4;4.3;5.1;4.2
1502152;775;293;232;71;635;81.9;5.2;5.9;4.5
1502202;549;169;171;171;202;36.8;5.3;6.2;4.9
1502301;979;324;381;191;760;77.6;4.7;5.3;4.4
1502400;2272;641;847;496;1054;46.4;4.6;5.3;4.4
1502509;923;282;460;23;648;70.2;4;4.5;3.6
1502608;244;38;66;86;58;23.8;5.2;5.3;4.2
1502707;455;143;135;128;151;33.2;4.7;5.2;4.1
1502756;629;116;232;37;391;62.2;4.8;5.3;4.1
1502764;235;41;63;73;137;58.3;4;5;3.9
1502772;396;92;142;36;286;72.2;5.1;6.4;4.2
1502806;536;167;278;41;346;64.6;4.6;4.7;3.8
1502855;272;78;133;24;77;28.3;4.2;4.6;3.9
1502905;579;124;276;64;341;58.9;4.3;5.1;4
1502939;512;123;170;95;198;38.7;5.4;6;4.5
1502954;366;88;178;47;59;16.1;4.2;5;3.7
1503002;190;45;55;21;80;42.1;4.6;6.4;4.3
1503044;240;57;127;20;72;30;4.4;5;4.2
1503077;491;153;233;52;279;56.8;4.5;5.5;4.2
1503093;424;100;162;47;171;40.3;3.7;4.6;4.1
1503101;875;204;396;50;687;78.5;3.8;5.4;4.4
1503200;538;188;178;98;311;57.8;4.2;5;4
1503309;674;189;284;91;75;11.1;4.4;5.6;4.2
1503408;138;42;25;39;36;26.1;4.7;4.7;3.7
1503457;555;179;203;38;279;50.3;4.5;5.1;4
1503507;531;215;204;68;226;42.6;4.3;5.7;4.1
1503606;1517;424;572;261;1041;68.6;5;5.9;4.4
1503705;599;154;283;72;330;55.1;4.3;5.2;4.3
1503754;507;118;318;60;447;88.2;3.5;4;4
1503804;391;94;146;38;45;11.5;3.5;4.6;4.1
1503903;809;270;354;146;301;37.2;4.8;5.8;4.1
1504000;677;187;288;64;328;48.4;4.7;5.4;4.1
1504059;471;136;187;47;234;49.7;4.8;5.7;4.2
1504109;203;39;67;27;130;64;4.3;5;4
1504208;2663;557;1081;557;700;26.3;4.7;5.5;4.2
1504307;616;137;243;80;380;61.7;4.2;5;3.8
1504406;369;108;198;23;241;65.3;4.4;4.8;3.8
1504422;1180;340;397;224;1037;87.9;5;6.2;4.8
1504455;311;115;141;40;176;56.6;3.9;4.5;4.2
1504505;793;183;413;35;648;81.7;3.2;4;3.7
1504604;533;134;220;78;146;27.4;4.2;5;4.1
1504703;1086;223;506;132;506;46.6;4.5;5.6;3.6
1504752;357;89;206;29;258;72.3;4.4;5.3;4
1504802;847;202;411;143;134;15.8;4.4;5.3;4.3
1504901;658;213;224;44;571;86.8;5.5;5.5;4
1504950;400;90;178;37;192;48;5;5.5;4.3
1504976;151;36;74;16;63;41.7;4.2;5.1;4.4
1505007;235;67;93;33;126;53.6;4.4;5.8;4.4
1505031;326;105;118;36;195;59.8;4.2;5.7;4.5
1505064;723;144;357;119;274;37.9;4.3;5.3;3.9
1505106;867;214;405;169;377;43.5;4.7;5.7;4.2
1505205;513;189;240;34;315;61.4;3.9;4.6;3.8
1505304;894;224;445;125;346;38.7;4.6;5.2;4.3
1505403;281;96;80;37;206;73.3;5.4;5;4.5
1505437;427;108;151;77;258;60.4;5.1;6.1;4.4
1505486;593;105;299;61;261;44;4.3;5;4.6
1505494;98;23;41;16;14;14.3;4.3;4.7;3.8
1505502;1184;285;467;213;655;55.3;4.8;6.2;4.3
1505536;1974;559;628;357;448;22.7;4.5;5.4;4.4
1505551;106;20;46;6;36;34;3.9;4.6;4.2
1505601;168;40;54;10;113;67.3;4.5;5.7;4.5
1505635;317;65;95;41;246;77.6;5.4;7.4;3.7
1505650;300;103;143;33;184;61.3;4.9;5.8;4.2
1505700;510;189;189;48;291;57.1;4.7;5.4;3.8
1505809;1330;369;801;44;827;62.2;4.3;5;4.2
1505908;753;253;400;57;508;67.5;6.2;7;5.6
1506005;584;181;266;84;280;47.9;4.3;4.5;3.8
1506104;145;55;30;25;66;45.5;4.4;6.4;4.9
1506112;143;54;34;25;58;40.6;4.9;5.9;4.8
1506138;777;253;298;74;195;25.1;4.8;5.4;4.6
1506161;206;60;93;22;77;37.4;4.5;5.2;4.2
1506187;337;107;127;27;31;9.2;4.3;5.3;4.5
1506195;368;138;169;38;192;52.2;4.7;5.5;5
1506203;487;161;150;69;234;48;4.9;5.3;4.2
1506302;440;105;162;66;275;62.5;5;5.3;4.6
1506351;244;79;56;34;137;56.1;4.8;5.9;4.2
1506401;131;40;53;15;94;71.8;4.6;4.4;4
1506500;785;215;250;105;515;65.6;4.7;5.5;4.3
1506559;249;49;130;15;157;63.1;4.8;5.1;4.4
1506583;216;78;99;5;144;66.7;3.9;4.8;3.8
1506609;333;118;64;56;173;52;5.2;5.6;4.6
1506708;422;103;148;24;253;60;5.1;5.2;3.7
1506807;4568;1132;2161;857;2413;52.8;4.9;5.8;4.5
1506906;138;36;64;7;76;55.1;4.7;5.9;4.4
1507003;445;154;152;75;184;41.3;4;5.1;3.8
1507102;254;47;128;26;119;46.9;5.3;6.6;4.2
1507151;281;82;131;25;45;16;4.1;4.7;4.5
1507201;560;136;320;39;234;41.8;4.1;4.2;3.8
1507300;758;242;337;42;315;41.6;3.9;4.7;3.9
1507409;207;65;82;20;102;49.3;4.1;5.2;4
1507458;311;92;112;47;105;33.8;4.8;5.5;4.3
1507466;123;40;75;7;79;64.2;4.6;5.6;4.3
1507474;303;124;138;17;86;28.4;4.1;5.2;3.8
1507508;193;52;79;34;55;28.5;4.4;5;3.9
1507607;1074;219;461;92;560;52.1;4.5;5.1;4.2
1507706;452;122;203;16;281;62.2;4.7;5.2;4.5
1507755;121;28;26;16;99;81.8;4.6;5.6;4.4
1507805;366;141;159;28;263;71.9;5.1;5.7;4.5
1507904;335;111;114;51;209;62.4;4.6;5.3;4.3
1507953;928;236;329;94;488;52.6;4.3;5.2;4.1
1507961;211;47;101;24;144;68.2;4.4;4.6;4.5
1507979;284;92;114;11;86;30.3;4.9;5.9;4.2
1508001;1085;252;479;84;771;71.1;4.9;6.2;4.1
1508035;412;94;230;28;281;68.2;4.4;6.3;4
1508050;212;65;84;28;128;60.4;4;4.9;4.7
1508084;483;126;139;33;325;67.3;4.6;5.3;4.6
1508100;1232;344;291;245;683;55.4;4.6;5.4;4.4
1508126;329;82;87;28;243;73.9;5.7;6.5;4.3
1508159;454;192;213;46;354;78;4.9;5.4;4.3
1508209;686;207;183;123;362;52.8;4.8;6.6;4.4
1508308;1249;296;550;137;753;60.3;4.4;5.1;3.7
1508357;356;102;172;37;285;80.1;5.6;5.6;4.2
1508407;633;201;196;72;305;48.2;5.5;6.3;4.5
1600055;102;27;42;38;53;52;4.3;5.3;3.9
1600105;169;45;72;25;112;66.3;4;4.1;3.5
1600154;312;130;65;49;202;64.7;3.5;5.1;3.8
1600204;220;77;65;36;141;64.1;4;4.5;3.5
1600212;135;39;45;26;71;52.6;4.1;4.3;3.3
1600238;170;45;86;16;34;20;4.3;4.8;3.3
1600253;211;66;79;42;140;66.4;3.6;4.4;3.1
1600279;782;176;319;144;439;56.1;4.5;5.6;3.8
1600303;5443;1590;1806;1403;1465;26.9;4.5;5.6;3.7
1600402;619;166;211;96;453;73.2;4.3;5.2;3.6
1600501;719;252;238;155;395;54.9;4.2;4.2;3.5
1600535;440;105;159;135;139;31.6;4.4;5;4
1600550;100;40;30;18;40;40;4.3;4.3;3.3
1600600;1617;461;495;438;603;37.3;4.6;5.7;4
1600709;331;87;136;66;167;50.5;4.2;4.9;3.3
1600808;250;64;108;32;129;51.6;4.1;4.9;3.6
1700251;48;11;22;15;28;58.3;4.5;6.2;3.9
1700301;78;25;33;22;34;43.6;4.8;4.9;3.9
1700350;76;23;31;26;53;69.7;5.1;6.2;4.2
1700400;124;34;49;56;68;54.8;4.4;5.3;4
1700707;106;23;39;25;71;67;5.3;5.9;3.9
1701002;137;35;43;29;86;62.8;4.8;5.9;3.8
1701051;57;17;25;21;27;47.4;4.8;5.9;4.4
1701101;61;20;22;18;36;59;4.4;5.8;3.8
1701309;78;22;41;39;41;52.6;4.7;5.7;4.2
1701903;96;36;42;30;62;64.6;4.4;5.5;3.9
1702000;100;24;31;30;43;43;5.1;6.4;4.2
1702109;1737;469;561;423;893;51.4;4.9;6;4.4
1702158;65;14;34;25;34;52.3;4.6;5.3;4.4
1702208;448;104;160;184;169;37.7;4.8;5.7;4.3
1702307;66;16;22;16;27;40.9;5;4.9;3.9
1702406;174;24;107;60;91;52.3;5;5.4;4.3
1702554;286;79;110;71;150;52.4;4.8;6;4.8
1702703;43;10;19;10;22;51.2;4.4;5.2;3.9
1702901;189;36;69;25;43;22.8;4.3;5;3.4
1703008;103;30;53;35;32;31.1;4.5;4.6;3.6
1703057;74;17;28;15;42;56.8;4.2;;4.1
1703073;87;32;28;33;60;69;4.4;5.3;3.9
1703107;94;22;26;28;43;45.7;4.9;5.4;4.1
1703206;84;18;48;19;44;52.4;4;5.6;3.9
1703305;53;15;19;19;26;49.1;3.8;5.2;3.9
1703602;31;9;12;11;14;45.2;5.1;5.1;4.4
1703701;74;24;25;14;42;56.8;4.7;5.4;4.1
1703800;152;33;60;48;74;48.7;4.8;5.5;3.8
1703826;32;9;17;11;9;28.1;4.2;5.3;4.2
1703842;154;42;63;32;95;61.7;3.8;5.1;3.5
1703867;71;23;28;13;29;40.8;5.2;5.9;4.4
1703883;44;12;19;11;33;75;4.2;4.6;4.1
1703891;63;19;26;23;37;58.7;4.2;5;3.8
1703909;74;24;31;29;51;68.9;4.3;5.1;3.5
1704105;22;6;14;8;8;36.4;3.7;5.3;4.5
1704600;20;7;9;0;14;70;3.5;5.4;
1705102;34;12;13;13;21;61.8;4.1;5.1;3.6
1705508;442;108;127;153;244;55.2;5.1;6.4;4.4
1705557;83;18;31;28;36;43.4;5.5;5.6;4.5
1705607;64;20;25;19;49;76.6;3.6;5.4;3.3
1706001;101;34;27;17;72;71.3;4.7;5.5;4.6
1706100;66;19;30;29;30;45.5;4.9;5.6;4.5
1706258;28;7;13;9;18;64.3;4.9;5.5;4.3
1706506;80;25;31;26;39;48.8;4.3;4.9;4.1
1707009;271;67;106;104;130;48;4.4;5.3;4.2
1707108;101;28;31;25;74;73.3;4.7;5.7;4.2
1707207;88;20;43;21;75;85.2;5.1;5.6;4.1
1707306;47;15;16;18;40;85.1;4.1;5.4;3.9
1707405;162;35;88;54;68;42;3.9;4.6;4.1
1707553;56;17;18;19;43;76.8;4.7;6;4.3
1707652;61;19;15;9;43;70.5;5.1;5.9;4.4
1707702;100;27;33;23;44;44;4.1;4.7;3.5
1708205;256;68;117;100;191;74.6;4.6;5.3;4.1
1708254;60;20;25;17;22;36.7;4.5;5.5;3.7
1708304;74;25;17;17;46;62.2;4.2;4.9;3.6
1709005;292;62;196;119;200;68.5;3.4;4.3;3.2
1709302;231;73;82;53;124;53.7;4.9;5.9;4.3
1709500;957;267;286;243;404;42.2;5.4;6.3;4.3
1709807;36;11;10;6;21;58.3;3.4;4.5;3.4
1710508;168;26;104;73;116;69;4.4;5.5;4.4
1710706;81;21;41;20;23;28.4;4.1;5;3.9
1710904;41;12;22;21;24;58.5;4.8;6.5;4.3
1711100;32;12;11;8;12;37.5;5.3;6.5;4.7
1711506;47;10;16;9;18;38.3;4;6;4.5
1711803;50;20;22;11;37;74;4.5;4.9;3.9
1711902;229;58;114;96;160;69.9;3.8;5.4;3.4
1711951;69;24;24;15;31;44.9;4.3;4.8;3.9
1712009;66;21;16;15;40;60.6;4;5.3;4.2
1712157;34;7;16;13;19;55.9;4.3;5.7;5.3
1712405;45;10;24;20;27;60;4.1;3.3;3.6
1712454;47;11;17;16;29;61.7;5;5.5;4
1712504;68;19;25;18;42;61.8;3.9;5.8;3.9
1712702;45;11;24;14;31;68.9;3.9;4.4;3.8
1712801;55;12;24;11;32;58.2;3.8;5.1;4
1713205;223;62;82;78;104;46.6;4.6;4.8;4.1
1713304;142;40;38;23;117;82.4;4.2;5.4;4
1713601;104;22;55;24;66;63.5;4.3;4.2;3.6
1713700;35;18;15;0;26;74.3;4.4;4.8;
1713809;80;21;28;23;59;73.8;4.8;5.4;4.5
1713957;65;18;30;17;47;72.3;4.1;4.7;4
1714203;137;35;54;55;83;60.6;4.4;6;3.9
1714302;84;21;39;28;38;45.2;4.7;5.4;4.5
1714880;150;45;47;31;69;46;4.2;5.2;3.8
1715002;49;11;25;22;21;42.9;4.2;5.3;4.1
1715101;55;15;24;17;31;56.4;4;6;5.2
1715150;23;7;12;13;13;56.5;5.2;5.1;4.2
1715259;39;15;13;13;28;71.8;4;5.5;
1715507;21;5;5;8;17;81;4.9;6.3;4.1
1715705;83;21;27;26;52;62.7;4.6;4.9;3.8
1715754;104;25;33;35;51;49;5.3;6.9;4.7
1716109;561;131;168;224;318;56.7;4.9;6.6;4.2
1716208;183;51;81;36;111;60.7;4.3;5;3.9
1716307;62;14;26;22;29;46.8;4.8;5.8;4
1716505;193;46;69;76;129;66.8;4.6;6.4;3.8
1716604;96;26;39;24;27;28.1;4.8;5.5;4.4
1716653;80;28;32;11;44;55;5.1;5.5;3.8
1716703;92;26;51;40;37;40.2;4.5;5.6;4.3
1717008;70;19;34;37;41;58.6;4.4;5.1;4.2
1717206;36;14;15;11;11;30.6;4.4;4.9;4.3
1717503;109;24;31;23;71;65.1;3.6;5;4
1717800;85;26;44;31;66;77.6;4.4;5.6;3.8
1717909;101;28;31;27;34;33.7;4.4;5.2;4.2
1718006;43;13;15;14;24;55.8;4.1;5;3.5
1718204;845;231;269;292;395;46.7;4.3;5.4;4.1
1718303;194;26;67;22;102;52.6;4.4;4.5;3.9
1718402;34;9;16;14;18;52.9;4.3;6.3;4.3
1718451;47;13;20;14;25;53.2;4.3;6;4
1718501;65;14;27;14;39;60;3.9;4.5;3.9
1718550;61;14;15;13;41;67.2;4.5;5.4;4.6
1718659;38;13;15;12;26;68.4;5;4.6;
1718709;44;16;15;13;30;68.2;4.1;5.5;4.3
1718758;90;27;37;28;65;72.2;4.3;5;3.9
1718808;61;17;21;24;32;52.5;4.8;5.1;4.1
1718840;75;28;34;34;52;69.3;3.7;5.8;3.7
1718865;118;23;52;40;65;55.1;4;4.7;3.5
1718881;43;12;15;13;32;74.4;3.6;5.9;3.4
1718899;43;12;18;18;22;51.2;4.5;;4.4
1718907;81;26;29;13;62;76.5;4.7;4.8;4.1
1719004;50;19;25;13;30;60;4.4;5.2;4.1
1720002;52;17;17;14;38;73.1;5.3;5.6;3.6
1720101;143;43;56;29;111;77.6;4.5;5.9;3.7
1720150;31;9;13;16;21;67.7;3.9;5.3;3.7
1720200;205;55;87;41;127;62;4;4.5;4.3
1720259;67;18;40;39;34;50.7;4.4;6.6;5.1
1720309;63;10;23;11;22;34.9;4.8;5.2;4.1
1720499;83;28;33;16;54;65.1;4.7;5.5;4.3
1720655;87;18;43;27;49;56.3;3.7;5.3;3.5
1720804;217;46;88;50;124;57.1;4.8;5.6;4.3
1720853;25;11;8;8;14;56;4.6;6;4.3
1720903;183;46;97;56;78;42.6;4.9;6.2;4.3
1720937;36;11;16;16;25;69.4;4.3;5.4;3.8
1720978;47;10;18;11;10;21.3;4.2;5.8;4
1721000;2868;834;749;756;909;31.7;5.1;6.2;4.4
1721109;281;108;84;45;246;87.5;3.9;4.4;3.2
1721208;350;92;131;115;209;59.7;4.7;5.7;4.6
1721257;29;7;13;11;20;69;5.3;6.5;4
1721307;31;12;9;10;21;67.7;4.4;5.4;4.2
1722081;115;33;48;18;59;51.3;4.6;5.6;4.4
1722107;140;42;46;21;66;47.1;5.1;5.6;4.1
2100055;1305;345;376;291;670;51.3;4.8;5.7;4
2100105;249;42;98;30;193;77.5;3.8;5.1;3.1
2100154;305;76;105;34;156;51.1;4.7;5.9;3.9
2100204;415;132;134;76;250;60.2;4.3;5.4;3.4
2100303;497;103;174;58;252;50.7;4.2;5.2;3.2
2100402;176;43;63;16;88;50;4.5;5.3;3.3
2100436;353;87;134;49;291;82.4;4;4.7;3.6
2100477;684;171;261;121;475;69.4;5.2;6.6;3.9
2100501;165;57;58;18;55;33.3;5.1;6.5;3.8
2100550;279;101;58;20;221;79.2;4.2;4.9;3.7
2100600;857;209;412;125;598;69.8;3.9;4.6;3.2
2100709;365;68;137;62;288;78.9;5;5.6;3.9
2100808;411;138;115;55;203;49.4;4.1;5.1;3.3
2100832;361;81;118;39;179;49.6;4.6;4.3;3.6
2100873;287;75;81;17;246;85.7;4.1;5.8;3.3
2100907;884;237;285;92;284;32.1;4.1;5.4;3.5
2100956;615;97;318;64;362;58.9;4;5.8;3.5
2101004;681;180;282;66;326;47.9;5.2;6.2;4
2101103;281;69;111;52;152;54.1;5.4;7.1;3.8
2101202;1408;258;490;270;906;64.3;5;6;3.8
2101251;392;85;134;65;283;72.2;4.8;6.1;4
2101301;364;87;110;45;196;53.8;4.9;5.2;3.6
2101350;96;8;49;13;53;55.2;4.8;6.5;3.5
2101400;1288;523;464;192;491;38.1;4.7;5.5;4.2
2101509;299;65;108;55;136;45.5;5.1;5.7;3.7
2101608;1931;620;640;277;940;48.7;4.5;5.1;3.9
2101707;1195;301;421;209;891;74.6;4.6;6.1;3.8
2101731;257;34;97;25;176;68.5;4;4.6;3.4
2101772;348;103;97;20;219;62.9;4.8;5.2;3.5
2101806;108;50;35;17;40;37;5.1;5.1;4.5
2101905;300;59;144;53;200;66.7;3.8;5;3.2
2101939;92;28;36;20;53;57.6;4.6;5.9;4.3
2101970;232;76;59;24;122;52.6;4.1;5.3;3.2
2102002;859;199;347;123;513;59.7;4.2;5.6;4
2102036;512;119;193;62;369;72.1;4.5;5.5;3.4
2102077;248;54;103;22;116;46.8;5;5.6;3.8
2102101;685;106;231;119;468;68.3;4.2;5;3.5
2102150;275;77;106;36;202;73.5;4.6;5.6;3
2102200;554;147;201;82;307;55.4;4.6;5.2;3.5
2102309;525;129;184;60;343;65.3;4.5;5.2;3.3
2102325;1260;385;447;180;944;74.9;4.2;4.7;3.5
2102358;216;88;85;20;78;36.1;4.2;5.2;3.7
2102374;242;48;90;35;129;53.3;4.6;5.7;
2102408;187;27;85;27;97;51.9;3.6;4.1;3.2
2102507;450;81;257;40;312;69.3;3.9;4.9;4.6
2102556;212;62;74;23;94;44.3;4.9;6.2;3.9
2102606;500;106;160;56;402;80.4;4.7;5.3;3.5
2102705;472;158;113;50;307;65;4.8;6;3
2102754;217;46;84;26;114;52.5;4.8;4.9;4.1
2102804;361;90;143;47;259;71.7;4.2;5;4.1
2102903;507;136;163;85;294;58;5;5.6;4
2103000;2512;574;965;530;1582;63;4.6;5.5;3.9
2103109;163;31;70;21;89;54.6;4.7;5.8;3.6
2103125;198;39;62;23;183;92.4;4.2;4.8;3.7
2103158;415;70;126;41;395;95.2;4.3;6;3.7
2103174;447;105;128;63;215;48.1;4;4.8;3.4
2103208;1183;383;409;187;656;55.5;4.5;5.7;3.8
2103257;258;65;117;27;120;46.5;4.6;5.1;3.7
2103307;2013;605;618;282;1198;59.5;4.1;5.1;3.9
2103406;821;171;264;182;536;65.3;4;6.1;3.8
2103505;673;153;241;111;389;57.8;4.5;5.2;3.8
2103554;354;90;158;28;186;52.5;4.2;5.2;3.6
2103604;966;229;294;191;545;56.4;4.3;4.8;3.7
2103703;441;70;178;91;214;48.5;4.3;4.7;3.9
2103752;281;81;116;21;131;46.6;4.1;4.6;3.8
2103802;358;126;112;62;133;37.2;5;5.8;4.9
2103901;314;90;97;30;267;85;5.9;8.1;3.2
2104008;409;134;176;61;210;51.3;4.7;5.5;4.5
2104057;485;173;178;47;188;38.8;4.4;5.3;4.1
2104073;118;33;44;14;36;30.5;4.3;5.6;3.9
2104081;278;76;102;37;197;70.9;4.3;5.5;3.9
2104099;375;104;166;61;227;60.5;4.6;5.8;3.9
2104107;211;55;85;35;65;30.8;4.9;6.4;4.2
2104206;339;113;131;38;165;48.7;4.9;5.4;4.2
2104305;227;62;56;39;163;71.8;4.5;5.6;3.7
2104404;302;110;122;33;154;51;5.1;5;3.6
2104503;165;46;52;20;114;69.1;4.9;5.4;3.9
2104552;240;94;62;31;140;58.3;4.2;4.8;3.3
2104602;254;97;114;24;132;52;3.5;4.7;3.7
2104628;204;59;78;13;39;19.1;4.6;4.8;3.9
2104651;253;56;114;14;179;70.8;3.8;4.8;3.4
2104677;486;103;150;75;182;37.4;4.3;5.3;3.5
2104701;131;36;47;13;80;61.1;4.4;4.7;3.7
2104800;1553;534;476;218;852;54.9;4.1;4.8;3.4
2104909;188;48;56;31;77;41;4.8;5.6;3.8
2105005;545;115;236;69;366;67.2;4.7;5.3;3.7
2105104;594;177;239;62;292;49.2;4.6;5.4;3.2
2105153;505;98;153;37;446;88.3;4.5;5.3;2.9
2105203;179;45;76;18;137;76.5;4.9;6.3;3.3
2105302;2464;589;774;536;460;18.7;4.7;5.7;4.2
2105351;385;92;162;36;271;70.4;4.5;5.2;3.4
2105401;1144;220;366;266;836;73.1;4.8;5.9;3.5
2105427;320;87;122;43;115;35.9;4.5;5.2;3.5
2105450;221;69;85;16;112;50.7;5;5.5;
2105476;642;127;285;77;496;77.3;3.4;4;2.8
2105500;489;115;184;52;299;61.1;4.4;5.4;3.8
2105609;262;80;113;26;151;57.6;4.8;5.5;3.7
2105658;161;41;58;18;107;66.5;4.6;5.6;4.2
2105708;836;242;300;89;426;51;4.3;5.2;3.8
2105807;274;31;104;50;169;61.7;4.2;5.5;4
2105906;341;67;156;40;142;41.6;4.4;4.8;3.6
2105922;202;55;78;22;87;43.1;4.7;5.7;4
2105948;194;44;75;25;106;54.6;4.6;5.5;4
2105963;258;70;101;40;149;57.8;4.4;4.8;3.8
2105989;163;30;64;17;106;65;4.9;4.9;3.9
2106003;217;37;80;25;122;56.2;5.2;7;3.4
2106102;267;92;103;35;133;49.8;4.8;5.1;3.9
2106201;157;53;52;17;52;33.1;4.4;5.6;3.6
2106300;316;79;79;73;61;19.3;4.5;5.6;3.3
2106326;385;108;150;40;256;66.5;4.3;4.8;3.7
2106359;178;76;74;13;96;53.9;5.1;4.9;3.6
2106375;372;90;122;24;334;89.8;4.7;5.8;3.2
2106409;446;135;130;43;293;65.7;4.1;4.7;3.3
2106508;452;102;189;56;214;47.3;4.3;4.7;3.6
2106607;720;188;313;99;237;32.9;4.7;5.3;3.5
2106631;304;69;93;42;189;62.2;4.6;5.5;3.6
2106672;169;34;38;15;107;63.3;4;4.5;2.8
2106706;347;75;149;40;215;62;3.6;4.7;3.6
2106755;326;95;107;50;255;78.2;4.4;5.4;3.9
2106805;293;79;113;37;105;35.8;4.3;5.1;3.8
2106904;621;151;224;58;283;45.6;3.7;4.6;3.7
2107001;157;59;54;30;102;65;4;4.6;3.8
2107100;372;102;147;43;187;50.3;4.5;5.4;3.4
2107209;344;46;116;65;238;69.2;4.4;5.4;3.6
2107258;97;22;39;10;25;25.8;4.6;5.7;4.1
2107308;81;25;28;19;38;46.9;;;3.6
2107357;317;73;129;27;181;57.1;4.1;5.2;3.6
2107407;404;98;147;49;209;51.7;4.8;5.7;3.2
2107456;286;68;94;40;180;62.9;3.8;4.5;3.5
2107506;1572;564;550;238;513;32.6;4.5;6.3;3.8
2107605;416;80;179;41;239;57.5;3.9;4.7;3.2
2107704;324;105;87;44;82;25.3;4.5;5.4;3.6
2107803;694;161;251;95;390;56.2;5.9;6.8;3.8
2107902;371;141;104;43;219;59;4.3;5.1;3.8
2108009;496;86;136;62;274;55.2;5;6;4
2108058;489;128;192;53;302;61.8;5.1;6.3;3.5
2108108;493;141;175;42;308;62.5;4.2;5.2;
2108207;457;84;153;120;189;41.4;5.1;6;4.2
2108256;658;125;268;61;396;60.2;4.1;4.8;3
2108306;585;138;240;78;370;63.2;4.3;5.3;3.8
2108405;210;55;85;22;80;38.1;4.4;5.3;3.4
2108454;470;81;168;63;335;71.3;4.3;6;3
2108504;796;203;221;113;320;40.2;4.2;4.9;3.6
2108603;1367;389;487;223;701;51.3;4.6;5.4;3.7
2108702;658;161;208;53;421;64;4.3;4.9;3.5
2108801;245;49;86;37;104;42.4;4.1;4.9;3.5
2108900;348;75;131;58;133;38.2;5.4;6.2;4.1
2109007;513;126;171;49;291;56.7;5.4;6.6;3.7
2109056;141;29;63;12;83;58.9;4.3;4.6;3.6
2109106;561;168;181;117;184;32.8;5;5.2;4.2
2109205;257;42;109;23;127;49.4;4.9;5.6;4.1
2109239;249;43;104;13;143;57.4;4.2;5.7;3.4
2109270;498;128;189;59;330;66.3;4;5.3;3.1
2109304;309;82;105;44;237;76.7;4;4.7;3.7
2109403;385;69;154;15;308;80;4.1;5;3.6
2109452;475;153;149;54;276;58.1;4.7;5.7;3.7
2109502;310;111;111;46;133;42.9;4;4.8;3.2
2109551;101;22;47;18;68;67.3;3.8;4.6;3.8
2109601;828;195;239;119;382;46.1;4.6;5.8;4
2109700;98;35;37;12;54;55.1;4.6;6.8;3.6
2109759;143;35;58;13;73;51;3.8;4.7;2.9
2109809;796;143;331;101;479;60.2;4.3;5.2;3.9
2109908;1493;398;465;244;384;25.7;4.5;5.3;4
2110005;1007;269;491;172;511;50.7;4.9;5.8;3.8
2110039;413;100;151;74;168;40.7;4.5;5.2;3.8
2110104;819;133;312;66;456;55.7;4.1;5.6;3.6
2110203;781;165;271;149;607;77.7;4.3;5.5;3.3
2110237;188;47;65;25;95;50.5;4.7;6.2;4.1
2110278;384;120;182;26;171;44.5;4;5.3;3.4
2110302;531;121;204;40;412;77.6;4.8;6;3.7
2110401;507;148;176;46;352;69.4;3.6;4.4;3.4
2110500;639;134;243;78;440;68.9;4.4;5.2;3.5
2110609;593;108;130;77;220;37.1;5;6;3.8
2110658;176;55;54;21;106;60.2;5.1;4.6;4.1
2110708;811;207;293;79;450;55.5;4.2;5.1;3.9
2110807;90;44;32;10;49;54.4;4.3;4.9;3.5
2110856;163;54;43;27;94;57.7;4.3;5.1;3.5
2110906;257;87;82;20;160;62.3;5.3;6.4;3.2
2111003;386;82;176;31;126;32.6;3.5;4.9;3.2
2111029;241;54;86;41;165;68.5;4.5;5.6;3.5
2111052;254;69;93;37;76;29.9;4.6;5.2;3.6
2111078;436;83;193;59;321;73.6;4.2;5.3;3.2
2111102;395;97;123;88;50;12.7;5.1;5.7;4.5
2111201;2210;914;693;308;1302;58.9;5;5.8;4
2111250;128;35;43;14;72;56.2;4.3;4.8;3.7
2111300;8749;1996;2567;2840;2576;29.4;4.6;6;4.2
2111409;362;75;179;34;181;50;4;5.1;3.6
2111508;563;129;161;118;348;61.8;4.4;5.4;3.8
2111532;187;57;46;25;115;61.5;4.2;5.2;3.5
2111573;137;43;34;17;102;74.5;4.5;5.3;3.5
2111607;327;101;107;68;176;53.8;4.7;6;3.8
2111631;197;48;65;25;115;58.4;3.9;4.6;3.3
2111672;168;52;52;14;79;47;3.6;5.2;4.2
2111706;410;67;172;83;266;64.9;4.4;4.9;3.8
2111722;262;44;99;23;231;88.2;4.1;5.4;3.6
2111748;202;45;89;16;138;68.3;4.3;5;3.3
2111763;263;69;87;39;51;19.4;3.6;4.6;3.7
2111789;288;51;89;27;143;49.7;4.1;4.8;3
2111805;393;122;169;40;210;53.4;4.1;5.3;3.7
2111904;162;37;60;23;92;56.8;4.5;5.4;3.3
2111953;129;39;53;17;34;26.4;4.2;5.8;3.8
2112001;206;67;78;33;78;37.9;5.1;5.6;4.6
2112100;458;147;160;48;240;52.4;4;5.1;3.8
2112209;2754;786;776;512;1459;53;5.6;6.7;4
2112233;346;114;143;32;223;64.5;5.2;6.2;3.6
2112274;163;36;71;16;90;55.2;3.9;4.9;3.3
2112308;608;148;210;73;354;58.2;4.7;5.3;3.5
2112407;867;123;372;216;491;56.6;4.7;4.4;3.4
2112456;604;143;198;53;408;67.5;4.6;4.9;3
2112506;908;227;328;135;347;38.2;5.4;6.3;3.4
2112605;721;122;322;102;467;64.8;4;5.3;3.1
2112704;1094;149;260;254;610;55.8;5.4;7.1;3.6
2112803;843;201;309;140;590;70;4.7;5.3;3.8
2112852;156;51;43;22;95;60.9;4.1;5.2;4.3
2112902;484;86;208;91;306;63.2;4.3;5.4;3.6
2113009;613;162;180;75;217;35.4;4.3;5.4;3.4
2114007;928;233;237;158;400;43.1;4.7;6.4;3.7
2200053;91;38;28;20;53;58.2;5.3;6.5;4.7
2200103;111;31;23;29;90;81.1;5;5.4;4.9
2200202;314;88;57;53;96;30.6;5.7;7.3;4.6
2200251;86;37;48;23;25;29.1;6.9;8.1;6.9
2200277;91;28;25;17;30;33;5.6;6.8;4.8
2200301;267;70;118;44;149;55.8;5.7;5.7;5.4
2200400;796;193;258;238;540;67.8;5.7;8.1;4.9
2200459;136;39;45;21;58;42.6;3.8;4.9;5.8
2200509;412;76;122;95;264;64.1;4.7;5.9;4.3
2200608;188;34;50;81;71;37.8;5.5;7.5;5.1
2200707;199;60;65;40;133;66.8;5.4;5.8;5.2
2200806;68;19;13;15;38;55.9;5.6;5.6;3.8
2200905;112;23;34;25;81;72.3;4.7;6.8;4.4
2200954;91;17;20;13;77;84.6;5.4;6.8;4.1
2201002;136;25;29;11;89;65.4;4.5;4.9;4.7
2201051;195;59;57;29;115;59;4.3;5.6;4.2
2201101;147;27;67;28;29;19.7;5.4;6.1;4.4
2201150;312;105;83;57;201;64.4;5.8;6.8;4.1
2201176;70;13;12;15;25;35.7;;6;4.9
2201200;1242;370;399;194;713;57.4;4.9;6;4.5
2201309;76;22;19;11;51;67.1;4;4.4;4.4
2201408;104;28;27;18;40;38.5;4;5;4.3
2201507;523;117;167;161;236;45.1;5.2;5.3;4.7
2201556;50;10;13;14;21;42;5.8;7.1;5.2
2201572;129;14;19;21;76;58.9;5.4;6.8;5.1
2201606;314;81;75;64;165;52.5;4.9;6.1;4.6
2201705;127;41;34;42;67;52.8;5.2;5.4;5.8
2201739;165;45;53;29;90;54.5;5.5;6;4.8
2201770;236;63;76;44;124;52.5;4.5;5.2;4.9
2201804;104;19;31;19;41;39.4;4.5;5.4;5
2201903;497;122;202;123;293;59;5.9;8.1;4.7
2201919;140;28;55;20;71;50.7;4.1;4.7;4.4
2201929;79;34;23;16;31;39.2;5;5.5;5.7
2201945;148;46;45;26;90;60.8;5.5;5.8;4.6
2201960;180;55;60;40;113;62.8;5.1;5.8;5.1
2201988;71;20;14;14;17;23.9;5.3;5.5;4.9
2202000;517;126;119;104;321;62.1;5;5.9;5.3
2202026;242;71;58;21;162;66.9;6.6;7.4;4.9
2202059;230;43;73;41;152;66.1;5.1;6.2;5
2202075;100;16;36;25;88;88;5.4;5.4;4.3
2202083;158;83;54;24;68;43;6.2;7.2;5.2
2202091;79;11;27;15;25;31.6;6.6;6.7;4.6
2202109;189;49;40;16;106;56.1;4.7;4.6;4.7
2202117;100;39;44;15;41;41;4.2;4.3;4.5
2202133;132;47;39;14;74;56.1;4.5;6.7;4.3
2202174;217;67;57;28;135;62.2;4.3;5;4.3
2202208;851;212;206;216;324;38.1;5.8;6.5;4.8
2202251;102;25;31;18;29;28.4;4.6;5;5
2202307;327;106;86;68;81;24.8;4.8;5.2;4.6
2202406;247;56;57;53;131;53;4.7;6;4.3
2202455;66;14;22;16;29;43.9;4.6;5.7;5
2202505;168;76;48;23;64;38.1;4.3;4.8;5
2202539;99;34;41;18;44;44.4;4.2;5.7;4.6
2202554;180;43;38;18;144;80;5.4;6.7;4.9
2202604;349;80;65;66;238;68.2;5.8;6.7;5.3
2202653;125;37;43;22;63;50.4;5.9;5.5;4.9
2202703;569;134;180;119;265;46.6;5.1;6.5;5.1
2202711;113;30;19;22;66;58.4;5.3;5.2;4.7
2202729;105;38;32;20;58;55.2;7;7.8;7.2
2202737;102;34;27;23;61;59.8;4.8;5.6;4.3
2202752;148;32;32;47;89;60.1;5.3;4.6;4.9
2202778;150;37;35;19;82;54.7;5.3;6.5;5.1
2202802;90;21;22;15;49;54.4;6.2;6;4.9
2202851;122;47;26;20;70;57.4;4.9;6.1;4.8
2202901;593;164;193;167;162;27.3;4.3;4.4;4.6
2203008;129;36;34;15;82;63.6;4.1;5;3.8
2203107;284;42;96;61;200;70.4;6.5;7.3;4.8
2203206;226;53;116;49;52;23;5.3;6.2;4.6
2203230;154;54;55;14;104;67.5;4.1;5.1;4.1
2203255;83;16;32;17;61;73.5;4.5;6.3;3.5
2203271;160;58;48;29;111;69.4;5.7;6.4;5.2
2203305;293;83;110;60;172;58.7;7;8.1;4.5
2203354;178;78;65;19;85;47.8;4.8;5.1;5
2203404;119;27;35;22;51;42.9;5.6;5.9;4.6
2203420;86;18;42;22;58;67.4;7;9;4.9
2203453;196;59;60;37;80;40.8;4.4;6;4.8
2203503;223;43;89;50;155;69.5;5;6.8;4.7
2203602;76;17;15;21;47;61.8;4;5.5;4.5
2203701;634;152;204;161;323;50.9;5.2;6.7;4.9
2203750;120;36;34;12;71;59.2;4.7;5;4.7
2203800;108;40;33;16;23;21.3;5.2;5.1;
2203859;51;9;12;13;14;27.5;5.2;5.7;5.9
2203909;929;205;216;286;275;29.6;5.6;6.1;5
2204006;93;17;31;19;68;73.1;4.8;6.7;5.3
2204105;75;33;27;15;39;52;4.9;5.4;5.3
2204154;53;10;14;11;23;43.4;5.1;7.5;5
2204204;164;40;36;36;42;25.6;5.4;6;5.1
2204303;219;51;48;45;175;79.9;6.6;8.8;6.2
2204352;89;23;18;15;48;53.9;5.4;5.4;5
2204402;250;48;121;38;110;44;4.1;5.1;4.2
2204501;228;85;85;50;140;61.4;4.9;5.7;4.4
2204550;99;22;28;16;50;50.5;3.7;5.7;6.2
2204600;76;29;35;16;41;53.9;5;6;4.8
2204659;160;50;62;52;37;23.1;4.6;5.2;5.1
2204709;272;65;83;93;172;63.2;6;6.4;4.6
2204808;188;69;76;40;119;63.3;5.4;6.5;4.8
2204907;154;61;37;24;81;52.6;4.8;5.3;4.3
2205003;225;60;48;44;156;69.3;6.1;7.1;5.3
2205102;198;67;75;34;79;39.9;4;4.7;4.8
2205151;185;40;35;16;110;59.5;5.2;6.1;5.1
2205201;352;53;111;87;225;63.9;5.1;5.6;4.8
2205250;96;31;47;22;56;58.3;4.8;4.9;4.3
2205276;139;43;33;33;81;58.3;4.8;5.4;4.3
2205300;103;30;31;12;42;40.8;4.8;5.2;4.9
2205359;49;19;13;14;18;36.7;4.8;4.9;4.2
2205409;234;52;91;53;102;43.6;5.1;6.7;6.2
2205458;204;49;69;19;137;67.2;4.1;5.3;4.6
2205508;587;192;228;142;198;33.7;4.8;5.5;4.4
2205516;123;36;37;24;87;70.7;5.3;6.1;5.2
2205524;115;25;48;25;56;48.7;4;6.9;4.2
2205532;89;26;34;16;43;48.3;4.3;4.8;4.5
2205540;80;27;16;13;59;73.8;4.9;6.2;4.3
2205557;147;46;30;36;74;50.3;4.5;6.4;4.8
2205565;73;32;18;22;27;37;5.8;6.3;5.1
2205573;162;44;55;24;79;48.8;5;6.3;4.9
2205581;63;23;17;11;37;58.7;5.3;5.8;4.8
2205599;86;18;22;18;45;52.3;4.7;5;5.9
2205607;143;25;46;20;107;74.8;6.3;5.9;
2205706;519;150;170;111;252;48.6;5;5.4;5.2
2205805;739;143;237;119;418;56.6;4.8;5.5;4.7
2205854;184;68;59;30;141;76.6;4.1;5.1;4.1
2205904;122;33;42;19;48;39.3;4.6;5.5;4.7
2205953;147;41;36;28;86;58.5;4.6;5.6;5.1
2206001;85;21;26;18;32;37.6;6.2;5.9;
2206050;122;33;41;23;48;39.3;5.1;5.7;4.6
2206100;244;71;77;46;176;72.1;4.6;5.3;4.3
2206209;577;185;159;100;329;57;3.8;4.4;3.9
2206308;41;11;10;11;15;36.6;4;5.3;4.3
2206357;129;33;73;17;22;17.1;4.5;5.7;4.5
2206407;164;31;48;52;92;56.1;5.2;6.2;4.9
2206506;164;57;35;31;98;59.8;6.1;6.7;4.9
2206605;243;69;64;44;86;35.4;4.3;4.5;3.6
2206654;85;17;35;12;33;38.8;4.7;5.6;3.9
2206670;178;50;73;23;76;42.7;6.1;6.9;4.9
2206696;137;36;39;23;56;40.9;4.6;5.9;5
2206704;109;31;41;22;12;11;4.9;6;4.5
2206720;133;53;30;24;17;12.8;;5;4.2
2206753;207;14;48;19;178;86;4.6;7.7;4.8
2206803;267;63;51;55;247;92.5;4.7;5.3;4.3
2206902;106;22;44;19;65;61.3;4.6;5.9;4.7
2206951;74;33;26;17;35;47.3;5.6;6.3;4.5
2207009;809;140;189;263;446;55.1;5.3;7;5
2207108;80;15;27;15;58;72.5;4.8;6.5;4.7
2207207;168;48;37;30;107;63.7;5.6;7.3;
2207306;81;23;14;18;52;64.2;4.8;5.8;4.7
2207355;55;16;16;12;20;36.4;6;7.3;5.4
2207405;141;26;55;19;76;53.9;6.1;7.4;5.8
2207504;308;76;100;64;157;51;4;4.6;4.1
2207553;144;32;24;11;120;83.3;5.7;6.3;4.8
2207603;183;59;63;43;57;31.1;3.7;4.6;4.3
2207702;1716;285;564;624;578;33.7;5.1;5.8;5.2
2207751;96;22;24;14;47;49;3.8;4.3;4.3
2207777;139;24;26;34;97;69.8;5.6;6.5;4.9
2207793;82;18;20;16;60;73.2;5.5;;3.8
2207801;423;106;100;125;248;58.6;4.8;6.1;4.7
2207850;109;43;22;13;65;59.6;3.8;4.3;4.6
2207900;641;138;188;194;371;57.9;5;5.7;4.6
2207934;57;30;18;10;34;59.6;4.6;4;5.9
2207959;73;27;21;19;45;61.6;5.5;5.9;4.1
2208007;1077;260;263;303;412;38.3;4.8;5.7;5.1
2208106;237;45;86;53;166;70;4.8;5.2;4.1
2208205;322;103;91;75;197;61.2;5;5.4;4.2
2208304;403;131;127;118;181;44.9;5.2;6.3;5.2
2208403;1204;319;310;305;678;56.3;5.4;5.9;5
2208502;310;73;78;73;172;55.5;4.4;5.3;4.1
2208551;56;20;15;10;36;64.3;5.9;6.1;5.1
2208601;83;27;17;14;62;74.7;4.7;4.8;4.2
2208650;119;39;37;26;81;68.1;5.3;6.7;4.8
2208700;246;54;93;57;148;60.2;4;5.1;4.8
2208809;432;107;118;104;312;72.2;4.6;5.4;5.2
2208858;116;35;27;19;62;53.4;5;5.5;5.8
2208874;99;38;28;18;43;43.4;4.6;4.8;4.2
2208908;169;28;80;24;151;89.3;5.1;7;4.1
2209005;125;32;39;20;70;56;4.9;5.1;6.1
2209104;144;31;33;22;74;51.4;4.7;6.7;4.4
2209153;70;25;16;15;25;35.7;5.3;6.2;5.4
2209203;132;32;49;39;78;59.1;5.5;5.7;4.3
2209302;129;44;49;25;89;69;4.8;5.1;4.8
2209351;95;28;31;12;35;36.8;5.2;5.7;4.2
2209377;90;24;21;21;60;66.7;4.8;6.3;5.9
2209401;138;44;37;22;77;55.8;;5.7;5.7
2209450;79;16;22;17;67;84.8;4.7;5.7;5.5
2209500;93;14;26;26;66;71;5.7;7.2;5.2
2209559;93;32;25;19;60;64.5;5.9;5.1;5.8
2209609;99;26;38;19;86;86.9;6.3;6.5;5.5
2209658;145;71;48;16;34;23.4;5;5.3;4.6
2209708;108;39;39;19;43;39.8;6;6.4;5.4
2209757;76;27;21;16;45;59.2;4.5;5.2;4.6
2209807;100;33;37;21;46;46;4.8;5.2;4.6
2209856;124;22;27;20;68;54.8;5.5;7.7;4.6
2209872;95;33;15;20;43;45.3;3.8;5.4;4.8
2209906;169;44;52;20;87;51.5;5.4;7;5.3
2209955;119;39;38;32;70;58.8;5;6.4;4.3
2209971;202;59;54;44;113;55.9;5.3;6;4.4
2210003;347;83;80;100;235;67.7;4.8;6.1;4.4
2210052;85;27;27;23;33;38.8;5.7;6.8;5
2210102;54;11;14;14;16;29.6;5.3;5.5;4.6
2210201;141;45;55;24;90;63.8;4.5;5.2;4.5
2210300;155;45;48;21;112;72.3;5;6.7;4.6
2210359;108;25;42;27;43;39.8;4.7;5.6;5
2210375;55;22;15;10;28;50.9;5.1;6.8;4.4
2210383;59;23;21;14;33;55.9;4.8;6.4;5.3
2210391;63;15;19;15;24;38.1;5.1;6;5.3
2210409;328;72;77;73;212;64.6;4.5;6;5.4
2210508;281;89;80;56;160;56.9;5.1;5.6;4.5
2210607;681;178;182;182;474;69.6;4.6;5.5;5
2210623;90;37;28;20;36;40;3.9;4.2;4.4
2210631;101;41;41;12;46;45.5;4.7;6.1;4.8
2210656;128;32;49;26;43;33.6;4.9;6;4.5
2210706;310;83;107;69;175;56.5;5.6;7.5;4.7
2210805;268;70;63;61;153;57.1;4.8;6.4;4.5
2210904;121;43;22;17;63;52.1;5.5;5.2;4.6
2210938;108;39;28;19;77;71.3;4.1;5.3;5.4
2210953;62;14;15;10;25;40.3;5.6;5.5;4.4
2210979;69;23;18;15;41;59.4;6.1;5.6;6.3
2211001;8850;1705;2375;3038;3109;35.1;5.7;6.8;5
2211100;844;218;270;279;459;54.4;5.1;5.8;4.6
2211209;470;89;159;155;166;35.3;4.8;5.4;4.4
2211308;421;92;136;116;276;65.6;5;5.7;4.8
2211357;112;36;51;19;69;61.6;4.2;4.9;4.9
2211407;86;22;32;17;27;31.4;4.6;5.7;5.2
2211506;102;26;21;18;79;77.5;5.2;5.3;5.6
2211605;112;20;31;19;77;68.8;6.1;6.9;6
2211704;138;38;27;18;115;83.3;5.3;5.6;5.4
2300101;183;68;48;26;57;31.1;5;6.8;4.5
2300150;258;78;70;33;247;95.7;4.9;6;4.5
2300200;938;284;251;191;555;59.2;6.6;8.7;5
2300309;654;159;173;154;369;56.4;5;6.2;4.6
2300408;216;67;52;37;144;66.7;5;6.9;4.5
2300507;196;45;81;25;140;71.4;6.7;9.8;4.7
2300606;152;44;42;18;59;38.8;6.5;9.8;4.3
2300705;287;79;77;46;198;69;5.9;7;4.7
2300754;866;274;314;116;696;80.4;5.7;6.5;4.6
2300804;130;26;47;16;64;49.2;4.8;6.1;4.2
2300903;186;57;60;31;41;22;5.8;6.6;4.5
2301000;891;249;232;204;541;60.7;4.9;6.1;4.3
2301109;839;275;272;208;456;54.4;5.3;6.9;4.3
2301208;487;133;132;113;351;72.1;4.9;7;4.7
2301257;312;89;81;28;223;71.5;8.5;9.8;7.2
2301307;332;102;123;53;190;57.2;5;6;5
2301406;280;94;98;39;217;77.5;5.3;6.5;4.7
2301505;201;69;75;25;107;53.2;4.7;5.5;4.6
2301604;391;80;123;89;279;71.4;5.8;7.4;4.8
2301703;293;73;92;63;137;46.8;5.5;5.8;4.7
2301802;121;31;37;26;56;46.3;4.9;5.6;4.4
2301851;268;104;133;35;176;65.7;4.9;5.8;4.2
2301901;763;203;217;167;322;42.2;5;5.9;4
2301950;308;104;93;33;113;36.7;5.2;6.5;4.2
2302008;292;85;106;59;131;44.9;5.5;5.9;4.9
2302057;233;57;68;54;45;19.3;6;7.4;4.7
2302107;577;190;126;87;397;68.8;5;5.5;4.6
2302206;618;209;178;132;307;49.7;5.9;6.7;4.9
2302305;441;159;110;89;252;57.1;7.4;8.2;5.5
2302404;795;173;255;146;579;72.8;5.1;6.6;4.4
2302503;629;164;181;117;440;70;6.6;6.3;4.5
2302602;1002;238;312;171;691;69;5.8;7.9;4.9
2302701;416;101;148;82;107;25.7;4.9;5.7;4.4
2302800;896;207;226;221;569;63.5;6.2;7.3;4.9
2302909;268;83;97;33;216;80.6;4.5;5.6;4.1
2303006;317;66;107;63;216;68.1;5.6;7.4;4.9
2303105;368;83;122;51;190;51.6;7.8;9.6;5.4
2303204;524;166;164;82;252;48.1;5.2;6;4.6
2303303;201;56;51;46;136;67.7;5.9;7.3;5.2
2303402;291;75;77;57;166;57;5.8;8.4;4.7
2303501;949;205;264;181;642;67.7;5.4;6.6;4.8
2303600;129;31;51;33;65;50.4;5.1;6.3;4.2
2303659;182;28;50;26;89;48.9;7.7;10;4.9
2303709;3906;1045;1257;769;2142;54.8;4.8;5.7;4.4
2303808;327;62;110;96;49;15;5.6;7.1;4.7
2303907;251;80;77;34;107;42.6;5.2;6.1;4.7
2303931;176;36;51;32;119;67.6;4.8;7.5;4
2303956;366;97;118;63;318;86.9;6.3;7.1;4.5
2304004;503;115;131;99;326;64.8;9.1;10;5
2304103;1257;331;359;253;913;72.6;7;8.4;4.7
2304202;1442;403;354;377;634;44;5.4;6.6;4.6
2304236;470;93;170;50;320;68.1;8.2;9.5;4.4
2304251;513;179;125;62;421;82.1;8.1;10;4.8
2304269;150;38;50;23;82;54.7;9.3;9.9;5
2304277;111;35;35;19;52;46.8;5.1;6.3;4.3
2304285;797;268;176;149;651;81.7;5.7;7.1;4.4
2304301;337;92;115;69;153;45.4;5.8;6.5;4.4
2304350;323;77;97;54;222;68.7;8.4;9.1;4.8
2304400;19768;5196;4739;5771;9521;48.2;5.2;6.1;4.5
2304459;208;74;66;24;161;77.4;6.1;6.8;4.8
2304509;289;77;81;33;142;49.1;5;7.4;4.5
2304608;180;41;67;34;115;63.9;5.5;6.2;5.1
2304657;291;62;76;26;130;44.7;6.2;7.8;4.9
2304707;984;207;345;198;553;56.2;5.7;8.2;4.8
2304806;122;33;43;21;80;65.6;5.9;6;4.4
2304905;127;38;29;25;62;48.8;6.8;8.7;5.7
2304954;387;105;128;53;188;48.6;5.3;6.7;4.5
2305001;782;219;252;119;346;44.2;6.8;8.5;5.1
2305100;140;35;34;20;111;79.3;5.7;6.6;4.4
2305209;257;68;73;46;68;26.5;5.3;6.9;5
2305233;857;221;247;170;396;46.2;5.7;7.5;4.7
2305266;167;57;63;27;69;41.3;4.5;6;4.3
2305308;499;144;117;73;255;51.1;5;6.1;4.3
2305332;191;60;82;24;119;62.3;5.5;6.5;4.5
2305357;224;61;78;42;147;65.6;5.5;6.4;4.6
2305407;874;272;228;131;549;62.8;4.5;6.6;4.6
2305506;995;246;295;292;565;56.8;5;6.1;4.7
2305605;377;69;141;69;119;31.6;8.5;9.8;5.6
2305654;220;53;72;27;143;65;9.2;9.9;4.3
2305704;214;50;50;38;98;45.8;5.3;6.8;4.1
2305803;773;195;238;113;354;45.8;5.7;7.9;5
2305902;598;155;206;114;378;63.2;6.3;8.1;5.6
2306009;213;45;60;54;150;70.4;5.3;6.2;4.8
2306108;466;115;128;82;228;48.9;5.9;6.4;4.8
2306207;135;53;31;22;63;46.7;5.8;7.5;5.1
2306256;674;153;122;162;527;78.2;5.4;6.7;4.4
2306306;772;225;258;135;590;76.4;5.8;6.9;5.3
2306405;2255;518;684;358;1359;60.3;5.7;6.7;4.8
2306504;250;61;97;51;208;83.2;4.8;5.6;4
2306553;666;222;234;160;343;51.5;6.2;8.2;4.7
2306603;428;81;128;77;342;79.9;6;7.8;4.7
2306702;266;71;86;47;129;48.5;5.1;6.8;4.3
2306801;236;57;59;32;107;45.3;5.6;6.9;4
2306900;450;94;84;134;241;53.6;5.7;6.7;4.5
2307007;428;113;116;78;153;35.7;5.9;6.7;5
2307106;422;114;140;84;200;47.4;5.2;5.7;4.4
2307205;155;43;59;22;105;67.7;4.6;5.4;3.9
2307254;352;112;102;49;241;68.5;7.8;9.5;5.3
2307304;2822;657;795;738;1283;45.5;5.1;5.6;4.6
2307403;372;112;105;89;187;50.3;5.6;6.8;4.8
2307502;421;138;155;78;187;44.4;5.1;6;4.6
2307601;646;149;169;138;237;36.7;6.2;7.2;5
2307635;322;63;95;43;195;60.6;6.1;7.5;4.3
2307650;2238;616;446;660;1053;47.1;5.4;6.8;4.4
2307700;1263;396;306;269;757;59.9;5.2;6.1;4.5
2307809;466;158;125;85;189;40.6;5.9;7.6;5.2
2307908;269;51;81;35;86;32;5.6;7.8;4.6
2308005;591;138;153;111;363;61.4;7.2;9.3;4.8
2308104;654;225;217;116;296;45.3;4.9;5.8;4.6
2308203;288;65;107;37;210;72.9;6.9;8.7;4.6
2308302;384;101;78;68;201;52.3;5.2;5.5;4.7
2308351;178;61;46;23;133;74.7;8.4;9.7;4.1
2308377;278;90;93;40;159;57.2;5;6.3;4.3
2308401;556;159;182;67;230;41.4;4.5;5.4;3.9
2308500;506;110;188;113;264;52.2;8.2;9.6;4.5
2308609;662;171;241;102;564;85.2;6.9;8.7;4.7
2308708;620;152;182;129;273;44;4.8;6;4.6
2308807;155;39;57;20;68;43.9;5.4;7.4;4.5
2308906;328;108;73;47;255;77.7;6.3;6.4;5.2
2309003;258;49;81;34;162;62.8;8;9.3;4.5
2309102;158;31;49;26;72;45.6;;;4.8
2309201;252;50;78;65;168;66.7;8;9.9;4.7
2309300;648;177;173;80;405;62.5;8.8;9.7;4.9
2309409;481;109;115;72;381;79.2;8.5;9.6;6
2309458;413;120;125;92;265;64.2;5.2;5.9;4.7
2309508;261;68;84;32;155;59.4;5.4;7.2;4.6
2309607;692;189;139;141;416;60.1;5.6;7.1;4.8
2309706;787;218;225;140;563;71.5;4.8;6.1;4.3
2309805;209;50;75;27;165;78.9;5;6.7;4.7
2309904;128;24;30;36;84;65.6;5.5;5.8;5.5
2310001;136;32;42;25;95;69.9;5.9;6.7;4.8
2310100;179;43;65;36;108;60.3;5.5;6.8;5
2310209;427;140;118;89;148;34.7;4.9;7.7;4.9
2310258;388;130;136;58;90;23.2;6.1;8.2;5
2310308;629;162;206;70;435;69.2;5.6;6.5;4.6
2310407;195;42;65;33;90;46.2;5.5;7.8;4.6
2310506;576;109;209;133;342;59.4;8.9;10;4.9
2310605;181;50;65;29;78;43.1;5.1;5.7;4.5
2310704;416;107;141;93;182;43.8;4.9;5.5;4.9
2310803;352;91;104;59;198;56.2;5.9;7.8;5.3
2310852;244;60;66;37;215;88.1;5.3;7.4;4.2
2310902;167;50;57;25;136;81.4;6.5;9.8;4.3
2310951;155;19;59;40;50;32.3;9.1;10;6.5
2311009;299;62;103;44;204;68.2;5.8;7.1;4.5
2311108;276;94;71;29;135;48.9;5;6.1;4.3
2311207;113;26;31;31;40;35.4;4.5;6.5;4.3
2311231;128;19;35;18;96;75;5.5;6.8;4.6
2311264;530;148;142;46;422;79.6;5.6;6.8;4.4
2311306;887;212;228;222;558;62.9;4.6;5.8;4
2311355;281;67;87;40;173;61.6;5.5;6.5;4.2
2311405;1010;263;317;250;608;60.2;6.5;7.1;4.6
2311504;246;76;70;50;138;56.1;5.8;7.1;4.4
2311603;466;133;142;102;261;56;5.1;6.2;5
2311702;335;94;83;60;144;43;6.1;7.2;5.3
2311801;1001;303;329;156;611;61;6;7.1;4.9
2311900;255;77;107;42;150;58.8;5.1;6.4;4.8
2311959;407;125;159;44;296;72.7;5.3;6.5;4.4
2312007;396;118;180;78;148;37.4;6.5;7.8;4.6
2312106;285;81;87;37;139;48.8;4.7;5.4;3.5
2312205;627;141;232;160;268;42.7;6.9;7.4;4.8
2312304;859;201;238;162;418;48.7;6.3;7.4;4.9
2312403;932;235;243;133;457;49;5.8;6.8;4.5
2312502;104;29;30;21;70;67.3;5.8;7.4;4.5
2312601;153;44;50;23;47;30.7;5.1;5.9;3.7
2312700;250;58;83;54;129;51.6;6.6;9.1;5.1
2312809;179;53;51;29;102;57;6.9;9.1;4.6
2312908;2474;490;841;535;960;38.8;8;9.6;5.3
2313005;274;68;53;48;201;73.4;6.3;8;4.7
2313104;345;77;88;103;202;58.6;5.5;6.7;5
2313203;453;112;181;68;184;40.6;8;9.3;4.5
2313252;110;41;43;17;19;17.3;5.2;6.4;4.8
2313302;792;175;240;172;577;72.9;5.7;7;4.6
2313351;334;114;112;34;125;37.4;5.6;6.1;4.6
2313401;955;182;285;224;389;40.7;5.5;6.4;4.5
2313500;804;267;234;123;519;64.6;5.4;6.1;4.7
2313559;384;101;157;34;297;77.3;5.2;5.4;4.5
2313609;661;228;177;119;271;41;7.9;8.7;4.8
2313708;148;35;58;28;96;64.9;5.5;5.5;4.5
2313757;335;90;92;75;209;62.4;4.9;6.2;4.4
2313807;406;111;128;72;282;69.5;5.6;7.1;5
2313906;275;68;75;35;127;46.2;5.7;8.3;4.3
2313955;431;105;150;36;170;39.4;5.8;8;4.4
2314003;576;181;136;100;188;32.6;5.6;6.6;4.8
2314102;850;213;258;178;156;18.4;5.9;6.7;4.6
2400109;98;26;30;29;30;30.6;4.8;6.4;4.2
2400208;400;121;113;74;77;19.2;3.7;4.8;4.2
2400307;134;32;52;17;36;26.9;4.2;4.5;3.5
2400406;39;11;10;7;7;17.9;4.5;5.9;4.4
2400505;148;31;42;30;86;58.1;4.3;5.4;4.1
2400604;76;34;15;15;26;34.2;4.5;6.7;4.4
2400703;191;53;65;37;133;69.6;5.2;6.3;4.1
2400802;112;28;42;31;67;59.8;4.8;4.9;3.7
2400901;95;26;46;15;26;27.4;4.6;4.4;4.2
2401008;368;88;120;130;86;23.4;4.6;5.9;4.9
2401107;263;64;87;43;102;38.8;3.9;5.1;4.3
2401206;151;40;40;24;56;37.1;3.7;4.8;3.7
2401305;139;45;54;22;83;59.7;4.5;5;3.8
2401404;103;24;31;14;75;72.8;4.8;5.6;3.9
2401453;250;58;96;35;140;56;4.5;5.7;4.1
2401503;56;13;13;9;36;64.3;3.6;;
2401602;68;23;25;12;24;35.3;4.2;3.8;3.4
2401651;47;9;18;5;4;8.5;;5.3;3.6
2401701;139;35;49;21;64;46;4;5.1;3.9
2401800;121;35;42;23;32;26.4;4.2;5.1;3.8
2401859;69;21;33;17;32;46.4;4.5;4.3;3.8
2401909;56;19;23;11;31;55.4;3.6;4.8;3.5
2402006;681;133;208;159;356;52.3;4.6;5.9;4.9
2402105;146;27;53;20;70;47.9;4.8;5.4;3.9
2402204;439;115;119;120;143;32.6;4;4.9;4.7
2402303;268;65;87;52;199;74.3;4.6;5.7;4.3
2402402;87;16;42;23;10;11.5;5.2;6.2;4.6
2402501;145;49;63;18;66;45.5;5;5.4;4.1
2402600;976;332;267;216;271;27.8;3.7;4.5;4.3
2402709;117;34;43;24;56;47.9;4.6;5.2;3.8
2402808;62;16;24;13;19;30.6;3.6;5;3.8
2402907;61;15;25;5;24;39.3;3.7;5.6;3.5
2403004;78;27;24;15;14;17.9;5.4;6.9;3.7
2403103;499;125;137;139;225;45.1;4.6;5.8;4.9
2403202;121;27;44;18;48;39.7;5;6.2;4.2
2403251;1652;499;458;362;247;15;4;5.1;4.6
2403301;85;30;27;16;70;82.4;5.1;5.5;4.4
2403400;71;16;18;14;17;23.9;4.5;6.2;3.6
2403509;116;35;35;18;81;69.8;4.1;4.3;3.9
2403608;643;191;227;107;370;57.5;4.2;5;4.1
2403707;92;18;42;18;54;58.7;4.9;5.8;4
2403756;43;16;17;12;23;53.5;4;3.9;3.3
2403806;99;21;27;18;16;16.2;4.9;5.3;4.5
2403905;39;13;19;9;21;53.8;4.4;5.7;3.9
2404002;88;29;25;16;66;75;4.7;5.5;4.7
2404101;59;22;19;9;18;30.5;3.8;5.1;4.9
2404200;438;135;103;47;184;42;4.2;4.9;
2404309;146;38;59;22;63;43.2;4.7;5.1;4.2
2404408;114;28;44;19;74;64.9;4.7;5.9;3.6
2404507;180;46;54;33;26;14.4;4;5.5;3.9
2404606;178;61;54;17;82;46.1;3.8;4.1;3.5
2404705;214;47;48;88;70;32.7;3.8;5.3;4.9
2404804;31;8;8;8;6;19.4;5.8;7.3;4.8
2404853;98;29;37;15;41;41.8;3.9;5.3;3.6
2404903;69;21;15;15;33;47.8;4.6;5.7;3.6
2405009;114;28;39;19;44;38.6;4.3;6.2;4
2405108;92;28;21;16;28;30.4;;4.8;3.6
2405207;75;19;27;14;42;56;4.4;6.3;3.6
2405306;110;26;38;11;21;19.1;4.5;5.8;3.6
2405405;80;31;20;16;23;28.8;3.9;4.6;3.9
2405504;47;12;14;9;19;40.4;4.2;4.7;4
2405603;145;55;25;29;65;44.8;4.9;5.1;4.2
2405702;106;29;30;19;11;10.4;5.4;6.3;4.6
2405801;456;104;134;139;163;35.7;3.7;4.6;4.4
2405900;48;14;24;6;33;68.8;4.8;4.6;4.4
2406007;61;13;28;12;11;18;3.9;5.9;4.6
2406106;216;58;73;41;74;34.3;4;5.6;
2406155;79;18;36;8;39;49.4;4.2;5.5;3.7
2406205;87;19;30;17;45;51.7;3.9;4.4;3.6
2406304;138;45;43;21;102;73.9;4;4.9;3.9
2406403;53;8;15;14;6;11.3;3.8;4.5;3.4
2406502;185;53;54;39;77;41.6;4.4;5.3;4.1
2406601;167;56;71;38;41;24.6;4.1;4.8;3.9
2406700;144;27;28;53;50;34.7;4.3;5.3;4.8
2406809;91;12;38;11;52;57.1;4.7;5.2;3.7
2406908;65;14;25;12;38;58.5;5.2;5.5;3.9
2407005;111;29;43;27;37;33.3;4.8;5.6;3.9
2407104;842;233;200;195;293;34.8;4.1;5;4.2
2407203;342;91;84;88;149;43.6;4.3;5.5;4.7
2407252;55;13;14;12;7;12.7;5.7;6.1;4.3
2407302;86;22;30;14;30;34.9;4.7;5.3;4.3
2407401;122;37;38;23;40;32.8;4.7;6.3;4.2
2407500;132;33;54;12;7;5.3;3.6;4.5;3.4
2407609;47;11;23;14;35;74.5;4.1;4.7;3.7
2407708;131;38;50;27;31;23.7;4.1;5.4;4.1
2407807;273;74;91;26;38;13.9;4.6;5;3.6
2407906;49;11;16;10;17;34.7;4.2;5.5;4.3
2408003;2254;625;709;529;766;34;4.5;5.9;4.5
2408102;6176;1610;1773;1660;2097;34;3.9;5;4.3
2408201;413;117;121;32;163;39.5;4;5.5;4.1
2408300;390;74;123;136;107;27.4;3.9;5;4.7
2408409;60;15;22;14;46;76.7;4.6;4.4;4.1
2408508;45;12;25;16;8;17.8;5.5;6.9;4.1
2408607;51;12;25;15;21;41.2;5;4.9;4.3
2408706;59;16;23;13;22;37.3;3.6;;4.5
2408805;97;30;37;12;33;34;4.6;4.9;3.7
2408904;289;71;92;70;80;27.7;4.8;6.3;4.7
2408953;143;43;38;28;98;68.5;4.3;4.5;3.7
2409100;187;45;56;27;120;64.2;4.5;4.9;3.4
2409209;52;12;13;8;13;25;3.8;4.7;3.9
2409308;135;38;42;30;76;56.3;4.4;5.5;4.2
2409332;72;11;27;12;30;41.7;3.5;4.7;3.5
2409407;355;90;90;99;95;26.8;5;6.2;5.4
2409506;66;17;24;9;38;57.6;4.1;5;4
2409605;35;13;8;5;15;42.9;4.1;4.8;4
2409704;108;34;33;17;40;37;4.1;5.2;3.6
2409803;180;41;61;32;22;12.2;3.6;4.3;3.6
2409902;144;39;57;28;80;55.6;4.7;5.1;3.8
2410009;49;17;17;10;20;40.8;5.2;6.2;4.5
2410108;119;30;37;21;54;45.4;3.7;3.9;3.6
2410207;119;30;56;16;38;31.9;4.6;5.4;4.5
2410256;92;24;38;15;51;55.4;4.3;5;4
2410306;145;27;56;23;58;40;3.8;4.9;3.6
2410405;136;54;41;14;88;64.7;4.2;4.9;3.5
2410504;60;18;22;15;27;45;5.2;5.5;4.3
2410603;66;11;19;13;29;43.9;5.8;6.4;4.6
2410702;59;21;11;13;32;54.2;;4.7;5
2410801;57;19;18;14;32;56.1;5;5.5;4.4
2410900;94;26;28;16;47;50;4.1;4.7;3.9
2411007;65;21;17;13;9;13.8;4.5;5.9;4
2411056;67;21;34;20;45;67.2;4.1;5.3;3.9
2411106;48;7;12;8;12;25;4.7;6.4;3.7
2411205;402;83;124;116;156;38.8;3.9;4.9;4.5
2411403;161;49;75;21;63;39.1;4.8;5.2;4.2
2411429;35;9;14;13;13;37.1;3.9;6.4;4.5
2411502;219;48;97;46;72;32.9;3.9;5.3;3.8
2411601;73;29;13;14;52;71.2;4.4;4.7;4.1
2411700;45;10;25;17;7;15.6;4.8;4.6;4.2
2411809;63;24;15;10;40;63.5;5;5.8;4.9
2411908;58;14;14;12;35;60.3;4.5;5.7;4.5
2412005;928;236;282;250;173;18.6;3.8;4.7;4.3
2412104;76;22;25;17;29;38.2;5.5;6.5;4.6
2412203;520;173;172;79;264;50.8;3.7;5.2;3.8
2412302;149;37;46;23;66;44.3;3.8;4.8;3.7
2412401;62;13;12;12;28;45.2;4.7;5.7;4.2
2412500;252;71;91;29;39;15.5;4.4;6.2;4.2
2412559;163;41;63;21;106;65;3.9;4.8;2.7
2412609;215;39;41;82;66;30.7;3.7;4.7;4.4
2412708;103;18;51;20;38;36.9;4.4;4.9;3.6
2412807;61;18;23;17;23;37.7;4.5;5.3;4.3
2412906;149;23;33;17;71;47.7;3.8;4.7;3.5
2413003;73;21;33;16;33;45.2;4.2;5.9;3.5
2413102;76;31;22;11;19;25;4;5;4.2
2413201;65;21;19;8;17;26.2;3.9;5;3.4
2413300;71;24;21;15;32;45.1;4.4;6.5;3.9
2413359;178;39;67;25;33;18.5;4.4;5.7;3.9
2413409;91;25;36;15;33;36.3;4;5;4.1
2413508;85;25;26;22;27;31.8;4.3;5.7;3.5
2413557;88;38;23;11;47;53.4;6;6.3;4.9
2413607;81;31;19;15;22;27.2;4.7;4.8;3.7
2413706;67;16;22;13;36;53.7;4.7;5.1;3.5
2413805;31;8;11;5;9;29;4.6;6;4.2
2413904;124;32;48;18;58;46.8;3.3;4.7;3.4
2414001;161;34;50;23;63;39.1;4.3;4.4;4.1
2414100;144;39;42;15;79;54.9;5;6.5;3.8
2414159;103;26;26;15;44;42.7;4.5;4.8;3.8
2414209;167;64;50;30;82;49.1;4.6;5;3.7
2414308;31;8;7;10;24;77.4;5.2;5.4;4.4
2414407;346;109;100;45;127;36.7;3.8;4.9;3.6
2414456;62;14;30;13;25;40.3;4.2;4.8;4.2
2414506;154;53;36;16;78;50.6;4.2;6;4.8
2414605;126;19;65;20;55;43.7;4.8;5.2;4.3
2414704;60;17;16;11;26;43.3;3.9;4.6;4
2414753;69;11;23;8;6;8.7;4.5;5.1;4.3
2414803;162;43;52;26;58;35.8;4;5.1;3.5
2414902;31;7;7;7;17;54.8;4.8;6.4;3.9
2415008;51;15;21;8;26;51;3.4;4.4;3.9
2500106;135;24;47;22;64;47.4;5.5;7.4;4.6
2500205;84;14;22;17;47;56;5.2;6.6;5
2500304;302;99;113;55;113;37.4;4.1;5.4;4.1
2500403;333;94;92;60;187;56.2;4.2;5.9;4.1
2500502;174;44;54;30;129;74.1;3.9;5.5;3.7
2500536;99;27;41;11;62;62.6;4.2;5.9;5.2
2500577;45;13;14;8;17;37.8;4.2;5.4;4
2500601;386;85;161;112;227;58.8;3.9;5.2;3.4
2500700;383;73;77;44;288;75.2;4.8;6.3;4.1
2500734;43;10;19;7;14;32.6;5.3;;4.4
2500775;113;24;41;17;35;31;5.3;6.4;4.6
2500809;237;40;81;38;50;21.1;4.3;5;4.2
2500908;189;47;64;52;117;61.9;3.9;5.5;4.2
2501005;247;61;88;39;71;28.7;4.4;5.5;4
2501104;367;88;124;65;180;49;4;5.2;4.3
2501153;38;12;13;6;10;26.3;4.8;5.5;4.1
2501203;138;28;64;17;55;39.9;5;6.6;4.3
2501302;286;76;113;50;127;44.4;5.3;5.6;4.2
2501351;81;18;36;13;41;50.6;4.8;6.3;4.5
2501401;245;67;103;50;218;89;4.4;5.5;3.6
2501500;365;57;94;102;156;42.7;4.1;6.1;4.4
2501534;71;21;20;13;29;40.8;5.1;6.5;4.7
2501575;132;42;45;25;39;29.5;5.3;6.6;4
2501609;169;28;47;30;74;43.8;4.6;6;4.2
2501708;141;40;41;17;68;48.2;5.5;7;4.4
2501807;809;224;241;149;532;65.8;3.8;5;3.7
2501906;166;41;56;39;32;19.3;4.5;5.7;4.2
2502003;105;21;36;24;75;71.4;4.9;5.9;4.6
2502052;120;24;32;12;35;29.2;6.3;7.2;4.5
2502102;72;23;19;13;19;26.4;3.7;4.9;4.4
2502151;96;23;34;13;46;47.9;4.5;6.9;4.3
2502201;66;12;16;9;39;59.1;5.4;6.1;3.8
2502300;75;15;19;12;31;41.3;4.3;5.8;4.8
2502409;134;32;49;27;51;38.1;5.1;5.7;4.2
2502508;191;35;99;40;75;39.3;4.2;6;4.2
2502607;67;16;36;22;21;31.3;5.1;5.6;4.8
2502706;84;26;30;20;31;36.9;3.8;4.1;4.4
2502805;222;39;61;24;131;59;5.2;6.4;4.2
2502904;84;19;24;15;28;33.3;4.7;5.2;4.4
2503001;249;69;81;41;129;51.8;4;4.6;3.3
2503100;102;29;24;22;72;70.6;5.9;8.5;4.9
2503209;689;169;201;184;65;9.4;4.7;6.5;4
2503308;110;19;36;25;35;31.8;3.9;5.5;4.2
2503407;51;9;24;7;29;56.9;4.9;5.8;4.7
2503506;175;49;63;34;58;33.1;5.1;5.7;4.1
2503555;141;29;58;17;54;38.3;4.8;5.3;4.1
2503605;108;20;32;20;39;36.1;3.7;5.2;4.8
2503704;721;122;188;236;281;39;4.6;6.4;4.5
2503753;63;11;19;12;16;25.4;5.4;6.6;4.4
2503803;112;25;30;22;44;39.3;5.4;6.1;4.4
2503902;100;18;32;17;36;36;5;5.9;4.3
2504009;4067;922;1358;1118;1853;45.6;4.8;6;4.6
2504033;99;25;39;19;23;23.2;4.9;6.3;4.2
2504074;92;19;42;12;40;43.5;5.3;5.7;5
2504108;59;11;13;9;38;64.4;5.6;7.1;4.7
2504157;93;27;33;14;17;18.3;4.6;6.4;4.1
2504207;68;19;18;13;37;54.4;4.5;5.2;4.5
2504306;303;54;68;100;65;21.5;5;5.7;5.2
2504355;99;23;40;15;31;31.3;5.3;6.7;4.5
2504405;249;53;98;35;65;26.1;4.1;5.3;4.2
2504504;84;24;34;19;36;42.9;4.9;5.1;4.7
2504603;456;106;166;50;100;21.9;4.7;6.4;3
2504702;86;19;25;15;38;44.2;5.9;7.7;4.3
2504801;155;39;46;31;63;40.6;4.6;5.6;4.5
2504850;35;14;12;8;24;68.6;6;7.6;4.3
2504900;253;67;94;41;186;73.5;3.8;4.4;3.6
2505006;107;18;28;31;42;39.3;6;7.4;4.1
2505105;274;61;78;93;148;54;5.4;7.2;4.5
2505204;90;18;20;12;24;26.7;3.3;5.1;4.2
2505238;114;27;34;11;83;72.8;4.2;5.5;3.8
2505279;94;21;31;14;31;33;5.4;5.5;3.5
2505303;45;9;10;8;17;37.8;5.1;6.7;4.4
2505352;92;17;29;19;31;33.7;4.6;6;4.6
2505402;125;30;43;23;85;68;4.5;5.3;4.4
2505501;59;15;17;11;11;18.6;;;4.9
2505600;86;22;34;15;39;45.3;4.5;5.3;4.6
2505709;118;27;38;22;23;19.5;5.3;6.7;4.1
2505808;76;10;34;9;28;36.8;5.3;6;3.9
2505907;68;20;12;17;27;39.7;4.5;6.4;4.2
2506004;433;84;140;97;227;52.4;4.9;6.4;4.3
2506103;167;34;70;28;56;33.5;4.1;5.4;4.1
2506202;34;7;9;9;13;38.2;3.6;6;4.4
2506251;137;39;47;17;54;39.4;4.8;6.5;3.9
2506301;628;124;199;194;271;43.2;4.4;5.9;4.5
2506400;254;51;83;16;110;43.3;4.3;4.5;3.2
2506509;57;15;12;9;25;43.9;4.4;5.6;4.3
2506608;78;14;31;13;54;69.2;4;5.7;4.2
2506707;146;28;65;20;67;45.9;4.3;5;3.8
2506806;269;82;77;47;175;65.1;4.1;5.4;4.1
2506905;308;67;88;96;145;47.1;4.9;5.8;4.2
2507002;247;49;81;73;96;38.9;4.5;5.6;4.7
2507101;265;65;76;48;126;47.5;4.1;6;3.5
2507200;145;30;46;21;89;61.4;4.4;5.3;4.2
2507309;207;42;59;36;82;39.6;;5.7;3.9
2507408;121;24;35;9;82;67.8;5.1;6.3;5.7
2507507;5999;1713;1695;1562;3436;57.3;4.6;5.7;4.3
2507606;113;31;27;20;57;50.4;4.3;6;4.1
2507705;235;79;63;44;88;37.4;4.9;5.3;4.2
2507804;94;21;32;21;19;20.2;4.2;5.1;4.1
2507903;156;31;62;46;45;28.8;4.4;5.7;3.8
2508000;104;21;40;15;40;38.5;6.3;6.5;5.2
2508109;82;10;30;23;34;41.5;5.2;5.7;4.7
2508208;147;21;64;28;32;21.8;4.3;5.1;4.3
2508307;331;71;111;56;153;46.2;4.9;6;3.8
2508406;51;13;15;13;14;27.5;4.7;6.7;4.4
2508505;128;30;59;18;34;26.6;4.8;6;4.9
2508554;75;22;22;11;37;49.3;5.4;5.6;4.1
2508604;191;65;45;35;99;51.8;3.9;5;3.4
2508703;49;12;20;9;21;42.9;4.8;6.4;4.2
2508802;73;21;18;11;24;32.9;4.7;5.9;4.1
2508901;484;145;150;110;122;25.2;4.9;7;4.1
2509008;133;40;39;17;46;34.6;5.6;6.1;4.6
2509057;262;87;107;68;195;74.4;4;4.1;3.5
2509107;300;66;67;35;182;60.7;4.2;5.2;3.5
2509156;136;32;39;15;74;54.4;5;5.7;4.3
2509206;161;41;45;35;48;29.8;4.5;5.2;4.1
2509305;164;47;40;17;81;49.4;5.5;5.4;4.1
2509339;110;25;49;23;61;55.5;4.9;6.1;3.9
2509370;57;10;10;7;26;45.6;5.1;6.6;
2509396;81;21;22;18;45;55.6;5.4;6.7;4
2509404;187;41;68;25;114;61;4.4;6.1;4
2509503;91;19;33;13;52;57.1;5;6.5;4.5
2509602;88;14;25;14;44;50;5.2;6.3;4
2509701;493;96;140;140;233;47.3;5.1;7;4.3
2509800;180;36;63;30;153;85;4.3;5.7;4
2509909;216;40;77;23;149;69;4.9;5.3;3.7
2510006;69;15;26;16;28;40.6;4.7;5.9;4.5
2510105;102;28;25;28;55;53.9;5.2;5.8;4.8
2510204;112;26;38;24;55;49.1;4.9;6;4.7
2510303;60;15;12;23;31;51.7;6.5;7.5;5.3
2510402;96;26;27;16;33;34.4;4.4;5.3;3.9
2510501;68;15;23;13;36;52.9;4.8;6.3;4.3
2510600;47;12;12;10;24;51.1;4.3;6.1;4.5
2510659;40;9;18;10;17;42.5;5.3;6.8;5.2
2510709;48;15;17;8;23;47.9;4.5;5.9;4.1
2510808;1175;221;309;269;650;55.3;5;6.8;4.7
2510907;182;41;51;34;133;73.1;5.1;6.3;4.8
2511004;82;22;19;13;29;35.4;4.5;6;4.5
2511103;123;32;25;21;66;53.7;5.8;6.8;4.4
2511202;377;96;109;70;281;74.5;4.6;5.9;4.6
2511301;152;38;54;18;15;9.9;4.3;5.1;4
2511400;295;71;71;99;57;19.3;5.2;6.6;4.8
2511509;166;36;65;19;85;51.2;4.7;5.6;4.1
2511608;111;25;40;25;55;49.5;4.3;5.9;4
2511707;77;18;25;11;25;32.5;4;4.9;4.3
2511806;113;23;50;33;52;46;4;5;4.1
2511905;252;68;86;27;130;51.6;4.3;5.6;3.8
2512002;293;95;107;30;162;55.3;5.5;6.3;4.5
2512036;123;28;39;12;57;46.3;4.7;5.6;4.9
2512077;127;17;33;15;62;48.8;5.1;6;4.7
2512101;443;77;125;125;170;38.4;5.6;7.7;4.8
2512200;73;18;29;18;34;46.6;5;5.9;4.1
2512309;260;50;57;90;107;41.2;6;8;4.6
2512408;258;52;73;69;148;57.4;;6.4;4.3
2512507;573;166;140;111;346;60.4;6.3;8.5;4.1
2512606;35;10;12;8;13;37.1;5.1;6.8;3.7
2512705;240;65;83;44;110;45.8;4.1;5.7;3.9
2512721;79;13;31;12;32;40.5;5;5.4;4.4
2512747;59;11;20;13;22;37.3;4.5;6.9;4.4
2512754;123;27;40;12;96;78;4.7;5;3.8
2512762;81;18;27;11;40;49.4;3.8;5;3.9
2512788;51;12;17;11;25;49;4.8;6.2;4.5
2512804;122;35;26;15;36;29.5;4.7;6.5;5.3
2512903;337;84;116;81;190;56.4;4.4;5.5;3.9
2513000;62;15;24;12;22;35.5;4.2;6.8;4.1
2513109;213;30;98;32;113;53.1;4.6;5.4;3.9
2513158;95;19;33;15;38;40;4.9;6;4.3
2513208;72;18;24;13;19;26.4;5;6.8;4.7
2513307;90;16;23;24;31;34.4;4.6;5.8;4.5
2513356;52;11;17;9;16;30.8;3.5;5.2;3.5
2513406;199;45;57;55;98;49.2;5;6.3;4.4
2513505;90;19;32;26;29;32.2;5.5;6.3;3.9
2513604;96;22;30;11;48;50;4.3;5.2;4.5
2513653;88;9;15;8;23;26.1;4.9;5.9;4.7
2513703;1092;305;399;255;425;38.9;4.1;4.7;3.6
2513802;53;15;14;14;11;20.8;5.1;;4.9
2513851;45;11;13;10;22;48.9;5.3;5.4;4.4
2513901;504;91;114;54;350;69.4;4.8;6.3;4.6
2513927;62;12;19;9;36;58.1;5;6.5;4.5
2513943;48;13;11;15;22;45.8;6;8;5
2513968;49;10;14;10;32;65.3;5.1;7.1;4.5
2513984;61;18;16;12;26;42.6;5.6;7.5;5
2514008;105;18;47;18;70;66.7;5;5.5;4.3
2514107;74;16;34;5;14;18.9;4.6;4.5;4
2514206;84;20;32;17;18;21.4;4.7;6.1;4
2514305;87;19;16;20;23;26.4;4.5;6.7;3.6
2514404;60;16;18;12;17;28.3;4.8;6.2;4.3
2514453;137;28;49;19;89;65;5.3;6;3.9
2514503;200;39;55;38;39;19.5;4.1;6;3.9
2514552;42;12;22;12;16;38.1;5.2;;4.2
2514602;45;9;19;9;22;48.9;5.6;6.3;3.9
2514651;39;8;8;7;10;25.6;5.5;4.7;4.2
2514701;70;14;19;12;41;58.6;6;6.7;3.7
2514800;57;16;21;12;32;56.1;4.5;6.2;4.5
2514909;107;28;38;13;29;27.1;5;6.5;4.8
2515005;128;20;57;26;77;60.2;4.5;5.9;4.2
2515104;136;23;66;24;76;55.9;5.1;5.9;4.1
2515203;57;16;15;8;22;38.6;5.3;6.2;4.1
2515302;482;109;164;91;252;52.3;4.3;5;3.7
2515401;188;40;68;41;106;56.4;4.5;5.7;4
2515500;166;53;49;47;56;33.7;4.8;6.6;4.6
2515609;73;15;23;10;38;52.1;4.5;6;4
2515708;41;12;12;9;12;29.3;5.5;6.5;4.1
2515807;112;27;57;22;73;65.2;3.9;5.2;4.2
2515906;74;18;32;12;40;54.1;3.9;5.5;4.5
2515930;106;21;40;16;45;42.5;5.1;5.6;4.6
2515971;153;23;82;18;63;41.2;4.6;6.4;3.9
2516003;271;81;90;61;48;17.7;4.2;5.5;4
2516102;184;50;48;39;93;50.5;4.7;5.9;4.1
2516151;62;18;17;11;35;56.5;4.9;6.2;4.9
2516201;798;158;295;320;400;50.1;5.1;6.7;4.8
2516300;198;37;80;34;41;20.7;5.2;6.6;4
2516409;148;26;49;21;58;39.2;4.1;5.6;4.3
2516508;240;56;124;56;186;77.5;5.1;5.8;4.5
2516607;204;72;78;27;100;49;5.2;6.4;5.2
2516706;184;42;67;29;114;62;4.5;6.2;4.4
2516755;67;17;17;9;20;29.9;5.1;5.4;4.4
2516805;219;39;37;24;166;75.8;5.2;6.1;4.6
2516904;260;54;91;53;164;63.1;5;5.7;4.4
2517001;199;54;58;22;132;66.3;4.4;6.7;4
2517100;43;10;13;9;11;25.6;5.8;7.3;4.1
2517209;79;22;23;12;32;40.5;5.6;5.4;4.7
2517407;48;15;13;5;29;60.4;5.2;6.2;3.4
2600054;667;207;171;186;48;7.2;4.7;5.2;4.7
2600104;418;100;123;94;207;49.5;5.3;6.4;4.9
2600203;208;56;66;37;90;43.3;4.8;7.2;4.6
2600302;242;57;89;31;131;54.1;5;5.5;4.5
2600401;301;67;92;49;207;68.8;4.4;5.2;4.8
2600500;422;131;126;100;245;58.1;4.8;5.1;4.5
2600609;148;56;40;23;115;77.7;4.2;5.5;4.6
2600708;496;70;103;61;358;72.2;4.1;4.8;4.6
2600807;200;60;64;40;135;67.5;4.7;5.9;5
2600906;197;47;55;38;130;66;4.7;6.1;5.2
2601003;118;31;45;18;85;72;4.8;5.6;4.3
2601052;206;60;53;30;142;68.9;4.2;5.2;4.4
2601102;826;225;211;204;389;47.1;4.4;4.9;4.7
2601201;693;187;172;141;318;45.9;5.1;5.7;4.8
2601300;89;28;27;13;37;41.6;7;7.9;4
2601409;414;93;136;150;234;56.5;4.6;5.1;4.8
2601508;157;28;58;28;115;73.2;6.4;5.4;5.3
2601607;215;41;81;75;89;41.4;4.3;5.1;4.8
2601706;856;175;265;195;409;47.8;4.8;5;4.9
2601805;163;65;59;18;81;49.7;6.7;6;3.8
2601904;493;130;153;91;223;45.2;5.1;5.7;5.1
2602001;381;124;158;59;161;42.3;4.6;4.8;4.7
2602100;456;121;128;78;156;34.2;4.8;5.4;4.7
2602209;373;103;105;50;246;66;6.3;6.5;5.3
2602308;404;89;158;89;196;48.5;5.5;7;4.7
2602407;122;32;45;18;53;43.4;4.6;6.2;5.4
2602506;87;31;20;18;49;56.3;5.4;6.7;4.8
2602605;412;114;126;46;15;3.6;3.9;5;4.7
2602704;150;40;59;20;86;57.3;4.9;5.3;4.5
2602803;563;159;206;123;372;66.1;4.9;5.8;4.6
2602902;1894;543;600;377;673;35.5;4.5;5.2;4.7
2603009;552;130;177;123;436;79;5;6.1;4.4
2603108;175;53;61;42;61;34.9;5.2;5.9;4.5
2603207;318;102;87;50;245;77;5;6.4;4.4
2603306;132;24;53;16;87;65.9;5;5.2;4.6
2603405;72;24;14;12;31;43.1;5;6.2;4.8
2603454;892;258;247;254;330;37;4.9;5.8;4.6
2603504;152;44;50;14;36;23.7;4.7;5.8;4.9
2603603;73;17;16;16;41;56.2;4.2;5.3;4.5
2603702;300;63;114;38;197;65.7;4.9;5.9;4.8
2603801;221;72;60;27;184;83.3;4.8;6.1;4.5
2603900;291;71;69;49;130;44.7;5.8;7.1;5.5
2603926;481;91;249;140;455;94.6;6.6;7.4;6.4
2604007;632;167;180;157;288;45.6;4.9;5.8;5
2604106;2752;684;864;589;1230;44.7;5.2;6.1;4.9
2604155;198;46;52;21;97;49;7.1;8;4.3
2604205;335;78;117;89;174;51.9;4;5.2;4.7
2604304;135;29;52;29;78;57.8;4.8;5.2;4.6
2604403;155;48;59;18;117;75.5;4.2;5.2;4.5
2604502;233;85;44;23;93;39.9;3.8;5.7;5.4
2604601;196;53;54;42;96;49;4.6;5;4.8
2604700;179;56;49;35;102;57;4.6;5.6;4.9
2604809;128;34;43;24;56;43.8;5.7;6.2;5.6
2604908;181;33;60;25;121;66.9;5.3;6.5;4.9
2605004;278;62;89;43;131;47.1;5.5;6.8;5.1
2605103;653;206;169;68;501;76.7;6.4;8.4;4.6
2605152;177;50;65;33;64;36.2;5.6;6.8;4.7
2605202;521;119;174;105;241;46.3;4.3;5.2;4.5
2605301;407;113;147;85;138;33.9;4.5;6.2;4.2
2605400;198;55;74;36;85;42.9;5.3;6.1;4.8
2605459;27;6;9;10;5;18.5;5.7;6.6;4.8
2605509;87;19;26;17;21;24.1;4.8;5.4;4.3
2605608;217;50;97;43;118;54.4;5.4;6.3;5.2
2605707;628;97;180;161;316;50.3;4.8;6.8;4.6
2605806;164;38;54;28;76;46.3;4.8;5.7;4.8
2605905;233;52;71;36;157;67.4;5.3;6.4;4.2
2606002;1235;347;400;331;338;27.4;5.2;6;5.2
2606101;283;81;103;42;200;70.7;4.7;5.7;5
2606200;756;228;169;131;317;41.9;4;4.8;4.6
2606309;107;39;37;11;31;29;5.5;5.5;4.7
2606408;532;139;178;130;272;51.1;4.8;5.3;5.1
2606507;210;63;54;36;136;64.8;4.8;5.3;4.6
2606606;319;90;134;53;177;55.5;5;5.5;4.7
2606705;93;28;29;14;32;34.4;5.1;5.8;4.6
2606804;917;271;249;160;536;58.5;4.9;6;4.5
2606903;146;32;56;22;100;68.5;6.1;6.3;4.7
2607000;367;104;103;64;258;70.3;5.7;6.5;6.4
2607109;67;24;15;9;48;71.6;5.2;6.3;4.9
2607208;1261;411;283;170;535;42.4;4.2;5.3;4.7
2607307;402;107;117;78;263;65.4;4.6;5.7;4.9
2607406;171;29;37;42;121;70.8;5.3;5.8;4.6
2607505;317;79;123;60;135;42.6;5;5.3;4.9
2607604;197;52;56;35;53;26.9;4.8;5;4.9
2607653;256;73;76;47;152;59.4;4;5;4.9
2607703;140;38;39;27;34;24.3;4.9;6.6;5.2
2607752;217;61;60;51;123;56.7;4.9;5.9;4.8
2607802;141;30;42;30;84;59.6;4.4;5.3;4
2607901;4076;1185;1330;819;804;19.7;4.6;5.5;4.5
2607950;140;50;34;25;63;45;4.8;6;5.4
2608008;194;50;56;30;115;59.3;4.4;5.7;4.7
2608057;338;78;110;87;212;62.7;4.6;5.7;5.1
2608107;353;100;96;42;235;66.6;5;5.4;5.4
2608206;153;52;37;30;64;41.8;4.1;5.3;5.7
2608255;176;41;49;25;129;73.3;4.8;6.3;5.1
2608305;210;53;61;20;143;68.1;4.8;6;5
2608404;182;56;54;19;98;53.8;4.7;5.2;4.4
2608453;184;37;60;22;130;70.7;4.8;6;4.5
2608503;180;58;45;29;76;42.2;4.3;5.3;4.7
2608602;137;29;56;21;71;51.8;5.3;6.8;5.9
2608701;160;42;59;22;70;43.8;5.3;6.2;5.1
2608750;310;67;96;64;252;81.3;4.7;5.7;4.3
2608800;539;126;170;76;323;59.9;4.8;5.5;4.9
2608909;524;125;166;115;263;50.2;5.6;5.9;5
2609006;283;66;92;55;134;47.3;4.8;5.6;5
2609105;135;30;46;22;67;49.6;5.1;6;5
2609154;258;60;75;27;129;50;4.2;5;4.3
2609204;144;42;42;18;121;84;4.3;6.6;4.4
2609303;168;43;62;36;91;54.2;5;5.8;4.3
2609402;379;128;128;77;228;60.2;4.2;5.1;5.1
2609501;257;53;93;77;122;47.5;5;5.2;5.7
2609600;2148;644;683;496;733;34.1;4.6;5.6;4.6
2609709;315;61;112;57;43;13.7;6.1;6.4;5
2609808;224;48;79;34;152;67.9;4.4;5.6;4.2
2609907;643;171;210;155;268;41.7;4.6;4.7;4.3
2610004;542;117;123;167;382;70.5;4.6;5.9;5.1
2610103;85;16;28;14;47;55.3;4.7;5.1;4.7
2610202;333;81;89;46;222;66.7;6.3;7;5.4
2610301;172;59;52;31;68;39.5;5;5.9;4.5
2610400;209;54;75;41;61;29.2;4.5;5.5;4.6
2610509;298;55;99;57;174;58.4;4.8;6;4.7
2610608;691;196;242;121;445;64.4;4.7;6;4.7
2610707;1653;483;480;441;372;22.5;4.6;5.7;4.9
2610806;237;70;92;34;103;43.5;5;5.7;4.1
2610905;882;216;339;214;460;52.2;4.8;6.4;4.7
2611002;509;125;177;102;315;61.9;4.7;5.9;4.6
2611101;3894;954;1087;944;2385;61.2;5.2;6.2;4.6
2611200;128;32;36;24;57;44.5;4.5;5.2;5
2611309;214;49;86;30;51;23.8;4;5.4;4.6
2611408;132;46;41;22;81;61.4;4.5;5.1;4.5
2611507;174;59;46;24;78;44.8;4.3;5.5;4.7
2611533;136;30;61;36;52;38.2;5.7;7;6.2
2611606;8025;2134;2126;2051;1759;21.9;4.9;5.8;4.6
2611705;282;59;110;31;150;53.2;4.8;5.5;4.9
2611804;322;84;103;63;171;53.1;5.9;7.2;4.9
2611903;275;49;77;54;188;68.4;6;8.1;5.5
2612000;100;24;33;16;38;38;5.3;7;4.5
2612109;78;16;30;15;48;61.5;5.4;6.1;6.2
2612208;701;162;193;217;248;35.4;5.3;6.2;5.1
2612307;195;56;63;34;125;64.1;4.9;7.8;4.6
2612406;246;60;72;39;91;37;4.9;5.6;4.5
2612455;224;66;52;22;143;63.8;4.7;6.6;4.1
2612471;148;36;45;27;78;52.7;5;6;4.5
2612505;913;247;269;174;414;45.3;4.8;5.6;4.6
2612554;145;33;44;27;83;57.2;3.8;5.3;3.6
2612604;638;128;218;127;352;55.2;4.4;5.9;3.8
2612703;125;38;33;19;22;17.6;4.3;5.4;4.7
2612802;119;37;33;21;71;59.7;4.6;6.4;4.9
2612901;127;36;41;21;81;63.8;4.6;5.7;4.9
2613008;494;150;138;84;320;64.8;5.4;6.1;4.9
2613107;386;104;156;69;238;61.7;4.8;5.1;4.5
2613206;231;67;69;35;146;63.2;5;5.8;4.4
2613305;162;50;48;23;64;39.5;4.6;5.7;4.9
2613404;222;65;61;48;109;49.1;4.6;4.5;4.8
2613503;366;112;108;89;170;46.4;5.2;6.2;4.9
2613602;365;78;104;73;198;54.2;5.4;6;5.6
2613701;1064;285;313;220;584;54.9;4.3;5.2;4.6
2613800;170;42;45;32;106;62.4;4.3;5.5;4.6
2613909;888;231;270;202;465;52.4;5.3;7.1;4.9
2614006;217;61;69;22;105;48.4;5.1;6;4.8
2614105;343;75;124;83;93;27.1;4.9;5.7;4.3
2614204;380;91;109;77;253;66.6;4.9;5.3;5.9
2614303;141;25;50;30;71;50.4;4.6;5.3;4.6
2614402;97;22;37;11;73;75.3;6.8;7.6;5.6
2614501;504;110;160;97;101;20;5.2;6.2;5.4
2614600;295;83;104;72;148;50.2;5.4;6.1;5.5
2614709;141;39;33;34;64;45.4;4.3;5.1;4.6
2614808;452;93;168;118;375;83;5.6;5.7;5.4
2614857;232;68;82;41;142;61.2;5.2;6;4.9
2615003;227;63;85;38;75;33;4.7;5.6;4.2
2615102;82;19;27;17;67;81.7;5.3;6.6;4.5
2615201;112;29;29;21;34;30.4;5.1;6.4;5
2615300;468;131;131;116;186;39.7;5.7;6.8;5.2
2615409;345;111;106;53;98;28.4;4.5;5.3;4.6
2615508;134;33;45;30;99;73.9;4.9;5.7;5.1
2615607;332;91;103;72;239;72;4.8;5.8;4.7
2615706;174;32;62;33;80;46;5.5;6.4;5.4
2615805;237;62;89;31;94;39.7;4.8;5.9;4.5
2615904;119;31;49;34;70;58.8;6.1;6.6;5.7
2616001;195;48;85;40;75;38.5;5.3;6.4;4.8
2616100;105;17;39;18;44;41.9;4.8;5.1;4.7
2616183;124;37;31;16;73;58.9;5.9;7.2;5
2616209;212;68;74;22;100;47.2;4.6;5.4;5
2616308;281;70;75;48;184;65.5;4.5;5.1;4.6
2616407;1072;270;333;263;357;33.3;4.5;5.5;4.6
2616506;207;54;56;37;141;68.1;3.8;5.6;5.2
2700102;291;69;89;49;124;42.6;4.8;6.2;4.3
2700201;230;55;69;21;148;64.3;5.3;7.2;3.7
2700300;2126;542;655;460;1296;61;5.5;6.3;4.7
2700409;473;107;149;41;279;59;6;6.6;4.1
2700508;167;51;49;19;119;71.3;4;5.2;3.8
2700607;121;35;22;18;71;58.7;4.7;6.2;4.2
2700706;286;59;67;63;206;72;4.9;6.3;4.5
2700805;98;20;25;9;52;53.1;5.9;7.6;4.3
2700904;132;41;25;12;77;58.3;6.6;7.9;3.8
2701001;330;72;77;26;254;77;5.1;6.2;
2701100;185;30;53;21;146;78.9;8.6;9.7;4
2701209;187;43;37;19;131;70.1;4.7;6.4;3.9
2701308;200;47;56;28;134;67;5;5.6;4.2
2701357;106;28;20;12;59;55.7;5.8;6.4;4.1
2701407;686;139;99;68;558;81.3;8.6;9.2;4.1
2701506;200;31;43;0;123;61.5;6.7;6.4;
2701605;427;91;107;30;385;90.2;5.4;6.6;4.1
2701704;240;64;61;33;159;66.2;4.6;5.8;4.3
2701803;139;41;28;29;88;63.3;5;5.7;4.3
2701902;95;24;20;22;65;68.4;5.4;6.8;4.2
2702009;162;37;54;19;141;87;6.8;8.7;4.1
2702108;218;44;70;27;116;53.2;5.9;9.4;4.2
2702207;82;27;20;11;58;70.7;4.3;6.7;4.5
2702306;795;210;178;167;526;66.2;8.8;10;4.3
2702355;431;86;99;34;365;84.7;4.8;5.9;4.1
2702405;616;202;165;115;181;29.4;4.6;5.3;4.4
2702504;243;33;52;29;212;87.2;5.3;7.2;3.6
2702553;263;48;61;36;181;68.8;4.5;5.6;3.8
2702603;332;95;76;55;215;64.8;4.6;5.7;3.8
2702702;84;33;24;11;47;56;6.5;7.1;5.9
2702801;119;35;31;0;78;65.5;4.7;6.4;
2702900;931;196;200;72;784;84.2;5.5;5.8;4.2
2703007;173;36;49;20;81;46.8;7.5;9.8;3.7
2703106;336;78;117;51;174;51.8;4.5;5.9;4
2703205;334;95;78;59;187;56;4.9;5.3;3.4
2703304;339;79;113;57;235;69.3;4.6;6.6;4.1
2703403;131;37;15;16;109;83.2;5.4;6.7;3.5
2703502;112;25;26;19;86;76.8;5.1;5.9;4.5
2703601;145;41;47;15;127;87.6;3.8;5;4.2
2703700;102;26;27;13;82;80.4;4.8;6.1;4.1
2703759;158;52;58;0;110;69.6;7.3;9.1;
2703809;303;88;104;43;165;54.5;4.6;5.3;3.9
2703908;99;22;18;9;83;83.8;5.3;6;4.1
2704005;343;94;70;57;223;65;6.4;8.5;4.4
2704104;336;46;93;21;280;83.3;4.7;6.7;3.9
2704203;645;140;118;38;427;66.2;5;5.4;3.9
2704302;6290;1820;1903;1667;2373;37.7;4.5;5.7;4
2704401;407;120;94;49;333;81.8;5.3;6.4;4.2
2704500;410;119;120;79;240;58.5;5;5.8;4.4
2704609;186;53;39;23;118;63.4;5.4;6.4;4.1
2704708;650;184;162;143;435;66.9;4.7;6.5;4
2704807;155;29;40;29;110;71;5.2;5.7;4
2704906;55;13;14;10;30;54.5;5.5;5.9;4.4
2705002;337;57;111;47;212;62.9;4.8;4.9;3.8
2705101;309;80;82;54;262;84.8;4.4;5.4;3.8
2705200;207;60;48;41;139;67.1;4.3;5.6;3.9
2705309;97;32;24;19;59;60.8;4.8;5.6;4.6
2705408;175;48;34;20;134;76.6;5.2;6.7;3.8
2705507;403;90;88;94;284;70.5;8;9.2;4.6
2705606;250;42;64;22;195;78;5.2;5.9;4
2705705;265;57;75;53;35;13.2;4.7;6.2;4.1
2705804;131;42;37;11;64;48.9;4.5;5;4.3
2705903;138;33;28;30;95;68.8;5.5;7.5;4.4
2706000;187;55;40;24;97;51.9;5;6.3;3.9
2706109;197;57;32;34;116;58.9;5.3;6.4;4.2
2706208;82;21;18;13;59;72;5;6.9;3.7
2706307;919;179;312;343;442;48.1;5.2;6.1;4.5
2706406;335;90;76;60;270;80.6;4.5;6.2;3.7
2706422;181;39;69;49;63;34.8;4.8;5.4;4.1
2706448;135;36;27;34;112;83;4.5;5.1;4.1
2706505;235;77;63;20;167;71.1;4.3;5.6;3.7
2706604;101;25;27;20;86;85.1;5;6.2;4.2
2706703;893;248;229;197;593;66.4;5.1;6.3;3.7
2706802;218;69;57;27;133;61;4.5;5.6;3.8
2706901;586;137;126;81;416;71;5.4;6.3;4.2
2707008;46;10;10;12;30;65.2;5.1;6.4;4.2
2707107;399;85;123;138;192;48.1;5.1;5.9;3.5
2707206;210;61;56;31;46;21.9;4.8;5.4;4.2
2707305;362;79;77;49;289;79.8;4.8;5.9;4.2
2707404;155;55;36;13;97;62.6;4.2;5.9;3.8
2707503;248;57;74;67;100;40.3;3.9;7.1;4
2707602;168;51;30;27;90;53.6;;6.8;4.1
2707701;1158;349;301;270;425;36.7;4.6;5.7;4.4
2707800;97;32;24;0;34;35.1;4.3;5.7;
2707909;122;35;16;25;92;75.4;4.3;5.2;4.5
2708006;660;184;194;193;425;64.4;4.9;5.3;4.3
2708105;196;36;40;19;115;58.7;9.2;10;4.5
2708204;115;30;38;18;51;44.3;5.5;6;4
2708303;260;57;79;47;242;93.1;8.8;9.7;6.6
2708402;491;155;139;75;282;57.4;5.4;5.9;4.4
2708501;294;103;89;36;213;72.4;5.2;5.9;3.8
2708600;593;129;119;136;320;54;5.7;6.3;4.4
2708709;167;55;50;13;80;47.9;4.3;5;4.1
2708808;461;139;134;47;366;79.4;4.8;6.6;4
2708907;282;79;58;73;177;62.8;5.6;6.7;4.2
2708956;231;69;72;24;145;62.8;4.8;6.5;3.9
2709004;106;29;25;16;68;64.2;4.9;6.3;4.2
2709103;387;82;68;50;277;71.6;5.1;6;4.3
2709152;728;182;187;81;441;60.6;7.4;8.7;4.2
2709202;499;90;117;32;317;63.5;3.9;6.5;4
2709301;738;150;268;101;521;70.6;7.5;10;6.5
2709400;304;54;72;76;200;65.8;5.5;6;4.5
2800100;47;10;13;11;35;74.5;3.8;5.3;4.7
2800209;361;76;118;51;180;49.9;4;4.8;3.6
2800308;3988;1131;1282;1154;1792;44.9;4.5;5.7;4.2
2800407;172;36;57;28;104;60.5;4.5;5.5;3.7
2800506;242;54;88;27;108;44.6;3.8;5;3.1
2800605;284;98;74;49;114;40.1;4.3;5.5;4.3
2800670;327;68;133;76;177;54.1;4.3;4.9;4.7
2800704;204;73;69;33;180;88.2;4.2;4.6;3.6
2801009;217;76;81;52;83;38.2;4.4;5;4.6
2801108;81;24;27;14;42;51.9;4.3;7.2;4.4
2801207;507;174;143;59;241;47.5;4.1;4.5;4.4
2801306;419;97;163;60;206;49.2;4.4;5.1;3.7
2801405;297;87;127;41;44;14.8;4.5;5.5;3.7
2801504;199;56;65;58;82;41.2;4.2;4.9;3.6
2801603;78;15;32;17;46;59;5.1;5.6;4.2
2801702;252;59;95;38;114;45.2;4.2;5;3.9
2801900;41;18;19;12;20;48.8;4.3;5;4.1
2802007;79;21;22;12;28;35.4;3.8;4.8;3.5
2802106;660;154;259;181;174;26.4;3.9;4.8;3.6
2802205;70;22;35;20;36;51.4;4.2;5.2;3.9
2802304;152;35;60;19;48;31.6;3.9;5.3;5
2802403;201;74;84;34;118;58.7;4.6;4.8;3.9
2802502;43;12;10;13;26;60.5;4.6;4.7;4.3
2802601;90;23;48;19;19;21.1;4.1;5.6;4
2802700;154;40;63;31;113;73.4;4.9;5.1;3.6
2802809;333;78;102;38;167;50.2;4;4.2;3.6
2802908;914;256;318;198;361;39.5;4.3;5.1;3.8
2803005;544;170;177;82;319;58.6;5.3;6.2;3.9
2803104;78;35;28;13;38;48.7;4.9;5.2;4.5
2803203;401;118;117;68;195;48.6;4.2;5;4.2
2803302;242;71;70;39;135;55.8;4;5.3;4.3
2803401;229;50;65;67;121;52.8;4.9;4.6;4
2803500;1205;378;472;241;431;35.8;5;5.4;4.6
2803609;384;76;101;45;69;18;4.1;4.6;3.9
2803708;82;17;39;26;36;43.9;4.1;5.1;4.2
2803807;92;21;30;13;47;51.1;4.5;5.6;3.5
2803906;172;41;64;25;89;51.7;3.8;5;4.1
2804003;177;57;56;40;101;57.1;3.3;4.5;3.5
2804102;182;58;45;21;115;63.2;5.1;5.6;4.7
2804201;173;45;70;30;68;39.3;4.4;4.9;4.2
2804300;124;30;61;29;54;43.5;4.2;5;4
2804409;335;89;127;83;158;47.2;4.8;5.8;4.3
2804458;84;22;43;19;41;48.8;4.3;4.6;4.1
2804508;429;142;128;100;158;36.8;4.8;5.7;4.3
2804607;326;74;128;75;150;46;4.1;5.3;4.4
2804706;112;22;50;30;37;33;4.5;4.8;4.2
2804805;1618;486;473;374;943;58.3;4.3;5.4;4
2804904;208;68;70;41;149;71.6;4.3;4.7;3.6
2805000;49;13;16;10;21;42.9;4.6;5.4;3.9
2805109;127;24;39;17;73;57.5;4.3;4.2;3.3
2805208;91;36;27;21;37;40.7;4.6;5.5;4
2805307;138;41;57;27;65;47.1;3.8;4.9;4
2805406;412;125;138;79;208;50.5;3.7;4.2;3.7
2805505;257;51;116;47;86;33.5;5;6.2;4.7
2805604;432;113;205;103;299;69.2;4.2;4.5;3.6
2805703;244;52;113;76;78;32;4.5;5.5;4.1
2805802;280;65;105;53;87;31.1;4.6;5.5;4.2
2805901;106;32;20;24;56;52.8;3.5;4;3.7
2806008;217;62;89;41;92;42.4;4.4;5.1;4.8
2806107;130;39;41;23;69;53.1;4.8;5.4;4
2806206;287;80;120;62;97;33.8;5.2;5.6;4.1
2806305;264;68;88;15;137;51.9;3.7;4.4;4.1
2806404;114;24;52;26;48;42.1;4.3;4.9;3.9
2806503;90;29;20;14;36;40;4;4.2;3.5
2806602;147;43;54;30;73;49.7;4.1;5.6;3.9
2806701;810;216;266;251;332;41;4.9;6.8;4.2
2806800;98;17;34;22;19;19.4;4.4;5.5;3.7
2806909;49;9;13;10;12;24.5;4.3;5.3;4.3
2807006;48;13;10;15;14;29.2;4.6;4.3;4.2
2807105;572;116;195;96;324;56.6;5;5.5;4.4
2807204;108;34;34;25;59;54.6;3.9;5.3;4.3
2807303;55;13;26;16;32;58.2;4.6;5.4;3.8
2807402;541;135;190;106;102;18.9;4.7;5.7;4.6
2807501;162;35;46;39;86;53.1;6;5.7;3.6
2807600;374;91;112;75;212;56.7;4.2;5.3;3.8
2900108;109;31;40;18;37;33.9;4.8;5.8;4.2
2900207;321;73;112;47;153;47.7;4.6;6.5;3.8
2900306;188;41;31;20;59;31.4;2.9;4.7;3.6
2900355;219;67;73;23;105;47.9;6.2;6.7;4.1
2900405;190;47;85;26;13;6.8;4;4.7;4.2
2900504;206;33;66;21;79;38.3;5.1;5.8;4.4
2900603;82;27;20;11;24;29.3;4.9;5.1;3.5
2900702;1077;269;332;316;285;26.5;4;5.7;3.8
2900801;317;96;119;25;167;52.7;;5;4.4
2900900;105;47;23;8;56;53.3;4.2;5.5;3.5
2901007;429;78;103;76;114;26.6;4.7;6;3.8
2901106;227;34;77;42;82;36.1;3.7;4.8;4
2901155;179;48;48;34;39;21.8;4.4;5.7;3.9
2901205;216;66;88;33;56;25.9;3.8;4.7;4.5
2901304;189;58;60;27;36;19;4.8;6.4;4.4
2901353;272;84;81;39;154;56.6;3.8;4.9;4
2901403;164;45;59;29;17;10.4;4.3;5.4;4
2901502;303;74;97;17;233;76.9;4.5;6.7;3.2
2901601;228;51;48;17;101;44.3;5.4;5.8;4.3
2901700;159;35;69;13;59;37.1;3;5.6;3.5
2901809;196;32;66;21;100;51;4.4;4.7;3.9
2901908;261;81;81;33;0;0;3.5;4.7;4.3
2901957;125;38;36;13;30;24;3.8;4.4;4.1
2902005;431;111;102;18;246;57.1;5.2;6;3.9
2902054;253;62;78;22;196;77.5;3.9;5.4;3.5
2902104;886;200;173;81;368;41.5;3.6;5.1;3.7
2902203;227;50;37;23;170;74.9;4.2;5.7;4
2902252;155;57;48;28;55;35.5;3.8;4.6;3.3
2902302;111;29;25;21;28;25.2;4.1;5.2;3.9
2902401;216;54;74;20;142;65.7;4.1;4.3;3.2
2902500;189;90;75;19;51;27;3.8;5;4.1
2902609;202;44;78;31;30;14.9;3.5;5;3.9
2902658;320;96;78;42;106;33.1;4.7;6.3;3.7
2902708;689;213;318;92;121;17.6;4.1;4.9;3.2
2902807;302;80;125;44;110;36.4;4.8;5.9;4.5
2902906;459;107;188;62;255;55.6;4.6;5.1;4.2
2903003;209;50;86;21;124;59.3;4.7;6.3;4.2
2903102;88;17;20;14;28;31.8;4.1;5.1;4.7
2903201;1615;544;437;279;747;46.3;4.9;5.7;4.1
2903235;205;59;75;17;74;36.1;5;6.1;4.2
2903276;297;57;90;17;158;53.2;4.5;5.7;3.9
2903300;108;31;32;11;2;1.9;3.5;5;3.7
2903409;297;117;59;29;78;26.3;3.3;5.1;3.5
2903508;340;96;122;45;216;63.5;5.2;5.8;4.4
2903607;272;51;99;20;126;46.3;3.6;4.6;4.2
2903706;211;58;80;36;53;25.1;4.4;5.8;3.9
2903805;288;69;101;40;66;22.9;4.4;5.5;3.6
2903904;904;250;315;200;295;32.6;4.7;5.3;3.8
2903953;136;41;61;21;8;5.9;4.2;5.5;4.6
2904001;169;37;79;22;71;42;4.4;5.3;4
2904050;271;70;86;23;159;58.7;4.4;5.5;4.5
2904100;300;64;118;24;74;24.7;4.7;5.7;3.9
2904209;199;43;65;19;136;68.3;3.9;6;5.2
2904308;206;48;56;44;64;31.1;3.9;5.7;3.6
2904407;157;61;49;22;17;10.8;4.1;5.3;3.7
2904506;152;61;73;14;82;53.9;5.1;5.2;4.2
2904605;734;255;194;138;26;3.5;5.2;5.8;4.1
2904704;187;55;78;27;22;11.8;3.5;4.4;3.3
2904753;339;106;124;26;142;41.9;4.6;5.2;3.4
2904803;94;34;22;12;25;26.6;4.5;5.5;4
2904852;297;57;73;40;81;27.3;3.7;5;3
2904902;291;69;97;31;113;38.8;3.4;4.6;3.3
2905008;326;101;94;47;117;35.9;4.6;6.3;4.3
2905107;202;54;74;22;79;39.1;4.3;5.5;3.9
2905156;189;76;53;26;127;67.2;4.6;5.6;4.2
2905206;610;165;238;124;214;35.1;4;5.8;4.1
2905305;233;79;85;20;65;27.9;4.1;5.1;3.6
2905404;348;98;110;35;151;43.4;4.2;4.9;3.8
2905503;279;72;84;23;191;68.5;3.7;5.6;3.5
2905602;267;111;79;36;51;19.1;3.3;4.5;3.6
2905701;1945;597;559;489;290;14.9;4.1;5.3;3.5
2905800;370;108;157;53;131;35.4;3.8;4.8;3.3
2905909;456;127;232;22;161;35.3;3.7;5.2;3.5
2906006;789;216;250;107;21;2.7;4.3;5.5;3.8
2906105;207;52;77;22;0;0;3.6;5.6;3.8
2906204;366;114;102;37;170;46.4;4.9;5.6;3.5
2906303;419;158;116;36;267;63.7;3;4.4;3.9
2906402;109;27;41;16;13;11.9;3.9;5.1;3.7
2906501;592;126;223;136;14;2.4;3.9;4.8;3.7
2906600;143;41;45;25;37;25.9;4;5.5;4.6
2906709;383;92;144;40;143;37.3;3.6;5.2;4.3
2906808;910;143;189;51;598;65.7;3.4;4.7;3.9
2906824;247;71;54;21;108;43.7;4.1;5.2;3.5
2906857;156;42;53;14;44;28.2;4.2;5.3;4.3
2906873;421;68;100;88;192;45.6;4.8;5.9;3.8
2906899;162;58;69;14;117;72.2;4.2;5.7;4.4
2906907;303;74;105;32;62;20.5;4.1;5.6;3.7
2907004;168;57;37;25;78;46.4;4.5;5.4;3.7
2907103;367;112;130;28;51;13.9;4.7;5.3;3.9
2907202;776;281;273;98;221;28.5;3.5;4.3;3.5
2907301;436;118;97;46;193;44.3;4;4.9;3.4
2907400;52;20;28;5;9;17.3;3.2;5.4;3.6
2907509;533;65;175;143;193;36.2;4.4;5.5;3.8
2907558;209;50;49;14;161;77;5.2;5.9;4.2
2907608;213;59;92;28;40;18.8;4.6;5.1;3.7
2907707;244;47;81;34;120;49.2;5.6;6.4;4.1
2907806;443;97;109;55;224;50.6;5.2;5.7;3.5
2907905;391;84;74;27;241;61.6;;5.5;4.1
2908002;241;69;60;27;76;31.5;3.5;4.8;4.1
2908101;358;103;91;102;85;23.7;4.7;5.9;4
2908200;231;80;60;32;142;61.5;4.6;5.5;3.3
2908309;177;60;44;21;83;46.9;4;5.3;3.3
2908408;751;224;230;138;235;31.3;4.4;5.5;3.9
2908507;335;86;104;65;101;30.1;4.2;5.4;3.4
2908606;310;100;100;35;55;17.7;3.6;4.5;3.7
2908705;216;66;87;14;53;24.5;4.9;5.7;4.7
2908804;61;14;23;7;0;0;3.6;5.5;3.9
2908903;303;70;74;48;135;44.6;4.5;5.3;3.8
2909000;156;44;33;12;51;32.7;5.7;6.4;4.2
2909109;188;71;50;36;4;2.1;4.7;5.6;3.8
2909208;519;78;123;21;296;57;3.7;5.3;3.7
2909307;442;131;123;52;157;35.5;4.1;5.4;3.9
2909406;196;45;97;14;83;42.3;4.2;5.1;3.6
2909505;100;27;27;15;22;22;5.5;5.8;4.4
2909604;284;72;105;34;66;23.2;4.5;6.2;5.2
2909703;160;63;62;20;14;8.8;5;6.1;3.8
2909802;512;118;173;102;103;20.1;4.6;5.5;3.5
2909901;551;157;201;64;259;47;4;4.8;3.8
2910008;220;74;63;17;122;55.5;4.4;5.4;4.5
2910057;722;204;197;108;264;36.6;3.9;4.9;3.3
2910107;187;81;65;24;40;21.4;5.9;6.8;4.4
2910206;80;22;34;10;62;77.5;3.5;6.3;3
2910305;164;30;43;19;98;59.8;4.8;5.8;4.4
2910404;282;99;105;29;110;39;4.3;5.3;4.2
2910503;465;154;140;51;106;22.8;3.6;4;3.8
2910602;385;131;130;43;72;18.7;3.6;4.5;3.7
2910701;786;162;191;137;373;47.5;3.4;5.2;4
2910727;1105;372;278;240;260;23.5;3.7;4.6;4.2
2910750;456;87;95;31;283;62.1;4.9;5.8;4.5
2910776;125;42;30;21;29;23.2;5;5.8;4.5
2910800;4226;1275;1497;1240;53;1.3;3.6;4.9;3.7
2910859;315;76;106;30;153;48.6;4.5;5.5;4.1
2910909;77;14;25;17;9;11.7;3.8;5.5;5
2911006;105;37;24;15;53;50.5;3.9;5.1;3.8
2911105;384;138;150;40;29;7.6;3.8;4.8;3.4
2911204;501;104;131;66;257;51.3;4.6;5.9;4
2911253;106;21;21;11;30;28.3;4.2;5.3;3.3
2911303;179;53;72;17;75;41.9;4.2;5.9;3.4
2911402;208;58;99;38;90;43.3;5.1;5.7;3.8
2911501;101;25;32;12;33;32.7;4.2;4.8;4.6
2911600;362;61;103;78;129;35.6;3.9;5.9;4.3
2911659;110;31;37;16;47;42.7;4.6;5.5;4.2
2911709;834;229;209;193;144;17.3;4.6;5.9;4.5
2911808;311;126;98;60;28;9;3.9;4.5;3.5
2911857;207;52;59;27;61;29.5;5.3;6;4.8
2911907;372;114;120;42;171;46;4.2;5.1;4.1
2912004;164;49;46;20;74;45.1;4.8;6.1;4.6
2912103;198;60;60;24;65;32.8;3.3;5.2;3.4
2912202;325;104;110;38;156;48;5;5.9;3.7
2912301;240;53;63;95;42;17.5;3.6;5.1;4.1
2912400;225;70;80;32;93;41.3;4.5;6.2;4.1
2912509;268;60;87;17;129;48.1;5.2;7;4
2912608;63;18;16;10;43;68.3;4.2;4.7;3.5
2912707;258;69;94;39;52;20.2;;5.2;3.8
2912806;117;44;44;13;50;42.7;5.2;5.8;4
2912905;221;58;76;32;53;24;4.1;4.9;3.6
2913002;181;47;54;41;70;38.7;5.4;7;4.2
2913101;245;56;96;29;87;35.5;4.5;5.5;3.8
2913200;368;112;110;68;51;13.9;4.4;5.3;3.8
2913309;114;29;28;15;24;21.1;5.2;5.5;3.7
2913408;236;86;95;27;75;31.8;4.8;5.6;4.5
2913457;174;49;68;10;88;50.6;3.8;4.7;4
2913507;310;83;113;26;82;26.5;3.9;5.4;3.6
2913606;1491;466;454;409;624;41.9;4.1;4.6;3.6
2913705;621;152;209;114;131;21.1;3.9;4.3;
2913804;296;46;114;20;123;41.6;4.6;5.2;3.2
2913903;365;91;91;90;150;41.1;4.1;5.5;3.8
2914000;718;118;232;126;189;26.3;4.7;5.1;3.7
2914109;173;61;59;11;84;48.6;5;6;4.6
2914208;93;24;28;14;29;31.2;4.3;5.7;4
2914307;155;33;76;13;40;25.8;4.2;5.2;3.7
2914406;261;56;84;55;100;38.3;4.9;6.2;3.9
2914505;490;91;133;112;248;50.6;4.3;5;3.7
2914604;751;182;175;215;311;41.4;4.7;6.6;3.8
2914653;357;154;86;31;139;38.9;3.7;4.5;4.1
2914703;898;220;245;142;563;62.7;4.2;5.2;3.8
2914802;1479;451;390;281;218;14.7;3.9;4.8;4.3
2914901;313;78;115;39;42;13.4;3.7;5.2;3.9
2915007;215;39;79;27;107;49.8;4.3;6.7;3.4
2915106;199;63;45;22;100;50.3;3.8;5.5;4.2
2915205;168;56;57;20;96;57.1;4.5;5.4;4.2
2915304;88;32;26;9;8;9.1;3.9;5;4
2915353;271;70;94;16;175;64.6;5.4;5.4;3.7
2915403;121;39;28;14;63;52.1;4.5;4.3;4
2915502;213;66;62;20;43;20.2;3.7;4.6;3.8
2915601;846;309;266;79;574;67.8;4.7;5.8;4.1
2915700;135;24;32;16;24;17.8;4.2;4.9;3.8
2915809;227;56;90;42;49;21.6;4;4.4;3.4
2915908;113;27;39;13;64;56.6;4;4.8;4.1
2916005;255;77;98;23;72;28.2;4.8;5.3;4.4
2916104;305;98;98;50;216;70.8;4.4;5.2;3.4
2916203;136;39;42;15;26;19.1;4.3;5.5;3.8
2916302;154;42;42;54;10;6.5;3.3;4;4
2916401;659;188;195;119;291;44.2;4.5;5.5;3.9
2916500;502;117;156;38;229;45.6;3.8;5.8;4
2916609;214;95;35;13;80;37.4;3.3;4.7;4.4
2916708;112;27;28;16;64;57.1;4;6.4;4.3
2916807;211;77;57;19;42;19.9;3.5;4.7;3.6
2916856;243;43;64;38;171;70.4;5.6;8.6;3.3
2916906;149;24;31;18;57;38.3;4.8;6.2;4.1
2917003;519;139;177;64;130;25;3.4;4.8;3.6
2917102;265;55;54;93;77;29.1;3.3;4.7;3.4
2917201;234;55;75;25;5;2.1;4.7;6.1;4.1
2917300;271;68;99;29;93;34.3;4.5;5.3;4.2
2917334;158;50;30;15;76;48.1;3.8;5;
2917359;170;59;42;58;73;42.9;4.7;6;4
2917409;304;88;87;40;176;57.9;6;7.5;4.8
2917508;858;148;228;263;171;19.9;4.3;5.2;4.2
2917607;528;139;152;109;260;49.2;4.2;5.7;3.8
2917706;374;85;133;60;133;35.6;3.9;4.9;4
2917805;310;117;103;19;120;38.7;4.6;5.1;3.4
2917904;195;39;56;8;78;40;4.2;5.3;3.7
2918001;1268;260;430;368;564;44.5;4;5;3.9
2918100;447;167;181;52;123;27.5;4;4.9;3.8
2918209;257;44;69;24;159;61.9;4.4;6.1;4.3
2918308;352;50;45;23;258;73.3;3.8;4.7;3.3
2918357;337;93;105;28;155;46;4.6;5.9;4.1
2918407;2448;574;866;549;1121;45.8;4.2;5.5;4
2918456;177;50;92;9;94;53.1;4.1;5.4;4.1
2918506;216;55;57;24;100;46.3;4;5.5;3.6
2918555;131;38;38;15;74;56.5;4.1;5.1;4
2918605;116;32;37;19;25;21.6;4.9;5.7;4.3
2918704;93;27;30;10;75;80.6;4.9;6.2;3.8
2918753;238;75;87;18;65;27.3;4.7;5.5;4.2
2918803;223;45;101;42;118;52.9;4.6;5.4;3.6
2918902;63;20;16;7;31;49.2;4.3;5.5;4
2919009;56;11;18;10;17;30.4;3.8;4.7;3.5
2919058;160;25;59;14;0;0;4.8;6.9;3.5
2919108;127;41;41;19;54;42.5;4;4.8;3.8
2919157;439;142;89;43;256;58.3;4.1;5.5;4
2919207;1770;519;518;265;669;37.8;3.4;4.8;3.9
2919306;157;34;51;29;59;37.6;;5.8;4.8
2919405;320;70;61;32;221;69.1;6.6;7.9;4.6
2919504;581;125;179;32;217;37.3;4.8;5.8;3.9
2919553;978;337;242;116;561;57.4;4.3;5.4;4
2919603;168;41;40;31;58;34.5;3.9;4.8;4
2919702;245;70;72;15;28;11.4;4.5;5.3;4.2
2919801;587;91;269;103;89;15.2;5.3;6.6;4
2919900;218;41;84;25;137;62.8;4.8;5.1;3.7
2919926;214;58;64;26;80;37.4;3.9;5.2;3.8
2919959;140;53;26;15;67;47.9;4.3;5.5;3.8
2920007;154;63;50;15;38;24.7;4.2;5.7;4.2
2920106;227;58;79;23;58;25.6;4.3;5.2;3.6
2920205;271;95;91;19;157;57.9;4;5.5;3.3
2920304;232;58;71;16;106;45.7;6.6;7.9;4.6
2920403;178;47;63;16;100;56.2;4;5.3;4.1
2920452;190;41;84;7;9;4.7;4.1;5.6;3.7
2920502;300;81;98;44;179;59.7;4.6;5.6;3.9
2920601;463;96;161;60;174;37.6;4.4;6.2;3.2
2920700;303;88;108;45;122;40.3;4.2;4.6;3.6
2920809;180;42;54;17;110;61.1;4.4;6.1;3.7
2920908;210;89;76;25;73;34.8;4.5;4.8;3.7
2921005;745;260;300;69;177;23.8;5.6;7;3.7
2921054;233;72;72;22;121;51.9;4.8;6;3.7
2921104;319;106;94;26;30;9.4;5.2;5.9;4.4
2921203;272;63;99;56;32;11.8;4;5.1;4.4
2921302;120;25;49;22;5;4.2;4.2;5.4;4.1
2921401;353;60;82;95;103;29.2;4;5.1;3.7
2921450;93;28;44;13;30;32.3;4.6;5.6;4.2
2921500;981;142;302;71;464;47.3;3.9;4.5;3.7
2921609;122;47;44;11;53;43.4;4.3;5.3;4.1
2921708;405;86;154;70;154;38;4.3;5.6;3.7
2921807;198;57;48;21;111;56.1;5.5;7.5;4.7
2921906;158;43;78;28;40;25.3;5;5.6;3.7
2922003;548;193;166;40;151;27.6;4.1;5.2;4.2
2922052;206;65;80;21;79;38.3;4.7;5.8;4.1
2922102;248;70;69;38;128;51.6;4.5;6;3.6
2922201;97;20;37;15;21;21.6;4;5.4;3.7
2922250;208;54;109;13;67;32.2;4.3;5.2;3.9
2922300;304;54;100;34;108;35.5;3.5;4.9;3.2
2922409;199;53;85;27;41;20.6;3.9;5.1;3.7
2922508;258;52;59;56;82;31.8;4.2;4.8;3.6
2922607;156;42;56;16;80;51.3;3.9;5.9;3.9
2922656;280;56;45;15;200;71.4;3.5;5.2;4.2
2922706;193;44;52;22;85;44;4.1;4.8;3.4
2922730;123;27;40;13;33;26.8;4;4.7;4
2922755;116;21;46;14;49;42.2;4.2;4.4;3.8
2922805;165;38;47;15;99;60;4.6;5.9;3.9
2922854;122;37;40;13;19;15.6;3.4;4.8;3.5
2922904;368;117;95;48;110;29.9;4.3;5.8;3.5
2923001;585;185;131;44;235;40.2;4.2;5.4;4
2923035;227;53;67;32;134;59;5.9;7.6;4.8
2923050;236;91;30;16;68;28.8;5.6;5.5;4.2
2923100;331;104;85;47;111;33.5;4.3;5.1;3.2
2923209;287;72;80;21;95;33.1;4.6;5.4;3.9
2923308;102;25;39;10;20;19.6;;5;4
2923357;245;73;91;29;111;45.3;3.5;4.5;4
2923407;207;65;56;26;86;41.5;4.5;5.2;4.1
2923506;133;37;44;34;38;28.6;4.7;5.8;3.8
2923605;309;86;70;44;170;55;4.5;;4.7
2923704;553;142;231;40;181;32.7;4;4.9;3.7
2923803;379;128;136;36;49;12.9;4.9;5.6;4.3
2923902;179;70;45;20;26;14.5;4;6.4;3.7
2924009;1078;353;357;300;497;46.1;5.2;5.6;4.3
2924058;271;69;73;23;15;5.5;4.5;5.2;4.4
2924108;99;24;37;8;33;33.3;3.3;4.1;3.3
2924207;255;70;71;22;82;32.2;4.7;4.6;4
2924306;327;83;130;32;161;49.2;4.9;6.3;4.4
2924405;458;211;194;19;143;31.2;3.2;4.1;3.6
2924504;312;57;46;61;182;58.3;4.7;5.8;3.7
2924603;471;101;117;30;326;69.2;5;6;3.7
2924652;140;23;49;17;33;23.6;5.1;7;3.9
2924678;155;56;37;14;60;38.7;3.7;4.2;3.2
2924702;162;47;59;15;58;35.8;5.7;6.7;5
2924801;200;53;69;23;57;28.5;4.2;5.1;4.3
2924900;153;19;47;20;109;71.2;4.4;5.1;3.9
2925006;287;83;133;35;55;19.2;3.9;5.6;4.5
2925105;459;120;191;67;118;25.7;4.2;5.7;4.2
2925204;409;143;109;47;294;71.9;4.6;6;3.4
2925253;676;128;192;27;475;70.3;4.9;5.5;3.7
2925303;1973;645;570;297;1028;52.1;4.3;5.3;3.7
2925402;146;48;36;21;74;50.7;3.6;4.6;3.7
2925501;535;199;168;100;308;57.6;4;4.6;4
2925600;217;73;75;23;144;66.4;4.5;6;4.2
2925709;180;66;65;13;121;67.2;4.4;4.9;4.3
2925758;323;95;109;34;24;7.4;3.6;4.6;3.6
2925808;363;77;90;47;165;45.5;4;5.7;4
2925907;422;75;128;41;202;47.9;3.3;4.5;3.6
2925931;313;77;91;16;260;83.1;5.6;7.3;3.8
2925956;298;81;102;30;57;19.1;3.3;4;3.5
2926004;543;164;182;52;234;43.1;4.7;5;3.9
2926103;201;62;52;23;92;45.8;4.1;5.2;3.6
2926202;341;135;116;26;47;13.8;3.9;4.4;3.6
2926301;330;85;123;64;105;31.8;3.6;4.8;4
2926400;430;123;152;40;181;42.1;5.1;6.2;4
2926509;266;86;60;17;63;23.7;5;5.8;3.8
2926608;934;284;267;93;534;57.2;5.6;6.8;3.9
2926657;201;45;74;24;65;32.3;4;4.8;4.2
2926707;158;38;53;30;73;46.2;4.7;5.9;4.5
2926806;251;54;62;23;93;37.1;4.9;5.7;4.3
2926905;253;49;73;28;128;50.6;4.9;5.3;4.6
2927002;529;121;160;38;225;42.5;5;5.4;3.9
2927101;172;59;53;27;104;60.5;4.9;5.7;4.3
2927200;412;111;96;88;242;58.7;3.6;4.8;4
2927309;250;64;56;30;55;22;5.3;6;4.3
2927408;14531;4093;5062;4019;3324;22.9;3.9;5.6;3.5
2927507;356;93;99;45;167;46.9;3.7;4.9;3.3
2927606;212;77;87;26;67;31.6;3.9;4.8;4
2927705;393;160;150;34;269;68.4;4.3;5.6;3.6
2927804;84;20;23;10;40;47.6;4;4.9;3.7
2927903;259;25;44;85;120;46.3;4.6;6.5;4.1
2928000;469;99;141;72;260;55.4;4.1;4.9;3.9
2928059;161;64;37;16;76;47.2;3.7;4.3;3.6
2928109;473;162;150;102;120;25.4;4;5;4
2928208;269;104;105;38;78;29;4.4;5.6;3.5
2928307;142;35;71;19;44;31;3.2;4.4;3.8
2928406;394;83;196;47;91;23.1;4.1;5.2;3.9
2928505;147;35;40;20;65;44.2;4.6;5.2;4.6
2928604;632;121;190;132;281;44.5;3.3;4.9;3.5
2928703;903;235;257;174;401;44.4;3.9;4.9;3.3
2928802;505;117;163;79;220;43.6;3.6;4.8;3.4
2928901;328;104;115;35;173;52.7;4.8;5.8;3.9
2928950;149;30;40;28;76;51;4.8;5.3;4.5
2929008;161;31;43;34;50;31.1;4.4;4.2;3.5
2929057;321;55;86;102;144;44.9;5.3;6.2;4.2
2929107;351;67;57;28;173;49.3;3.8;5.5;3.1
2929206;374;103;104;60;51;13.6;3.1;4.6;3.1
2929255;257;75;86;29;123;47.9;4.6;5.1;4.1
2929305;332;109;103;38;66;19.9;3.5;4.9;4
2929354;92;27;34;11;39;42.4;4.5;5.3;3.7
2929370;162;31;42;22;14;8.6;5;5.3;4
2929404;142;34;68;16;44;31;3.9;4.6;4
2929503;486;148;177;62;236;48.6;3.9;5.5;3.5
2929602;382;57;103;50;162;42.4;4.4;6;3.2
2929701;347;52;109;16;106;30.5;4.4;5.2;4.6
2929750;155;44;55;19;113;72.9;4.5;5.4;2.4
2929800;166;44;57;18;73;44;4.1;4.8;4.2
2929909;578;160;156;152;259;44.8;4.6;6.3;4
2930006;145;34;55;20;49;33.8;4;5.9;4.2
2930105;959;134;232;242;309;32.2;4.3;5.2;3.9
2930154;635;190;218;46;290;45.7;4.3;5.6;3.7
2930204;509;149;199;38;114;22.4;3.9;5.3;3.6
2930303;243;76;83;22;16;6.6;4.5;5.8;3.8
2930402;260;53;111;34;120;46.2;4.1;5.2;3.5
2930501;1196;279;274;237;437;36.5;3.7;4.6;3.8
2930600;140;36;36;31;8;5.7;3.9;5.6;3.9
2930709;1078;227;348;256;292;27.1;3.4;5.4;3.5
2930758;345;64;125;29;181;52.5;3.9;4.5;3.4
2930766;203;53;60;18;62;30.5;4.8;5.4;4
2930774;288;73;112;34;158;54.9;4.1;5.3;3.8
2930808;203;40;67;33;107;52.7;5;6.3;3.9
2930907;380;78;92;169;52;13.7;4.5;5.4;3.8
2931004;350;77;117;41;116;33.1;4.6;6.2;4.1
2931053;265;69;86;31;101;38.1;5.3;6.6;5
2931103;109;29;33;12;65;59.6;3.8;5.4;3.2
2931202;250;80;93;22;144;57.6;3.9;5;3.1
2931301;201;56;58;25;86;42.8;4.5;6.3;4.4
2931350;1315;318;383;234;230;17.5;4.6;5.3;4.3
2931400;96;37;28;11;49;51;3.9;4.5;3.2
2931509;280;86;71;26;75;26.8;3.4;4.6;3.8
2931608;176;57;51;14;8;4.5;4.5;5;3.9
2931707;168;50;46;15;97;57.7;3.6;4.5;3.8
2931806;229;65;76;33;90;39.3;4.7;6.1;4.5
2931905;745;171;231;67;233;31.3;4.2;5.9;3.8
2932002;511;80;157;90;242;47.4;5.2;5.2;4.1
2932101;259;55;96;25;132;51;4.2;5.3;3.7
2932200;288;84;101;38;167;58;3.8;5;3.6
2932309;200;40;56;23;42;21;3.8;4.7;3.6
2932408;167;59;58;21;81;48.5;4;5.7;3.6
2932457;203;61;60;26;66;32.5;4.2;4.9;3.3
2932507;266;87;76;24;129;48.5;3.9;5.9;3.5
2932606;264;74;63;27;137;51.9;4.4;6.1;4.3
2932705;318;92;63;66;145;45.6;3.5;4.4;3.6
2932804;193;62;66;20;15;7.8;4.6;5.5;4.3
2932903;958;205;272;288;346;36.1;3.9;4.7;4.2
2933000;370;50;104;63;202;54.6;4.2;5.5;4.2
2933059;215;32;55;18;78;36.3;5;6;4.2
2933109;114;21;40;16;5;4.4;4.4;4.8;4.1
2933158;156;52;52;17;72;46.2;4;5.6;4.2
2933174;114;34;38;13;6;5.3;4.3;5.2;3.5
2933208;440;122;139;61;282;64.1;4.3;5.2;3.1
2933257;125;37;58;13;48;38.4;5.6;6;3.9
2933307;2387;492;811;665;777;32.6;5;6.1;4.5
2933406;115;39;26;27;29;25.2;4.3;6.2;3.7
2933455;180;58;66;17;81;45;4.4;5.8;3.4
2933505;292;109;96;24;53;18.2;3.5;4.5;3.3
2933604;837;221;246;168;309;36.9;4;5.3;3.5
3100104;79;21;34;16;29;36.7;5.6;6.6;4.1
3100203;187;66;65;36;36;19.3;5.7;6.8;4.9
3100302;180;63;62;36;101;56.1;5.6;6.7;5
3100401;72;19;27;19;38;52.8;5.7;6;4.6
3100500;141;32;78;50;85;60.3;5;6.8;5
3100609;188;52;94;69;113;60.1;5.2;7.2;4.7
3100708;29;10;7;11;17;58.6;6;5.9;4.5
3100807;56;20;14;23;29;51.8;5.9;6.9;4.8
3100906;219;63;71;49;142;64.8;4.8;6.2;4.1
3101003;194;46;81;73;129;66.5;5.2;5.9;4.3
3101102;402;97;126;106;217;54;5.5;6;4.6
3101201;62;23;27;20;39;62.9;5.6;6.5;5.1
3101300;35;10;10;10;16;45.7;6;6.8;5.3
3101409;50;13;11;10;34;68;5.8;6.3;5.2
3101508;443;104;157;120;146;33;4.9;5.7;3.8
3101607;797;232;214;170;380;47.7;5.2;6.8;4.5
3101631;110;44;28;32;45;40.9;5.1;6.5;4.3
3101706;618;103;192;178;255;41.3;4.8;5.7;4.5
3101805;96;30;41;24;39;40.6;4.7;6.1;4.3
3101904;197;62;59;44;110;55.8;5.4;6.2;4.3
3102001;142;53;29;43;57;40.1;6;7.3;5.2
3102050;70;24;23;26;35;50;5.8;6.2;4.8
3102100;137;49;47;41;63;46;5.6;7.8;5
3102209;79;18;41;21;41;51.9;4.4;7;4.3
3102308;150;52;54;50;64;42.7;5.5;6.8;4
3102407;120;25;52;33;88;73.3;4.7;6.1;4.2
3102506;67;21;34;23;40;59.7;5.7;5.6;4.4
3102605;363;133;82;70;102;28.1;5.8;6.3;4.9
3102704;132;30;57;64;82;62.1;4.7;5.3;4.2
3102803;119;29;25;30;30;25.2;4.7;5.5;4.7
3102852;101;25;23;26;48;47.5;5.2;6.3;4.6
3102902;130;34;47;53;78;60;5;6.8;4.6
3103009;129;47;46;43;70;54.3;5.3;7.1;4.4
3103108;30;10;12;12;15;50;6.6;7.8;5.5
3103207;40;9;11;12;20;50;4.5;6.3;4.3
3103306;34;14;11;14;10;29.4;4.4;4.9;3.3
3103405;606;104;211;179;348;57.4;5.1;6.1;4.6
3103504;1194;384;367;269;347;29.1;5.5;6.5;4.7
3103603;49;13;11;16;26;53.1;4;5.9;4.3
3103702;79;22;38;38;29;36.7;5.1;7.3;4.9
3103751;101;27;18;25;43;42.6;5.6;5.8;4.6
3103801;32;10;11;13;9;28.1;6.5;7.2;5.4
3103900;92;37;29;27;35;38;5.4;7.2;4.9
3104007;1526;301;302;311;638;41.8;5.6;6.7;4.9
3104106;100;29;27;24;27;27;4.8;7;3.1
3104205;460;110;99;121;152;33;5.5;7.1;4.7
3104304;161;53;39;37;33;20.5;5.4;7.1;4.8
3104403;49;14;15;12;24;49;5.4;8.2;4.4
3104452;79;22;33;21;51;64.6;5.8;7;4.7
3104502;366;69;139;180;248;67.8;5.2;6.2;4.5
3104601;148;47;46;54;54;36.5;5.2;6.1;4.2
3104700;194;54;69;74;131;67.5;4.8;5.4;4.2
3104809;46;13;21;15;21;45.7;4;5.7;4.3
3104908;152;50;62;58;62;40.8;5.6;6.3;4.8
3105004;97;33;45;41;63;64.9;5.7;6.7;4.6
3105103;353;74;70;170;114;32.3;5.6;7.1;4.6
3105202;72;22;28;22;47;65.3;6;6.3;5.1
3105301;91;20;25;26;32;35.2;5.7;6.3;4.7
3105400;410;130;129;67;211;51.5;5.4;6.1;4.8
3105509;117;24;30;33;71;60.7;5.1;6.7;4.3
3105608;1338;343;388;496;646;48.3;5.6;6.7;5.3
3105707;65;16;29;18;28;43.1;5.3;6.4;4.3
3105905;260;71;73;77;110;42.3;6;6.6;4.9
3106002;126;42;36;28;54;42.9;5.7;5.9;4.3
3106101;63;19;29;34;26;41.3;5.2;5.3;3.9
3106200;19817;5322;5295;5432;4678;23.6;5.2;6.3;4.7
3106309;324;89;94;74;156;48.1;5.3;6.5;4.5
3106408;125;42;40;24;96;76.8;5.6;7.2;4.9
3106507;188;23;98;75;128;68.1;5.9;6.7;4.6
3106606;138;17;80;37;133;96.4;4.4;5.9;4.1
3106655;66;17;25;20;44;66.7;5.4;6.6;3.9
3106705;4827;1700;1584;1199;718;14.9;5.2;6.1;4.5
3106804;49;7;21;25;29;59.2;5.1;3.6;4.3
3106903;181;61;41;40;97;53.6;5.1;6.5;4.7
3107000;32;6;7;7;16;50;6.1;6.5;5.5
3107109;429;113;116;142;214;49.9;5.5;6.8;4.6
3107208;56;16;19;12;34;60.7;4.9;6.2;5.6
3107307;668;161;260;246;343;51.3;5;6.3;4.2
3107406;675;185;142;137;377;55.9;5.5;6.5;5
3107505;85;26;22;28;20;23.5;5.6;6;4.9
3107604;49;19;17;15;16;32.7;5.7;7.2;4.9
3107703;82;34;21;18;27;32.9;5.1;6.4;4.3
3107802;161;48;86;53;99;61.5;5.8;7;5
3107901;117;40;41;32;43;36.8;5.4;5.8;4.4
3108008;189;43;67;68;81;42.9;5.5;6.7;4.6
3108107;80;26;31;27;34;42.5;6.1;8.2;5.2
3108206;91;26;31;24;49;53.8;5.1;6.4;4.8
3108255;206;32;98;75;140;68;4.4;5.5;4
3108305;200;57;64;49;57;28.5;5.7;7;5
3108404;163;45;56;47;49;30.1;5.7;7.2;4.9
3108503;130;30;53;53;79;60.8;5.6;7.2;4.7
3108552;214;64;69;85;134;62.6;5;6;4.2
3108602;458;101;181;160;271;59.2;5.3;6.4;4.3
3108701;59;17;24;18;17;28.8;6.5;7;5.1
3108800;71;21;41;22;31;43.7;5.8;6.6;4.5
3108909;206;61;62;93;125;60.7;5.8;6.4;5
3109006;470;158;127;81;267;56.8;5.5;6.5;4.6
3109105;69;25;23;25;16;23.2;6.1;7.1;5.2
3109204;111;32;32;26;36;32.4;5.1;5.8;4.6
3109253;58;18;20;18;45;77.6;6.6;6.8;4.5
3109303;505;126;194;129;331;65.5;5;5.9;4
3109402;490;80;147;174;365;74.5;4.8;6;4.1
3109451;117;33;41;35;81;69.2;5;6.3;4.6
3109501;162;74;34;29;94;58;5.4;6.6;4.3
3109600;55;12;12;14;20;36.4;5.8;6.3;5.3
3109709;155;46;34;40;60;38.7;6.1;6.8;5.2
3109808;52;12;10;16;39;75;5.2;6.5;4.9
3109907;123;41;44;29;31;25.2;5.4;6.9;4.1
3110004;442;142;130;129;165;37.3;5.7;6.5;5
3110103;66;14;32;24;12;18.2;4.6;6.6;3.8
3110202;91;23;27;21;34;37.4;5.4;6.7;4.7
3110301;201;53;85;59;125;62.2;6.1;6.6;4.6
3110400;38;12;16;18;18;47.4;4.8;7.4;4.5
3110509;280;83;76;51;92;32.9;4.8;6.3;4.4
3110608;295;99;83;89;95;32.2;5.4;6.8;4.3
3110707;137;45;36;36;41;29.9;5.3;6.4;4.4
3110806;48;12;16;20;33;68.8;4.5;5.8;4.5
3110905;197;57;42;28;58;29.4;5;5.9;4.1
3111002;252;77;88;44;131;52;5.1;6.7;4.7
3111101;232;72;54;69;82;35.3;5.2;6;3.4
3111150;65;24;31;23;30;46.2;4.5;5.6;4.3
3111200;479;131;142;145;201;42;5.5;6.7;4.8
3111309;144;69;32;23;62;43.1;4.7;6.5;4.7
3111408;115;42;30;29;67;58.3;;5.7;4.3
3111507;166;48;42;24;118;71.1;4.6;5.8;4.7
3111606;359;106;94;76;233;64.9;5.4;6.6;4.8
3111705;65;25;23;20;43;66.2;5.4;6.2;4.7
3111804;125;36;32;32;75;60;5.8;7.1;4.5
3111903;56;14;19;26;26;46.4;5;7;4.5
3112000;127;39;40;33;46;36.2;5.7;6.9;4.9
3112059;59;15;25;16;32;54.2;5.3;5.9;3.8
3112109;67;22;28;22;31;46.3;4.9;6.8;4
3112208;44;11;22;13;15;34.1;5.4;7.2;4.9
3112307;608;139;152;150;305;50.2;5.8;6.8;4.8
3112406;58;22;21;23;33;56.9;5.1;6;4.7
3112505;120;46;39;42;72;60;4.6;7;4.2
3112604;189;56;46;35;80;42.3;5.4;6.1;4
3112653;92;24;25;42;61;66.3;4.4;6;4.3
3112703;208;54;84;51;123;59.1;4.3;5.2;3.5
3112802;104;39;33;27;41;39.4;5.5;7.5;4.3
3112901;149;50;62;34;117;78.5;5.1;5.7;4.1
3113008;330;69;139;99;223;67.6;4.9;6.1;4
3113107;45;9;23;20;16;35.6;5.6;6.6;4.7
3113206;354;103;127;77;139;39.3;5.3;7;4.7
3113305;384;97;130;129;175;45.6;4.8;6.1;4.5
3113404;995;259;340;332;658;66.1;5.6;6.6;4.7
3113503;113;25;32;28;50;44.2;5.7;6.1;4.8
3113602;65;16;23;24;42;64.6;5.1;6.6;4.5
3113701;251;61;128;56;159;63.3;5.2;5.8;3.8
3113800;139;50;50;56;134;96.4;5.4;5.9;4.4
3113909;122;40;32;35;29;23.8;5.5;6.3;4.6
3114006;113;30;40;37;52;46;5.3;6.3;4
3114105;143;36;37;59;64;44.8;5.4;6.4;4.9
3114204;308;81;112;119;194;63;5.5;6.4;4.9
3114303;289;80;105;75;146;50.5;5.5;7.3;4.7
3114402;211;60;66;68;111;52.6;5.3;6.7;4.3
3114501;217;87;45;28;88;40.6;5.9;7.1;4.9
3114550;140;50;47;51;46;32.9;4.6;6.1;4.5
3114600;47;16;17;19;16;34;5.2;6.5;4.5
3114709;44;13;12;14;20;45.5;5.8;7;4.7
3114808;56;14;26;21;29;51.8;5.6;7.1;4.9
3114907;41;6;14;18;18;43.9;5.1;7.5;5.8
3115003;53;16;10;9;19;35.8;5.6;7.2;5
3115102;159;59;40;42;54;34;5.2;6.4;4.7
3115201;53;25;19;20;10;18.9;5.9;6.2;4.9
3115300;674;185;233;154;284;42.1;5.3;6.2;4.4
3115359;92;31;28;21;51;55.4;5.6;6.6;4.9
3115409;60;13;29;19;23;38.3;5;6.3;4.3
3115458;112;32;49;29;38;33.9;4.5;5.8;4.4
3115474;78;22;33;35;51;65.4;5.2;5.9;4.5
3115508;220;58;68;50;65;29.5;5.4;6.1;4.8
3115607;27;6;7;10;14;51.9;;6.5;4.3
3115706;89;23;36;38;77;86.5;5.3;6.5;4.7
3115805;123;44;30;23;95;77.2;4.9;6;4.2
3115904;54;18;16;13;12;22.2;5.3;6.1;4.4
3116001;114;27;57;41;89;78.1;4.9;6.4;4.2
3116100;197;25;98;95;119;60.4;5.5;6.3;4.5
3116159;285;53;113;107;231;81.1;5.1;6.3;4.1
3116209;56;20;14;11;18;32.1;3.8;;4.1
3116308;62;26;18;21;20;32.3;5.2;7.1;4.5
3116407;64;24;19;26;20;31.2;5.2;6.3;4.2
3116506;89;22;39;42;47;52.8;4.9;6.5;4.6
3116605;351;83;110;103;199;56.7;6;7;5.1
3116704;82;22;22;25;30;36.6;4.9;7;3.9
3116803;110;33;51;36;45;40.9;5.4;6.6;4.6
3116902;40;10;11;11;29;72.5;5.5;6.4;4.7
3117009;79;11;53;33;35;44.3;4.7;7;4.4
3117108;127;37;32;33;61;48;6;7.1;4.8
3117207;43;11;16;20;15;34.9;6;6.4;4.8
3117306;265;67;56;71;83;31.3;4.7;6;4.2
3117405;89;14;48;28;65;73;5.3;;4
3117504;329;92;126;75;174;52.9;5;6.1;4.1
3117603;92;30;41;24;53;57.6;4.1;6.4;4.6
3117702;127;46;24;22;25;19.7;5;6.4;4.2
3117801;150;56;34;34;51;34;5.8;7.1;4.6
3117836;183;49;80;90;94;51.4;;6.4;4
3117876;117;36;30;25;67;57.3;4.7;6.3;4.3
3117900;104;34;24;31;34;32.7;5.1;6.9;4.6
3118007;814;273;208;172;311;38.2;5.3;6.7;4.8
3118106;48;20;16;17;22;45.8;4.7;6;3.6
3118205;95;19;31;28;63;66.3;4.9;7.3;4.4
3118304;1806;447;542;463;864;47.8;6;7;5
3118403;289;76;121;84;180;62.3;5;6.6;4.7
3118502;24;8;8;10;15;62.5;5.6;6.6;4
3118601;5833;1792;1657;1525;1989;34.1;5;6;4.6
3118700;103;30;33;27;21;20.4;5.9;6.3;5
3118809;515;125;232;179;393;76.3;4.9;6.2;4.1
3118908;85;26;35;31;47;55.3;5.8;6.9;4.7
3119005;42;12;16;18;10;23.8;5.1;6;4.6
3119104;325;86;119;96;206;63.4;5;5.9;4.5
3119203;178;29;85;60;122;68.5;5.6;5.8;4.8
3119302;336;88;112;96;159;47.3;5.5;6.9;4.6
3119401;996;293;259;244;423;42.5;5.5;6.6;4.7
3119500;128;27;49;29;50;39.1;6;7.8;4.3
3119609;54;18;11;18;32;59.3;4.4;5.9;4.8
3119708;41;15;15;19;11;26.8;5.7;7.2;5.4
3119807;33;12;9;13;12;36.4;5.3;6.3;3.8
3119906;42;15;13;14;25;59.5;6;6.4;5.2
3119955;67;24;24;17;31;46.3;5.6;7.4;4.3
3120003;39;11;16;18;10;25.6;5.4;6.1;4.6
3120102;71;17;19;18;43;60.6;4.9;6.1;4.3
3120151;75;28;26;22;41;54.7;4;5.2;3.7
3120201;124;46;44;34;76;61.3;4.9;7.1;4.6
3120300;89;19;39;39;41;46.1;4.6;5.7;4
3120409;74;24;32;24;19;25.7;5.4;6.6;4.2
3120508;143;48;47;48;84;58.7;5.3;7.3;4.3
3120607;62;22;15;24;20;32.3;5.4;7;4.9
3120706;97;23;19;16;42;43.3;5.5;6.3;4.8
3120805;129;42;46;45;52;40.3;5.5;6.7;4.9
3120839;64;17;25;29;30;46.9;5.3;6.7;4.4
3120870;106;36;34;33;62;58.5;5.1;7.4;4.3
3120904;863;237;297;350;292;33.8;5.4;6.7;4.8
3121001;88;27;30;33;55;62.5;5.1;7.1;4.2
3121100;105;34;46;37;40;38.1;5.5;7.1;4.8
3121209;99;34;39;32;30;30.3;5.2;6.2;4.2
3121258;150;48;40;28;29;19.3;5;5.6;4.1
3121308;64;21;19;31;33;51.6;5.8;7.2;5
3121407;115;34;46;41;75;65.2;6.1;7.2;5.1
3121506;48;16;15;9;9;18.8;5.8;6.7;5.9
3121605;695;165;240;231;354;50.9;5.5;6.8;4.7
3121704;73;19;34;35;46;63;5.4;6.1;4.9
3121803;79;21;29;35;53;67.1;6.9;7.1;4.8
3121902;61;18;20;21;36;59;6;5.8;4.9
3122009;263;96;88;104;115;43.7;5;6.1;4.3
3122108;92;34;40;16;46;50;6;6.1;4.8
3122207;133;40;48;31;86;64.7;5.2;6.2;4.2
3122306;2577;699;700;636;1679;65.2;5.9;6.8;4.9
3122355;96;27;27;27;50;52.1;4.7;6;4.1
3122405;92;25;19;24;19;20.7;4.9;6.6;4.6
3122454;109;32;40;36;34;31.2;5.2;6.3;4.5
3122470;76;26;25;34;55;72.4;5.4;7.4;4.7
3122504;59;24;21;20;24;40.7;5.8;6.4;4.8
3122603;75;23;26;27;44;58.7;5;6.7;4.3
3122702;57;16;19;20;19;33.3;6;7.3;4.7
3122801;54;21;18;16;30;55.6;6.2;7.5;3.4
3122900;77;23;26;30;27;35.1;5.7;6.7;4.8
3123007;93;27;29;28;23;24.7;5.3;6.9;4.9
3123106;78;25;35;38;38;48.7;5.7;6;4.6
3123205;109;28;31;34;33;30.3;5.5;6.8;4.3
3123304;68;23;19;27;30;44.1;5.6;7.8;4.8
3123403;24;6;7;7;10;41.7;4.8;6;4.2
3123502;22;6;10;12;13;59.1;5.5;7.5;4.8
3123528;102;31;40;37;40;39.2;5.5;6.3;4.5
3123601;330;91;99;64;72;21.8;5.4;6;4.6
3123700;120;38;34;26;65;54.2;5;6.3;4.6
3123809;85;30;29;35;50;58.8;4.5;6.1;3.8
3123858;77;18;19;20;41;53.2;6.9;7.2;5.9
3123908;212;61;92;77;147;69.3;6.2;7.5;5.2
3124005;249;65;81;50;105;42.2;5.2;6.1;4.7
3124104;992;346;332;228;630;63.5;4.7;5.8;4.4
3124203;328;84;136;113;106;32.3;5.3;6.3;4.1
3124302;465;137;153;104;245;52.7;5.7;6.9;4.3
3124401;101;45;19;24;26;25.7;5.2;6.5;3.8
3124500;120;44;32;30;38;31.7;5.3;7.7;4.6
3124609;40;10;10;16;23;57.5;4.7;6.2;4.3
3124708;34;10;14;20;11;32.4;6.1;;4.7
3124807;87;29;22;26;49;56.3;5.4;6.7;4.4
3124906;114;31;56;41;58;50.9;5.3;6.2;4.5
3125002;80;28;26;22;41;51.2;5.1;6.1;4.5
3125101;792;254;163;87;376;47.5;5.6;6.5;4.9
3125200;43;15;14;15;8;18.6;5.5;7.4;4.8
3125309;66;19;21;18;39;59.1;5.3;5.5;4.4
3125408;74;21;25;27;42;56.8;5.2;6.4;4.2
3125507;54;13;11;18;24;44.4;5.9;7;4.6
3125606;100;19;48;28;48;48;4.9;6.1;4.3
3125705;180;39;51;38;101;56.1;4.9;6.1;4.6
3125804;32;11;12;12;15;46.9;4.7;5.7;4.6
3125903;138;22;63;53;88;63.8;5;7.6;4.4
3125952;199;44;68;55;56;28.1;5.3;7;4.4
3126000;173;21;24;100;60;34.7;5.6;7.3;
3126109;686;170;203;216;326;47.5;5.8;7.1;5.1
3126208;124;32;53;39;70;56.5;5.4;6.4;4.4
3126307;48;12;19;14;24;50;5.8;6.9;4.9
3126406;46;15;10;15;16;34.8;5.4;6.8;5
3126505;125;15;68;46;88;70.4;5.5;7.7;4.5
3126604;57;17;24;20;36;63.2;4.1;5.3;3.9
3126703;328;75;110;102;188;57.3;4.9;5.6;4
3126752;71;17;27;38;32;45.1;5.6;6.3;4.4
3126802;84;22;31;28;51;60.7;4.3;5.7;3.4
3126901;132;35;49;54;62;47;4.8;5.6;3.9
3126950;67;17;35;20;40;59.7;5.6;7.4;4.8
3127008;171;46;48;50;70;40.9;4.5;6.1;4.3
3127057;77;21;28;31;52;67.5;4.4;6.2;3.8
3127073;61;18;22;25;36;59;4.6;5.4;4.1
3127107;573;188;177;141;146;25.5;5.1;6.1;4.2
3127206;81;26;28;33;41;50.6;5.5;6.2;4.4
3127305;77;21;31;29;52;67.5;4.4;5.7;4
3127339;141;34;56;49;99;70.2;5.6;6.3;3.9
3127354;66;22;28;29;38;57.6;5.3;7.4;4.7
3127370;54;16;16;21;23;42.6;5.4;5.8;4.5
3127388;83;21;35;44;46;55.4;5;6.8;4.7
3127404;44;17;16;12;14;31.8;5.6;;4.2
3127503;91;28;34;33;64;70.3;5.7;6.8;4.4
3127602;159;39;48;44;66;41.5;5.9;7;4.7
3127701;3320;819;904;941;1981;59.7;5.2;6.5;4.5
3127800;249;54;88;86;115;46.2;4.9;6.5;4.2
3127909;20;7;7;7;11;55;6.1;6.5;5
3128006;376;91;124;120;192;51.1;5.4;6.6;3.9
3128105;202;60;38;25;77;38.1;5.6;6.5;4.8
3128204;104;40;35;15;48;46.2;5.2;6.5;5
3128253;60;17;20;29;18;30;5.5;6.7;4.5
3128303;163;66;53;43;65;39.9;5;6.5;4.4
3128402;93;26;18;21;58;62.4;5.6;6.6;
3128501;61;16;17;16;36;59;5;6.2;4.7
3128600;85;24;23;23;52;61.2;5;6.2;4.3
3128709;441;167;117;112;85;19.3;5.3;6.7;4.5
3128808;78;20;31;26;33;42.3;5.6;7.1;5
3128907;105;30;33;32;43;41;5.7;6.6;4.6
3129004;77;26;27;21;19;24.7;5.6;7;5.1
3129103;63;16;28;30;28;44.4;4.5;6.6;4.2
3129202;65;20;20;20;20;30.8;5.4;6.6;4.7
3129301;117;29;52;46;49;41.9;5.7;7.3;4.8
3129400;67;17;20;26;40;59.7;5.3;6.1;5
3129509;274;91;93;73;88;32.1;5;6.1;4.3
3129608;134;45;48;45;67;50;5.4;5.7;4
3129657;133;32;54;51;75;56.4;5.9;6.9;4.5
3129707;134;49;29;29;44;32.8;4.7;6.3;4
3129806;1977;750;566;513;838;42.4;4.8;5.9;4.3
3129905;47;13;21;22;16;34;5.4;6.7;4.4
3130002;41;11;12;15;11;26.8;5.5;6.7;2.9
3130051;188;38;81;78;111;59;4.6;6.3;3.8
3130101;678;221;146;169;299;44.1;5.2;6;4.4
3130200;113;31;38;39;38;33.6;5.5;6.7;4.9
3130309;68;27;19;23;25;36.8;5.2;6.2;4.1
3130408;87;34;16;28;25;28.7;4.9;6.2;4.2
3130507;133;45;41;41;72;54.1;5.6;6.3;4.7
3130556;100;41;35;27;63;63;5.5;6.1;4.7
3130606;154;23;19;112;35;22.7;5.6;7.8;5.3
3130655;103;16;51;44;55;53.4;5.6;6.8;4.7
3130705;131;56;37;21;92;70.2;5.2;6.2;5.2
3130804;43;13;14;14;21;48.8;5;6.5;4.4
3130903;358;75;159;75;234;65.4;5.6;6.7;4.5
3131000;83;24;23;20;53;63.9;5.5;6.2;4.5
3131109;87;26;36;38;40;46;5;5.4;3.9
3131158;225;60;91;87;158;70.2;5;6.6;4.4
3131208;205;47;59;29;131;63.9;5.3;7;4.5
3131307;2825;1088;849;553;1361;48.2;5.7;6.8;4.8
3131406;48;14;11;17;32;66.7;4.7;5.7;4.5
3131505;80;26;29;23;22;27.5;5.6;6.8;4.8
3131604;79;29;28;26;26;32.9;4.8;6.2;4.3
3131703;1103;369;359;301;560;50.8;5.5;6.3;4.9
3131802;118;41;30;34;87;73.7;5.5;6.3;5
3131901;811;262;189;133;219;27;5.8;6.8;4.9
3132008;85;22;39;32;59;69.4;5.6;7.2;4.5
3132107;282;55;106;64;182;64.5;4.7;6.1;4
3132206;145;55;43;42;73;50.3;5.8;6.9;5
3132305;168;42;75;43;93;55.4;4.1;6;4.2
3132404;831;278;198;202;315;37.9;5.5;6.4;4.8
3132503;563;112;202;173;325;57.7;6;7;4.7
3132602;48;12;14;11;20;41.7;5;6.5;5.1
3132701;275;95;104;57;147;53.5;5;6;4.1
3132800;26;6;8;12;15;57.7;5.1;6.1;4.9
3132909;138;61;21;26;30;21.7;5.7;7.1;4.3
3133006;153;41;42;54;84;54.9;5.7;6.2;4.6
3133105;161;49;43;50;62;38.5;5.5;7.1;4.9
3133204;190;46;63;61;84;44.2;5.4;6.4;4.7
3133303;243;59;85;70;119;49;5.2;5.8;4.2
3133402;157;37;38;23;74;47.1;5.8;7;4.8
3133501;240;79;88;107;119;49.6;5.8;7;4.7
3133600;178;50;46;47;77;43.3;4.8;5.8;4.6
3133709;247;95;63;31;162;65.6;5.6;6.4;4.8
3133758;124;36;39;26;55;44.4;5.8;7.2;4.5
3133808;880;224;263;268;483;54.9;5.6;6.9;4.8
3133907;89;27;31;36;56;62.9;5.8;6.8;4.5
3134004;214;48;109;59;137;64;5.2;6;3.9
3134103;90;26;36;30;63;70;5;6.1;4.8
3134202;1246;365;351;335;660;53;5.2;6.1;4.6
3134301;80;21;36;35;44;55;5.3;6.6;4.7
3134400;434;139;127;130;124;28.6;5.1;6.3;4.5
3134509;57;16;15;25;26;45.6;5.5;7;4.5
3134608;201;69;72;77;98;48.8;5.4;6.1;4.7
3134707;138;27;60;65;86;62.3;4.4;5.7;4.1
3134806;78;30;23;37;27;34.6;5.4;6.7;4.5
3134905;343;123;84;37;261;76.1;4.9;6.5;4.6
3135001;67;20;13;13;48;71.6;4.8;6.5;5
3135050;608;201;212;195;384;63.2;4.8;5.7;4.3
3135076;67;13;38;30;37;55.2;4;5.6;3.5
3135100;979;270;264;275;562;57.4;5.1;6.1;4.4
3135209;1370;231;548;485;779;56.9;5.1;5.9;4.3
3135308;93;29;28;22;46;49.5;6;7.2;5.2
3135357;166;40;77;46;93;56;5;6.7;4.3
3135407;106;32;20;16;93;87.7;6.2;6.8;4.9
3135456;98;29;36;28;56;57.1;5.4;6.6;4.3
3135506;161;45;64;53;73;45.3;5.1;6.9;4.2
3135605;111;20;51;55;52;46.8;5.3;6;4.5
3135704;67;26;26;19;30;44.8;5.2;6.5;4.5
3135803;330;74;127;115;194;58.8;4.8;6.2;3.8
3135902;68;17;35;20;35;51.5;6.1;7.2;5.3
3136009;196;54;61;36;72;36.7;4.7;5.8;4.1
3136108;68;21;29;21;40;58.8;4.9;6;4.6
3136207;818;223;181;171;227;27.8;5.6;6.8;4.7
3136306;598;179;205;184;354;59.2;5.5;6.5;4.1
3136405;54;15;18;11;27;50;;6.5;4.9
3136504;156;38;65;51;119;76.3;5.1;5.7;3.8
3136520;60;14;28;20;30;50;5.3;5.8;4.7
3136553;83;20;27;35;55;66.3;5.9;6.6;4.6
3136579;50;15;18;19;27;54;4.7;6.4;4.2
3136603;80;30;27;33;54;67.5;5.4;6.3;4.5
3136652;505;190;185;70;186;36.8;5.2;6.4;4.2
3136702;6256;1870;2107;1563;2557;40.9;4.9;5.7;4.5
3136801;61;14;33;20;37;60.7;4.6;7.2;4.2
3136900;120;49;28;29;38;31.7;6.2;6.9;5.1
3136959;137;36;54;57;85;62;4.4;5.5;4.7
3137007;187;20;107;60;111;59.4;4.5;;3.9
3137106;99;21;33;34;65;65.7;6;6.1;4.9
3137205;478;140;129;128;227;47.5;5.7;7.2;4.9
3137304;46;15;15;18;17;37;4.5;5.3;4.3
3137403;181;64;60;34;40;22.1;5.6;7.1;5.5
3137502;222;70;41;48;112;50.5;6;7.2;4.7
3137536;107;31;26;36;46;43;5.3;6.2;4.8
3137601;691;173;197;166;261;37.8;5.1;6.3;4.5
3137700;283;89;113;85;140;49.5;5.1;6.5;4.6
3137809;196;68;43;35;45;23;6.2;6.6;5
3137908;54;14;28;19;8;14.8;5.9;7.2;4.7
3138005;57;15;18;16;15;26.3;5.3;6.6;4.8
3138104;120;39;46;48;87;72.5;4.8;5.3;3.8
3138203;823;266;308;241;222;27;5.5;6.5;4.5
3138302;45;11;19;12;36;80;5.6;6.9;4.2
3138351;106;22;52;34;72;67.9;7;6.6;5.3
3138401;659;159;221;256;307;46.6;5;5.8;4.7
3138500;56;20;17;23;17;30.4;5.5;6.6;4.6
3138609;267;81;93;96;164;61.4;5.3;6.1;4.7
3138625;102;46;26;29;30;29.4;4.9;6.1;4.2
3138658;156;41;52;48;81;51.9;5.4;6.3;4.5
3138674;92;24;38;22;50;54.3;5.1;6.2;4.6
3138682;111;25;60;37;85;76.6;4.8;5.8;4
3138708;75;19;22;21;18;24;5.6;6.7;5.1
3138807;192;57;62;52;61;31.8;5;6.8;3.8
3138906;92;24;23;33;65;70.7;4.6;5.8;4.1
3139003;487;109;100;173;144;29.6;5.1;7.2;4.8
3139102;75;19;21;28;30;40;5.2;5.9;4.9
3139201;291;88;95;115;221;75.9;5.2;6.3;4.6
3139250;61;21;18;23;31;50.8;5;6.9;4.1
3139300;331;81;136;113;149;45;4.8;5.8;4.1
3139409;999;272;341;346;477;47.7;5.2;6.4;4.5
3139508;206;54;73;62;82;39.8;5.3;6.4;4.9
3139607;249;63;84;48;115;46.2;5.7;6.5;4.7
3139706;107;29;38;27;55;51.4;4.7;6.2;4.6
3139805;138;43;40;28;72;52.2;5.8;6.9;4.5
3139904;244;77;61;60;112;45.9;5.9;7.2;5
3140001;944;279;329;191;427;45.2;5.1;6.2;4.8
3140100;75;19;15;24;31;41.3;5.2;6.6;5.1
3140159;179;66;59;56;90;50.3;4.6;6.3;4.2
3140209;55;14;15;19;33;60;6;6.9;5
3140308;72;18;30;30;24;33.3;5.9;5.5;4.9
3140407;42;14;16;14;9;21.4;5.6;7.1;5.3
3140506;194;53;65;58;107;55.2;5.3;6.9;4.9
3140530;119;30;38;22;63;52.9;4.7;6.6;4.6
3140555;113;24;38;35;55;48.7;5.8;7.1;4.7
3140605;55;18;24;20;21;38.2;5.1;6;4.2
3140704;465;163;120;90;215;46.2;4.7;6.2;4.5
3140803;193;77;48;44;53;27.5;4.9;5.5;4.6
3140852;178;43;58;65;138;77.5;4.6;4.8;4.3
3140902;291;94;101;114;232;79.7;5;6.3;4.2
3141009;192;49;52;29;102;53.1;5.9;6.4;4.4
3141108;411;137;132;117;278;67.6;5.2;6.1;4.6
3141207;60;17;20;14;27;45;4.6;6.4;4.4
3141306;63;19;22;14;19;30.2;5.4;6.2;4.3
3141405;251;72;78;70;136;54.2;5;6.2;4
3141504;73;21;27;32;43;58.9;5.5;6.2;4.5
3141603;89;28;30;32;36;40.4;4.9;6.5;4.4
3141702;84;18;38;23;32;38.1;4.9;6.5;4.8
3141801;454;89;219;158;244;53.7;5.6;6.6;4.9
3141900;44;12;14;13;12;27.3;5.1;6;4.9
3142007;193;62;65;54;97;50.3;4.7;6.3;3.8
3142106;135;42;39;25;36;26.7;6;7.1;4.8
3142205;148;57;39;45;63;42.6;5.1;7;4.6
3142254;139;36;52;48;84;60.4;4.2;4.5;
3142304;72;23;20;27;51;70.8;6.1;6.6;4.6
3142403;77;31;24;28;23;29.9;5.9;7.4;4.4
3142502;52;14;21;18;26;50;5.5;6.6;4.4
3142601;90;32;27;22;39;43.3;5.4;6.2;4.3
3142700;260;64;109;104;174;66.9;5.4;6.8;4.5
3142809;261;81;94;56;81;31;5.1;5.5;4.2
3142908;272;59;134;71;144;52.9;5;6.4;4.3
3143005;149;44;33;28;29;19.5;5.9;6.6;4.7
3143104;503;136;132;116;266;52.9;5.6;6.5;4.8
3143153;61;10;32;22;37;60.7;4.9;7.1;4
3143203;221;63;56;47;86;38.9;5.3;6.3;4.7
3143302;4509;1209;1346;1386;2472;54.8;5.4;6.7;4.6
3143401;264;94;90;35;71;26.9;4.8;6.9;4.9
3143450;105;26;36;30;49;46.7;6;6.8;5.1
3143500;141;21;41;30;87;61.7;4.4;6.5;4.9
3143609;48;11;18;12;36;75;4.1;5.7;4.7
3143708;48;17;18;17;34;70.8;4.7;6.7;4.2
3143807;96;29;23;43;61;63.5;5.6;7;5
3143906;1256;309;456;367;483;38.5;5.7;6.6;4.9
3144003;361;93;165;92;208;57.6;5.7;6.8;4.7
3144102;311;91;44;116;59;19;6;6.5;5.2
3144201;39;13;13;19;22;56.4;6.8;7;5
3144300;390;120;148;136;242;62.1;4.9;6.3;4.4
3144359;90;24;22;27;27;30;5;6;4
3144375;44;13;20;23;13;29.5;5.4;6.5;4.1
3144409;55;13;25;24;16;29.1;5.6;6.6;5
3144508;90;28;27;34;28;31.1;5.6;6.1;4.6
3144607;300;76;82;119;98;32.7;5;6.2;4.2
3144656;115;36;45;50;59;51.3;6;6.7;4.5
3144672;88;38;18;25;61;69.3;5.2;5.8;4.5
3144706;169;63;58;44;65;38.5;5.4;6.7;4.3
3144805;1111;342;221;211;316;28.4;5.1;6.7;4.7
3144904;55;23;19;20;29;52.7;4.8;5.7;4.1
3145000;211;64;68;49;148;70.1;5.9;8;5
3145059;141;33;42;45;89;63.1;4.8;5.9;4.2
3145109;185;59;52;53;49;26.5;5.9;6.6;4.8
3145208;1428;525;287;204;433;30.3;5.3;6.3;4.5
3145307;446;109;227;160;301;67.5;5;5.7;4.2
3145356;142;34;63;51;105;73.9;5.1;7.7;4.6
3145372;85;20;33;21;51;60;5.5;;4.5
3145406;54;30;14;12;27;50;4.7;6;4.7
3145455;77;19;32;30;34;44.2;5.1;6.2;3.7
3145505;44;12;11;15;23;52.3;5.3;6.6;5.7
3145604;408;125;103;90;138;33.8;5.4;6.9;4.3
3145703;36;7;9;17;31;86.1;5.3;5.5;
3145802;59;13;29;23;43;72.9;5.6;7.8;4.3
3145851;54;15;12;18;16;29.6;5.3;6;4.3
3145877;129;34;55;26;69;53.5;;6.1;3.9
3145901;543;148;158;148;210;38.7;5.2;6.6;5.1
3146008;286;87;85;83;101;35.3;6;7.2;4.6
3146107;1164;281;347;329;381;32.7;5;6.2;4.2
3146206;95;26;46;25;60;63.2;4.7;6.4;4.3
3146255;85;29;31;34;51;60;4.2;6;4.1
3146305;273;69;112;66;168;61.5;4.9;6;4.5
3146404;42;12;13;17;19;45.2;5.8;7.5;5.1
3146503;93;20;27;29;37;39.8;5.1;7.1;4.3
3146552;110;30;38;46;45;40.9;5.4;6.6;4.5
3146602;31;7;8;13;24;77.4;6.4;6.8;4.9
3146701;66;13;30;20;23;34.8;4.9;6;4.6
3146750;92;26;47;39;53;57.6;4.8;6.2;3.8
3146909;182;56;57;73;51;28;4.8;6.2;4
3147006;1360;334;355;290;564;41.5;5;6;4.2
3147105;1348;293;297;272;482;35.8;5.6;6.9;4.8
3147204;233;62;47;37;87;37.3;5.3;6.2;4.1
3147303;207;69;65;64;90;43.5;5.6;7.3;4.5
3147402;232;83;80;57;97;41.8;5.1;6.6;4.4
3147501;29;8;9;13;24;82.8;5.5;;4.3
3147600;162;63;47;29;69;42.6;5.3;7;4.6
3147709;81;26;31;19;28;34.6;5.5;7;4.7
3147808;36;12;13;10;24;66.7;5.3;6.5;5.2
3147907;1405;346;417;435;601;42.8;5.5;6.8;4.7
3147956;91;26;45;29;52;57.1;5.4;6.7;4.5
3148004;1696;450;514;454;972;57.3;5.6;6.7;4.9
3148103;1238;374;351;340;446;36;5.4;6.3;4.7
3148202;62;21;20;25;33;53.2;5.4;6.1;4.1
3148301;90;28;37;41;45;50;4.9;6.8;4.5
3148400;58;18;27;21;32;55.2;4.7;5.8;4.4
3148509;92;35;35;44;68;73.9;4.8;6.3;3.7
3148608;213;45;78;57;124;58.2;5.2;6.4;4.2
3148707;285;68;82;73;136;47.7;4.7;5.4;4.1
3148756;121;37;49;37;56;46.3;4.2;6.4;4.1
3148806;42;12;16;16;16;38.1;5.4;6.5;5.5
3148905;64;22;19;11;20;31.2;5.7;6.7;5
3149002;52;15;18;14;15;28.8;5.8;6.7;5.3
3149101;104;42;23;27;52;50;6;5.9;4.9
3149150;163;40;60;61;112;68.7;4.6;5.6;4
3149200;45;11;16;16;32;71.1;5.8;7.1;5.3
3149309;730;190;193;134;442;60.5;5.1;6.4;4.2
3149408;36;10;12;13;26;72.2;6.4;7.2;6.2
3149507;56;14;15;16;27;48.2;5;6.7;4.6
3149606;60;18;18;21;28;46.7;5.1;6.7;4.5
3149705;148;48;38;33;38;25.7;5.2;7.3;4.4
3149804;224;65;51;48;165;73.7;5.6;6.8;4.5
3149903;265;82;64;54;119;44.9;5.3;6.6;4.6
3149952;128;31;34;22;97;75.8;4.1;5.4;3.7
3150000;44;15;14;18;20;45.5;4.8;6.2;3.9
3150109;41;15;15;17;15;36.6;5;6.1;5
3150158;99;36;30;32;48;48.5;5.2;5.8;4.6
3150208;64;19;24;18;40;62.5;5;6;4.4
3150307;54;19;16;18;19;35.2;5.5;6.8;4.2
3150406;45;20;19;19;22;48.9;5.8;7.2;5.3
3150505;72;27;26;21;38;52.8;5.2;7;4.4
3150539;64;19;14;20;28;43.8;5.9;6.7;5.3
3150570;121;34;54;49;54;44.6;4.7;6.2;4.4
3150604;80;23;27;30;31;38.8;5.5;6.8;4.7
3150703;77;23;21;22;29;37.7;5.7;6.2;4.6
3150802;218;74;89;80;110;50.5;5.8;7;4.8
3150901;62;20;21;16;27;43.5;5.5;5.7;5.3
3151008;113;40;26;26;33;29.2;5.9;6.6;4.5
3151107;130;32;58;25;55;42.3;5.1;5.9;4.5
3151206;750;149;233;283;272;36.3;4.9;6;4.5
3151305;142;46;43;30;77;54.2;5.3;6.6;4.9
3151404;364;102;129;93;162;44.5;5.5;6.7;4.5
3151503;381;110;86;110;231;60.6;4.8;6.4;4.6
3151602;118;46;32;38;27;22.9;4.2;5.6;3.8
3151701;137;49;37;22;47;34.3;5.7;6.3;4.8
3151800;1749;439;472;379;340;19.4;5.2;6.1;5.1
3151909;115;30;56;35;81;70.4;5;6.7;4.3
3152006;371;98;119;85;127;34.2;5.2;6.2;4.1
3152105;767;220;212;163;271;35.3;5;6.2;4.7
3152131;61;19;15;23;22;36.1;4.5;;4.5
3152170;197;50;80;54;130;66;4.7;6.2;4.2
3152204;525;134;175;148;259;49.3;5.5;6.7;4.6
3152303;115;26;40;30;49;42.6;5.3;6.6;4.9
3152402;187;57;76;66;114;61;4.7;6.1;4.1
3152501;1667;455;447;367;705;42.3;5.3;6.4;4.7
3152600;79;28;19;18;18;22.8;6;6.8;4.7
3152709;86;31;28;32;35;40.7;6;6.9;5.5
3152808;265;106;78;42;164;61.9;5.2;6.2;4.3
3152907;101;32;22;32;34;33.7;5.6;6.8;4.4
3153004;51;18;18;21;14;27.5;5.3;6.3;4.5
3153103;70;25;28;23;39;55.7;5.8;7.4;4.7
3153202;65;14;27;21;30;46.2;4.8;6.6;4.2
3153301;57;19;15;22;38;66.7;5.4;6.4;4.1
3153400;330;93;122;82;197;59.7;5.9;6.9;4.7
3153509;103;29;46;40;62;60.2;5.4;5.9;4.3
3153608;151;34;49;39;83;55;5.1;5.9;4.3
3153707;44;13;12;10;35;79.5;5.1;5.3;4.5
3153806;33;11;8;10;8;24.2;5.9;8.4;4.9
3153905;222;60;38;29;166;74.8;5.3;6.5;4.7
3154002;262;80;119;54;138;52.7;5.9;6.6;4.8
3154101;109;33;40;21;55;50.5;5;6;4.4
3154150;95;37;27;30;44;46.3;4.6;6.4;4.5
3154200;107;28;48;35;18;16.8;5.6;7;4.7
3154309;184;57;89;46;109;59.2;4.8;5.9;4.2
3154408;71;25;17;16;23;32.4;5.5;6.2;5.2
3154457;109;40;46;44;62;56.9;4.9;6.1;4.2
3154507;159;34;67;45;83;52.2;5;6.6;3.7
3154606;3956;1025;987;1055;1244;31.4;4.9;5.8;4.3
3154705;57;14;17;26;28;49.1;5.7;6.1;4.3
3154804;142;49;36;19;40;28.2;4.3;5.9;4.2
3154903;164;38;65;23;24;14.6;4.4;5.4;4.4
3155009;47;13;12;13;26;55.3;6.1;7.6;3.8
3155108;75;20;25;29;50;66.7;4.6;5.9;4.5
3155207;73;19;32;22;25;34.2;5.5;7.3;4.4
3155306;61;26;19;18;25;41;5.7;7.7;4.7
3155405;93;27;20;22;35;37.6;4.6;5.8;4
3155504;172;57;50;29;97;56.4;5.1;6.1;4.8
3155603;402;86;172;82;192;47.8;5.7;7.1;4.9
3155702;276;71;75;54;157;56.9;5.9;7.3;4.8
3155801;251;52;30;122;53;21.1;4.8;7;4.7
3155900;59;21;17;15;25;42.4;5.8;6.3;5
3156007;183;53;70;49;120;65.6;5.4;5.6;4.1
3156106;47;19;16;17;15;31.9;6;6.8;5.2
3156205;47;15;10;14;23;48.9;5.8;7.1;6.3
3156304;107;31;28;36;67;62.6;5.5;6.7;4.9
3156403;48;15;13;14;29;60.4;5.5;6.6;4.4
3156452;67;17;19;21;38;56.7;5.4;5.9;5
3156502;91;18;43;43;47;51.6;6.2;8.6;5.3
3156601;115;25;38;38;91;79.1;4.8;5.6;3.9
3156700;1329;425;372;324;398;29.9;5;6;4.7
3156809;177;44;67;58;111;62.7;4.7;6.4;4.2
3156908;386;119;98;112;212;54.9;5.5;6.3;4.6
3157005;506;117;161;210;241;47.6;5.5;6.3;4.7
3157104;91;18;36;24;65;71.4;4.6;5.6;3.9
3157203;396;150;119;109;178;44.9;5.4;6;4.8
3157252;103;43;40;30;48;46.6;5.5;6.7;5.1
3157278;50;17;11;13;23;46;5.1;6.3;6.1
3157302;84;24;26;19;58;69;5.2;6.8;4.7
3157336;74;20;27;23;42;56.8;4.7;6.1;4.5
3157377;83;19;49;27;33;39.8;4.8;6.5;4.3
3157401;75;28;40;14;25;33.3;4.9;6.5;4.8
3157500;51;16;20;15;23;45.1;5.6;5.6;4.7
3157609;61;16;26;32;31;50.8;6;5.3;4
3157658;116;27;58;28;97;83.6;5.5;5.7;4.4
3157708;146;44;38;38;49;33.6;5.1;7.2;4.2
3157807;2299;766;756;607;1051;45.7;4.7;5.9;4.1
3157906;196;47;81;57;107;54.6;4.9;5.9;4.7
3158003;109;26;43;47;43;39.4;4.9;5.7;4.2
3158102;80;21;28;28;60;75;4.7;5.7;3.9
3158201;257;49;100;60;203;79;5.2;7;4.4
3158300;73;21;19;18;30;41.1;5.3;6.9;4.8
3158409;46;12;11;13;19;41.3;4.7;6.6;4.2
3158508;82;20;50;27;51;62.2;4.8;5.7;4.9
3158607;55;19;12;17;14;25.5;4.3;6.3;5
3158706;42;11;13;14;27;64.3;4.9;5.7;4
3158805;50;16;14;20;15;30;5.7;5.9;4.7
3158904;146;47;50;60;87;59.6;5.3;6.1;4.4
3158953;404;105;133;125;272;67.3;5.5;6.3;4.6
3159001;86;25;25;31;66;76.7;4.5;6.2;4.3
3159100;72;22;24;19;27;37.5;5.8;6.6;4.2
3159209;92;33;36;28;28;30.4;6.2;7.5;5.3
3159308;63;19;21;15;15;23.8;4.8;5.8;4.7
3159357;88;26;29;37;36;40.9;5.1;5.6;5.1
3159407;51;9;29;13;35;68.6;5.2;6.9;4.3
3159506;105;30;44;36;82;78.1;;6.6;4.4
3159605;411;137;105;83;90;21.9;5.9;7;4.7
3159704;57;18;18;12;18;31.6;5.4;6.8;5
3159803;232;70;80;45;82;35.3;5.1;6.3;4.2
3159902;213;63;49;64;134;62.9;5.2;6.3;4
3160009;54;17;21;16;30;55.6;5.5;5.9;4.7
3160108;63;21;19;20;19;30.2;6.2;6.4;5.1
3160207;49;13;17;20;23;46.9;4.5;5;3.8
3160306;144;26;68;59;79;54.9;4.5;5.6;3.6
3160405;281;61;91;92;129;45.9;5.5;7;5
3160454;134;39;40;43;79;59;5.8;6.3;4.6
3160504;35;7;15;21;19;54.3;6.4;7.5;5.9
3160603;46;15;22;25;18;39.1;5;6;4.5
3160702;676;141;245;216;356;52.7;5.1;6.2;4.7
3160801;57;18;16;22;29;50.9;4.9;6.5;4.5
3160900;61;16;18;17;48;78.7;5.8;6.7;5.1
3160959;98;35;32;15;31;31.6;5.7;7.2;5
3161007;200;58;63;50;120;60;5.5;7;4.4
3161056;60;16;20;25;32;53.3;5.2;6.6;4.3
3161106;890;246;376;289;491;55.2;4.9;6;4.2
3161205;83;24;22;33;31;37.3;5.6;6.5;5
3161304;81;23;23;18;30;37;4.6;5.7;4.5
3161403;63;19;17;26;35;55.6;5.9;6.4;4.9
3161502;129;36;34;44;79;61.2;5.3;6.8;4.6
3161601;58;24;22;17;48;82.8;5.7;5.7;4.6
3161650;48;11;19;15;31;64.6;4.9;6;4.2
3161700;84;23;27;16;47;56;5.6;6.5;4.4
3161809;158;56;36;33;118;74.7;5.3;6.9;4.5
3161908;220;96;41;42;135;61.4;5.7;7.4;5.1
3162005;252;86;90;71;103;40.9;5.1;6.7;4.5
3162104;482;159;152;115;331;68.7;5.3;6.6;4.4
3162203;76;24;28;24;32;42.1;5.2;6.8;4.3
3162252;70;22;31;24;37;52.9;5;6.2;4.3
3162302;40;16;12;14;11;27.5;5.7;7.5;5.3
3162401;400;108;142;110;255;63.8;5.1;7;4.2
3162450;606;114;308;142;563;92.9;4.8;5.9;4.4
3162500;871;230;280;269;289;33.2;5.7;7.1;5
3162559;200;74;92;51;121;60.5;4.9;6.4;4.3
3162575;71;20;35;29;49;69;5.6;6.5;4.9
3162609;89;30;28;30;26;29.2;5.1;6.2;4.3
3162658;65;17;30;20;25;38.5;4.6;6.5;4.5
3162708;277;79;83;74;134;48.4;6;7.5;4.8
3162807;265;59;79;130;132;49.8;5.2;5.9;4.8
3162906;297;84;110;69;108;36.4;4.9;6.4;4.6
3162922;553;173;143;127;285;51.5;4.9;5.9;4.5
3162948;117;48;44;47;52;44.4;5.7;7.1;4.6
3162955;337;112;85;78;177;52.5;5.5;6.1;4.9
3163003;80;22;42;18;41;51.2;6.1;6.5;5
3163102;71;20;17;19;23;32.4;4.9;6.1;3.9
3163201;59;19;23;23;15;25.4;5.8;6.4;5.1
3163300;55;19;17;15;33;60;5.4;6;4.8
3163409;57;19;21;22;20;35.1;5.1;6.1;5
3163508;96;30;36;35;58;60.4;5.6;5.8;4.4
3163607;72;24;30;14;48;66.7;5.2;6.4;4.4
3163706;353;127;109;101;133;37.7;5.5;6.7;4.5
3163805;101;27;38;57;66;65.3;6.1;6.2;4.5
3163904;76;26;23;22;33;43.4;5.2;7;4.4
3164001;104;26;48;40;66;63.5;5.3;5.9;4.2
3164100;83;24;41;33;51;61.4;5.5;6.4;4.4
3164209;106;42;32;34;61;57.5;4.9;6.4;4.3
3164308;107;36;46;43;71;66.4;5.1;6.3;4.3
3164407;74;25;26;24;31;41.9;5.4;7.5;4.1
3164431;57;20;18;14;32;56.1;5.6;6.7;4.7
3164472;110;31;39;23;62;56.4;5.6;6.4;4.6
3164506;153;27;82;62;105;68.6;5.6;7.9;4.5
3164605;166;40;38;22;37;22.3;5.1;6;4.5
3164704;678;223;217;165;264;38.9;5.8;6.5;4.8
3164803;26;8;13;14;19;73.1;6;6.6;5.1
3164902;44;11;12;14;13;29.5;5.2;6.7;6.6
3165008;131;44;34;35;53;40.5;6;7.5;4.5
3165107;73;22;21;26;29;39.7;5.3;6.6;4.6
3165206;80;28;34;31;48;60;5.8;6.9;4.4
3165305;82;24;24;30;22;26.8;5.2;6.2;
3165404;121;26;41;27;40;33.1;5.3;6;4.1
3165503;125;55;39;26;101;80.8;5.8;;4.9
3165537;510;200;108;112;268;52.5;5.6;6.9;4.6
3165552;209;44;113;83;165;78.9;4.8;5.9;4.2
3165560;28;6;9;9;17;60.7;5.9;7.3;5.4
3165578;95;32;33;22;57;60;4.7;6.2;4.5
3165602;49;16;10;11;28;57.1;4;6.2;3.6
3165701;77;26;21;29;17;22.1;5.9;7.2;5.3
3165800;26;8;9;7;18;69.2;5.1;6.9;4.6
3165909;48;11;20;21;13;27.1;5.6;6.9;3.7
3166006;71;27;22;27;16;22.5;6.3;7.3;5
3166105;40;16;15;17;24;60;5.1;5.7;4.4
3166204;105;41;44;36;52;49.5;5.3;7.8;4.5
3166303;112;47;36;25;59;52.7;5.1;6.5;4.7
3166402;36;10;8;12;30;83.3;6.1;7;5
3166501;63;32;19;24;29;46;4.4;6;
3166600;17;7;6;0;16;94.1;;;
3166709;110;30;36;38;62;56.4;4.8;5.6;4
3166808;184;65;55;51;99;53.8;5.6;6.4;4.4
3166907;77;22;22;25;20;26;5.3;7.1;4.4
3166956;101;19;33;37;74;73.3;5.5;7.4;4.5
3167004;34;8;7;10;28;82.4;6;6.1;4.6
3167103;325;70;142;119;154;47.4;4.8;6.1;4.1
3167202;2521;609;755;715;1189;47.2;5.2;6.4;4.6
3167301;44;12;18;12;29;65.9;6.1;7.1;5.6
3167400;59;18;16;17;36;61;5.7;6.6;4.3
3167509;38;13;12;10;17;44.7;4.9;5.3;3.6
3167608;339;129;145;70;220;64.9;5;6.6;4.3
3167707;65;19;29;20;40;61.5;6.2;6.4;
3167806;59;13;19;26;21;35.6;5.9;6.7;4.5
3167905;45;15;17;18;24;53.3;5.1;5.8;4
3168002;337;120;85;70;165;49;5.5;6.9;4.8
3168051;70;15;37;19;56;80;6;7.4;5
3168101;101;30;25;18;49;48.5;5.3;5.9;4.9
3168200;38;10;14;10;31;81.6;5.6;6.4;5
3168309;63;21;15;17;26;41.3;5.2;5.9;4.1
3168408;217;59;106;82;122;56.2;5.5;6.9;4.7
3168507;157;40;59;25;62;39.5;6;6.4;4.8
3168606;1811;451;609;583;1165;64.3;5;6;4.6
3168705;761;218;238;261;224;29.4;5.4;6.6;5.2
3168804;99;18;30;21;48;48.5;4.5;6.2;4.5
3168903;71;23;26;26;40;56.3;5.2;6.7;4.5
3169000;161;49;38;31;24;14.9;5.2;6.3;4
3169059;70;25;30;14;12;17.1;6.9;7.5;5.9
3169109;101;28;30;32;75;74.3;6;6.7;4.8
3169208;105;25;39;49;43;41;5.6;6.2;4.5
3169307;743;180;200;180;303;40.8;5.3;6.1;4.5
3169356;397;102;119;88;178;44.8;5.3;6.4;4.3
3169406;582;156;157;137;281;48.3;5.2;6.7;4.5
3169505;107;30;36;41;74;69.2;5.2;5.6;4.6
3169604;326;103;105;88;190;58.3;5.4;5.8;4.7
3169703;316;74;100;77;197;62.3;6;7;5
3169802;63;21;16;22;26;41.3;5;6.2;4.8
3169901;993;285;317;322;485;48.8;5.5;6.8;4.6
3170008;179;41;84;59;96;53.6;4.2;5.3;3.9
3170057;162;58;58;60;110;67.9;5.2;6.5;4.8
3170107;4312;925;1062;1036;1535;35.6;5.1;6;4.5
3170206;7488;2359;2302;1628;2037;27.2;5.4;6.1;4.8
3170305;50;11;17;24;35;70;4.9;5.2;4
3170404;1064;278;323;289;510;47.9;5.1;6.3;4.4
3170438;46;17;17;18;18;39.1;4.8;6;4.3
3170479;68;20;23;21;46;67.6;5;6.1;4.3
3170503;142;36;40;29;69;48.6;5.3;6.3;4.4
3170529;195;50;85;46;119;61;4.5;5.3;4.2
3170578;50;18;15;16;19;38;5.5;6.4;4.9
3170602;43;20;12;10;20;46.5;6.1;7.6;4.5
3170651;66;16;27;27;30;45.5;5.5;7.8;4.5
3170701;1365;342;361;350;615;45.1;5.2;6.2;4.6
3170750;92;28;30;32;58;63;4.7;6.7;4.3
3170800;437;111;148;141;242;55.4;5;5.9;4.2
3170909;440;105;211;146;261;59.3;5.2;6.1;4
3171006;296;104;80;62;223;75.3;5.5;6.7;4.5
3171030;174;36;84;38;124;71.3;4.5;5.5;3.8
3171071;80;22;28;38;42;52.5;5.8;7.4;5.2
3171105;61;21;18;20;26;42.6;5.2;8.9;5.4
3171154;71;16;32;26;23;32.4;5.5;6.7;4.6
3171204;1538;443;433;349;1100;71.5;5;6.1;4.4
3171303;754;223;221;197;334;44.3;5.1;6.4;5.2
3171402;71;20;23;19;38;53.5;5.5;6.9;5.1
3171501;56;12;12;15;40;71.4;5;5.4;3.8
3171600;142;32;61;49;53;37.3;5;6.2;4.2
3171709;120;32;49;36;84;70;4.9;6.5;4.7
3171808;126;43;57;38;90;71.4;5.4;6.1;4.6
3171907;66;20;25;16;39;59.1;5.5;6.4;4.9
3172004;432;125;129;105;140;32.4;5;6.8;4.5
3172103;69;17;21;18;26;37.7;4.7;5.2;4
3172202;35;10;14;14;15;42.9;5.8;;5.1
3200102;480;135;179;113;348;72.5;5.8;7.1;5.1
3200136;216;67;86;53;148;68.5;5.5;8.1;4.7
3200169;196;60;87;53;164;83.7;5.6;6.7;4.8
3200201;459;105;126;186;274;59.7;5.8;7.2;4.9
3200300;230;61;99;30;142;61.7;6.3;7;5.3
3200359;94;33;27;17;70;74.5;5.5;7.7;5.6
3200409;702;196;195;104;479;68.2;5.7;7;5
3200508;111;37;40;21;37;33.3;5.3;6.3;4.3
3200607;1347;430;332;292;774;57.5;5.1;6.3;4.8
3200706;218;53;48;35;144;66.1;4.7;6.2;5.2
3200805;475;158;135;74;203;42.7;5;5.9;4.9
3200904;577;181;190;122;341;59.1;5;7.2;5.2
3201001;288;92;101;74;217;75.3;5.4;6.5;5.1
3201100;105;41;27;21;56;53.3;5;7;4.2
3201159;241;83;116;87;195;80.9;5.8;6.9;5.1
3201209;2478;683;589;541;1601;64.6;5.1;6.3;5.4
3201308;4830;1617;1299;938;2875;59.5;4.9;6.1;4.7
3201407;570;231;219;60;384;67.4;5.3;6.6;5.2
3201506;1628;517;393;361;861;52.9;5.4;6.5;4.9
3201605;507;168;165;82;401;79.1;4.9;6;4.8
3201704;224;91;63;30;184;82.1;5.5;6.2;5.1
3201803;59;24;16;16;55;93.2;5.8;6.4;4.8
3201902;607;178;327;91;466;76.8;6.1;7.1;5.5
3202009;143;47;44;53;92;64.3;5.9;6.8;5.2
3202108;330;81;129;80;220;66.7;4.9;6.8;4.5
3202207;259;72;64;40;175;67.6;5.2;6.5;4.8
3202256;207;51;79;38;173;83.6;5.6;7;5.1
3202306;421;124;75;47;318;75.5;5.2;6.5;5.1
3202405;1802;493;420;395;1057;58.7;5.2;6.3;4.9
3202454;393;153;98;85;265;67.4;5;6.4;4.7
3202504;194;58;59;41;132;68;5.2;6.7;4.8
3202553;202;71;55;37;161;79.7;5.4;6.4;5
3202603;164;49;36;25;136;82.9;6.2;6.8;5.3
3202652;187;56;50;37;101;54;5.8;6.5;5
3202702;234;81;50;53;142;60.7;6;7.6;4.8
3202801;786;230;296;99;555;70.6;5.4;6.1;5
3202900;183;53;58;41;158;86.3;6.1;7.1;5.3
3203007;336;101;121;93;201;59.8;5.3;6.3;5
3203056;538;172;221;62;395;73.4;5.6;6.5;5.1
3203106;157;54;41;43;119;75.8;5.8;6.4;4.9
3203130;213;55;52;33;140;65.7;;6.6;5.2
3203163;198;49;108;44;154;77.8;6;7.1;5.6
3203205;2486;709;603;428;1047;42.1;5.1;6.2;4.8
3203304;156;59;67;61;91;58.3;5.4;7.3;5.1
3203320;1039;385;261;83;612;58.9;5.6;6.5;5.5
3203346;250;79;72;45;215;86;5.5;6.8;5.8
3203353;204;52;77;39;156;76.5;6;8.1;5.7
3203403;292;95;115;72;202;69.2;5.2;6.7;4.8
3203502;420;101;127;110;349;83.1;5.4;6.3;
3203601;105;28;37;16;95;90.5;4.8;6.6;4.2
3203700;316;112;105;76;259;82;5.8;7;5.5
3203809;180;57;62;36;130;72.2;5.7;6.8;5.3
3203908;999;270;347;158;673;67.4;5.8;7.1;5.4
3204005;238;78;79;46;193;81.1;5;6.1;4.7
3204054;355;114;85;73;289;81.4;5.4;6.2;5.2
3204104;405;114;108;59;291;71.9;5.5;6.7;5.2
3204203;390;122;92;89;132;33.8;5.8;6.6;
3204252;133;36;34;25;108;81.2;5.4;6.3;4.7
3204302;406;128;100;39;354;87.2;5.5;6.8;5.5
3204351;383;103;132;39;285;74.4;5.1;6.6;4.8
3204401;180;44;60;57;116;64.4;6;6.6;5.3
3204500;183;49;75;34;88;48.1;5.7;6.9;4.9
3204559;784;247;350;171;559;71.3;6;7;5.3
3204609;373;101;111;143;260;69.7;5.9;7.1;5.1
3204658;134;51;66;23;118;88.1;5;6.4;4.8
3204708;550;135;176;98;366;66.5;5.7;7;5.4
3204807;157;58;39;25;132;84.1;4.9;6;4.7
3204906;1984;588;627;332;1343;67.7;5.3;6.1;4.9
3204955;156;52;41;31;100;64.1;6;7.5;5.1
3205002;7040;2459;1824;1085;4888;69.4;5.2;6;4.8
3205010;530;180;120;66;347;65.5;5.1;5.9;4.7
3205036;298;83;97;75;175;58.7;5.8;6.7;5.8
3205069;377;86;84;103;233;61.8;5.9;7.2;5.3
3205101;1223;392;278;196;947;77.4;5;6.9;4.6
3205150;169;39;84;36;106;62.7;5.9;6.7;5.3
3205176;250;75;83;36;197;78.8;5.4;6.9;4.9
3205200;4998;1676;1194;1021;2303;46.1;5.2;6.6;4.7
3205309;4350;1168;916;817;2020;46.4;5.3;6.4;4.7
3300100;1857;501;650;389;57;3.1;4.7;6.1;4.1
3300159;179;35;68;53;3;1.7;5.3;6.3;4.5
3300209;2271;686;697;270;765;33.7;4.7;5.8;3.8
3300225;156;55;51;42;12;7.7;4.8;6.1;4
3300233;957;310;260;126;650;67.9;4.2;5.8;3.4
3300258;787;187;157;116;469;59.6;4.8;5.6;4
3300308;769;232;303;228;71;9.2;4.6;5.5;4.1
3300407;1866;616;661;413;219;11.7;4.7;6;4.4
3300456;3516;930;1477;919;1662;47.3;3.9;4.8;3.5
3300506;316;77;121;102;22;7;5;5.9;4.5
3300605;540;107;184;221;52;9.6;5.1;6.5;4.7
3300704;2955;915;796;506;1146;38.8;4;5.3;3.6
3300803;763;176;292;194;75;9.8;4.4;5.2;4.1
3300902;252;63;89;88;47;18.7;6;6;4.8
3300936;235;90;68;19;110;46.8;4.5;5.6;3.6
3300951;180;52;64;26;8;4.4;5.7;6.9;4
3301009;5802;1186;1962;1547;1481;25.5;4.2;5.7;4.1
3301108;247;53;117;83;15;6.1;4.6;5.5;4.7
3301157;213;54;91;42;94;44.1;5.8;6;4.1
3301207;242;42;80;87;23;9.5;4.9;6.2;4.8
3301306;656;142;170;138;20;3;4.8;6.2;4
3301405;294;96;95;67;73;24.8;4.2;5.3;3.9
3301504;271;46;105;88;6;2.2;5.4;6.5;4.5
3301603;223;52;100;43;113;50.7;4.5;5.5;4.4
3301702;7168;1721;3008;2550;1815;25.3;4.2;4.9;3.8
3301801;199;62;54;64;69;34.7;4.9;5.5;4.3
3301850;812;219;233;98;573;70.6;5;5.7;3.9
3301876;516;144;140;70;305;59.1;5.3;6.8;3.8
3301900;2641;725;984;462;1367;51.8;4.1;5.2;3.7
3302007;1740;518;513;325;292;16.8;3.9;5.1;4
3302056;181;33;76;49;72;39.8;6.2;6.5;5.1
3302106;313;82;123;107;84;26.8;6;6.8;5
3302205;1059;196;371;406;317;29.9;5.8;7.4;4.9
3302254;419;117;149;25;51;12.2;4.7;5.2;4.1
3302270;941;266;375;202;39;4.1;3.6;4.7;3.3
3302304;106;21;38;27;17;16;5.1;6;4.9
3302403;2976;829;747;520;265;8.9;4.5;5.9;4.3
3302452;129;41;35;41;15;11.6;5;6.4;3.5
3302502;3234;781;1072;562;1318;40.8;4.2;5;3.7
3302601;746;203;251;82;27;3.6;4.7;5.3;3.9
3302700;2899;813;956;473;183;6.3;5;6.4;3.7
3302809;219;64;80;50;28;12.8;4.5;6.1;3.6
3302858;1644;438;579;328;747;45.4;4;5.5;3.6
3302908;308;72;97;94;23;7.5;5.2;6.2;4.5
3303005;368;59;124;122;75;20.4;5.5;7.2;4.6
3303104;210;60;78;77;46;21.9;4.9;6;4.4
3303203;1388;245;424;584;51;3.7;4.2;5.9;3.7
3303302;3915;874;1220;1328;197;5;4.2;5.5;4.1
3303401;2240;425;779;612;157;7;5;6.6;4.4
3303500;5922;1313;2496;2078;159;2.7;4;5;3.7
3303609;557;112;190;167;207;37.2;5;5.9;4
3303708;554;143;214;133;95;17.1;4.3;5.6;3.9
3303807;500;136;238;109;158;31.6;4.7;5.9;4.2
3303856;349;95;91;95;1;0.3;5.3;6.3;4.4
3303906;3105;974;1121;532;669;21.5;4.6;5.6;4
3303955;420;114;92;130;6;1.4;4;5.7;
3304003;518;188;217;80;6;1.2;5.1;5.8;4.1
3304102;217;41;98;83;66;30.4;5.1;5.9;4.5
3304110;311;92;106;28;15;4.8;5.3;6.9;4.2
3304128;221;60;88;37;2;0.9;5.1;6;4.3
3304144;1134;311;446;370;141;12.4;3.9;5.1;3.6
3304151;382;97;96;62;15;3.9;5;6.4;4.8
3304201;1377;413;456;323;28;2;4.9;6.3;4.5
3304300;796;149;271;170;184;23.1;4.2;5.3;4.3
3304409;290;61;120;67;32;11;4.3;5.7;4.6
3304508;208;71;64;43;26;12.5;5.7;6.8;4.8
3304524;1600;461;528;198;140;8.8;4.7;6.2;3.7
3304557;43251;12348;9298;11995;1658;3.8;5.2;6.2;3.8
3304607;139;42;42;12;44;31.7;5.1;5.7;4.6
3304706;632;135;163;150;171;27.1;5.6;6.6;4.9
3304755;959;251;343;173;446;46.5;4.2;5.2;4.3
3304805;664;168;259;124;264;39.8;4.4;5.2;4.3
3304904;5336;1090;2464;2121;701;13.1;4.1;4.9;3.7
3305000;887;200;346;158;286;32.2;4.1;5.9;4.4
3305109;2863;643;1078;1063;394;13.8;4;5.3;3.5
3305133;98;39;34;22;0;0;5.6;7.3;4.5
3305158;274;111;73;44;10;3.6;4.9;5.9;4.8
3305208;1520;531;495;223;194;12.8;4.7;6;4
3305307;121;33;44;36;16;13.2;4.7;5.8;4.8
3305406;313;90;113;73;54;17.3;5.4;5.8;4.2
3305505;1970;439;628;267;462;23.5;5.3;6.5;3.7
3305554;1323;296;513;314;350;26.5;4.4;5.2;4.3
3305604;365;86;137;51;17;4.7;4;5.4;3.9
3305703;182;38;82;36;62;34.1;5.4;6.1;4.7
3305752;529;99;160;70;271;51.2;4.4;5.2;3.5
3305802;1481;377;532;334;319;21.5;4.6;5.9;4
3305901;215;48;115;54;75;34.9;4.7;6.8;3.9
3306008;910;189;310;245;30;3.3;4.5;6.4;4
3306107;974;257;346;283;288;29.6;5.1;5.7;4.7
3306156;140;26;63;43;15;10.7;4.4;6;4.4
3306206;377;89;141;105;83;22;5;5.8;4.6
3306305;2918;803;750;741;365;12.5;5.3;6.3;4.5
3500105;419;96;68;126;122;29.1;5.7;7;5
3500204;65;19;20;18;13;20;5.3;6;3.7
3500303;396;141;97;92;122;30.8;5;6.2;4.2
3500402;66;19;35;13;33;50;5.5;6.8;4.9
3500501;276;66;99;41;63;22.8;5.7;6.9;4.9
3500550;109;35;17;18;50;45.9;5.1;6.4;4.3
3500600;72;28;19;10;8;11.1;6.5;7.1;4.7
3500709;436;114;129;110;180;41.3;4.9;6.5;4
3500758;71;32;23;14;35;49.3;5.7;6.1;4.6
3500808;51;17;17;21;14;27.5;5.4;5.9;4.6
3500907;60;18;18;17;24;40;5.4;6.1;5
3501004;192;73;39;17;95;49.5;5.4;6.5;4.6
3501103;44;11;16;20;16;36.4;7.4;6.5;6.6
3501152;232;88;65;30;112;48.3;4.8;6.3;4.5
3501202;60;29;31;12;22;36.7;5.7;6.5;4.7
3501301;268;105;81;39;97;36.2;5.4;6.6;4
3501400;69;16;16;15;38;55.1;4.8;6.3;3.1
3501509;54;17;23;15;25;46.3;4.7;6.2;4.4
3501608;1902;584;561;546;576;30.3;5.8;7.2;4.7
3501707;418;144;129;73;160;38.3;5.5;6.8;4.3
3501806;88;20;44;37;39;44.3;6.1;7.2;4.7
3501905;821;256;203;253;300;36.5;5.4;7;4.9
3502002;110;32;20;12;13;11.8;4.8;6;4.5
3502101;608;208;170;167;157;25.8;5;6.5;4.2
3502200;265;81;97;50;63;23.8;5.6;6.8;4.2
3502309;100;31;36;17;43;43;4.8;5.7;4
3502408;52;13;18;18;23;44.2;5.2;6.9;4.1
3502507;529;168;130;66;186;35.2;5.3;6.6;4.5
3502606;51;19;16;14;11;21.6;6;7.2;4.7
3502705;385;125;141;123;181;47;5.5;6.9;4.5
3502754;425;152;98;35;302;71.1;4.6;5.9;4.5
3502804;1493;493;481;429;301;20.2;5.5;7.2;4.6
3502903;376;152;104;55;135;35.9;5.2;6.6;4.3
3503000;72;23;17;18;25;34.7;4.9;6.3;4
3503109;81;26;16;17;32;39.5;4.5;6.6;4
3503158;38;13;13;10;11;28.9;5.3;6.3;4.1
3503208;2207;644;640;544;743;33.7;5.4;6.6;4.6
3503307;1558;465;383;254;488;31.3;5.4;7;4.5
3503356;43;12;21;19;22;51.2;5.7;6;4.3
3503406;105;44;27;21;32;30.5;4.8;8.2;3.7
3503505;53;18;12;10;15;28.3;5.1;6.3;4.8
3503604;120;36;35;22;34;28.3;5.5;6.8;3.8
3503703;110;31;23;26;48;43.6;5.5;7.7;5.9
3503802;471;182;144;95;259;55;5.4;6.6;4.6
3503901;1123;362;319;281;308;27.4;5.3;6.6;4.4
3503950;30;13;12;12;5;16.7;6;7.5;4.9
3504008;1195;434;281;283;444;37.2;5.2;6.7;4.7
3504107;1408;429;447;402;667;47.4;5.5;7.4;4.6
3504206;136;48;48;44;63;46.3;5.7;7.1;4.8
3504305;115;28;45;30;94;81.7;4.6;5.5;4.3
3504404;106;34;30;27;52;49.1;4.9;7.4;3.8
3504503;855;291;223;244;376;44;4.8;6.5;4.4
3504602;257;90;74;45;128;49.8;5.5;6.8;4.6
3504701;42;7;10;10;30;71.4;4.8;6.2;4.4
3504800;106;33;33;24;37;34.9;5.4;7.6;4.5
3504909;132;49;47;18;38;28.8;4.3;5.8;4.7
3505005;75;24;35;18;47;62.7;6.6;6.7;5.3
3505104;87;39;18;12;22;25.3;4.7;7;5.1
3505203;406;93;111;50;153;37.7;5.6;7.1;4
3505302;335;119;72;95;108;32.2;5.4;7.4;5.1
3505351;101;22;55;35;57;56.4;4.8;6;4.5
3505401;124;35;67;42;65;52.4;4.7;5.5;4.8
3505500;1106;380;287;312;592;53.5;5.4;7;4.8
3505609;435;150;129;46;234;53.8;5.2;6;4.4
3505708;4573;1710;1199;817;1398;30.6;5.3;6.3;4.7
3505807;221;73;66;76;97;43.9;5.4;6.3;4.4
3505906;592;181;148;152;180;30.4;5.6;7.2;4.9
3506003;3132;925;981;864;946;30.2;4.9;6.1;4.4
3506102;998;206;196;236;375;37.6;5.3;6.7;4.6
3506201;36;13;12;11;13;36.1;5;6.8;5.3
3506300;140;38;37;41;25;17.9;5.2;6.5;4.4
3506359;865;266;222;157;326;37.7;4.7;6.6;4.1
3506409;75;24;27;27;41;54.7;6;7.4;4.2
3506508;1223;330;316;347;422;34.5;5.7;7.4;4.7
3506607;312;121;83;61;126;40.4;4.9;6.4;4
3506706;226;89;88;18;106;46.9;5;5.8;3.2
3506805;129;37;37;40;59;45.7;5.2;6;4.1
3506904;156;50;50;26;35;22.4;5.4;6;4.8
3507001;677;244;161;105;141;20.8;5.5;6.6;4.5
3507100;270;88;69;63;114;42.2;5.1;6.8;4.4
3507159;61;17;14;14;16;26.2;5.2;6.7;4.5
3507209;29;9;9;12;10;34.5;5.3;6.6;
3507308;88;22;23;23;35;39.8;5.6;7.4;4.8
3507407;144;45;46;26;51;35.4;5.7;7.9;4.4
3507456;55;19;16;13;26;47.3;4.6;6.1;4.5
3507506;1289;433;433;401;215;16.7;5;6.7;4.2
3507605;1939;718;398;338;422;21.8;5.4;6.4;4.6
3507704;78;22;27;20;33;42.3;5.8;7.9;4.3
3507753;51;17;12;8;18;35.3;5.5;7.3;
3507803;319;107;75;21;136;42.6;4.9;6.3;3.8
3507902;336;104;69;43;101;30.1;4.9;6.3;4.3
3508009;275;79;79;34;47;17.1;5;6.7;4.2
3508108;162;58;46;45;50;30.9;5.5;6.9;4.6
3508207;80;24;17;10;32;40;6.1;6.4;5.3
3508306;110;22;16;53;20;18.2;5.3;6.5;5
3508405;589;184;143;120;212;36;5.3;6.9;4.3
3508504;803;238;264;257;288;35.9;5;6.1;4.5
3508603;356;102;130;112;83;23.3;5.3;5.9;4.4
3508702;194;76;54;51;68;35.1;5.3;6.9;4.1
3508801;287;75;60;84;107;37.3;5.7;6.7;4.6
3508900;65;23;16;21;27;41.5;5.8;6.4;4.5
3509007;984;289;264;207;478;48.6;5.4;6.3;4.6
3509106;71;20;24;24;39;54.9;5.5;6.4;5
3509205;1107;330;281;174;290;26.2;5.2;6.2;4.3
3509254;330;120;115;95;91;27.6;5;6.5;4.7
3509304;127;41;36;15;52;40.9;5.5;6;4.8
3509403;299;114;87;70;115;38.5;5;5.7;4.4
3509452;85;22;21;21;33;38.8;5.1;6.7;4.4
3509502;8188;2736;2793;2315;3225;39.4;5;6.4;4.4
3509601;1095;354;216;171;435;39.7;5.3;6.2;4.6
3509700;532;170;143;97;124;23.3;5.2;6.6;4.5
3509809;69;24;19;17;31;44.9;5.3;6.8;4.4
3509908;183;50;83;61;91;49.7;4.9;6.6;4.8
3509957;108;33;26;12;50;46.3;4.9;5.9;4.2
3510005;427;123;110;115;241;56.4;5.3;6.9;4.7
3510104;57;21;14;11;25;43.9;5.5;7.5;6.3
3510153;104;26;26;18;37;35.6;4.6;6.2;4.3
3510203;529;171;129;111;173;32.7;5.8;7;4.8
3510302;289;97;92;34;114;39.4;5.6;6.6;4.4
3510401;790;235;156;135;158;20;5.5;7;5.1
3510500;1692;610;460;332;342;20.2;5.3;6.4;4.6
3510609;3245;1103;1027;713;1457;44.9;5.1;6.2;4.4
3510708;158;51;47;21;63;39.9;6.1;7.6;4.5
3510807;389;89;69;95;77;19.8;4.7;6.1;4
3510906;50;11;12;12;19;38;4.8;4.9;5
3511003;275;89;56;29;111;40.4;5.1;6.5;4.4
3511102;1392;287;285;337;405;29.1;5.4;6.3;5
3511201;84;18;25;32;17;20.2;5.4;6.5;4.7
3511300;146;44;29;23;16;11;4.8;6.9;4.4
3511409;311;77;69;95;147;47.3;5.1;6.4;4.2
3511508;642;161;146;91;318;49.5;6.2;7.1;4.6
3511607;231;84;89;23;91;39.4;5.5;6.8;4.8
3511706;194;69;78;41;29;14.9;5.4;6.6;4.3
3511904;96;28;21;22;38;39.6;6.4;6.5;5.8
3512001;291;83;57;37;127;43.6;4.6;6.5;4.6
3512100;98;32;23;14;39;39.8;6.3;7.7;4.6
3512209;371;132;113;75;111;29.9;5.7;6.4;4.6
3512308;206;70;47;21;32;15.5;4.9;6.2;4.4
3512407;402;130;67;68;164;40.8;5.1;6.9;4.7
3512506;83;19;18;25;27;32.5;5.4;6.5;4.3
3512605;53;13;12;13;26;49.1;5.2;6.2;4.1
3512704;63;19;19;10;19;30.2;4.4;6.8;4.5
3512803;543;199;158;85;87;16;5.5;6.7;4.9
3512902;114;34;34;18;63;55.3;5.2;6.8;4.6
3513009;2503;731;709;534;1117;44.6;4.9;6.2;4.3
3513108;380;100;111;107;114;30;5.1;6.2;4.8
3513207;104;38;26;19;37;35.6;5.1;6;4.4
3513306;27;8;12;12;10;37;6.2;;4.8
3513405;806;198;252;194;359;44.5;5.3;5.9;4.3
3513504;1666;508;412;274;203;12.2;5;5.9;4.8
3513603;246;59;105;57;70;28.5;5.1;6.4;4.8
3513702;319;103;74;44;163;51.1;5.4;6.7;4.9
3513801;3754;1084;1015;927;1230;32.8;5.2;6.9;4.6
3513850;30;10;13;13;12;40;5.8;7.4;5
3513900;150;50;60;18;71;47.3;5.6;6.7;4.9
3514007;151;42;31;27;64;42.4;5.9;8.4;5.7
3514106;302;100;97;57;124;41.1;5.4;6.4;3.8
3514205;44;12;10;12;4;9.1;5.2;6.8;4.7
3514304;106;36;22;15;34;32.1;5.2;6.6;
3514403;773;200;147;137;297;38.4;5.6;6.9;4.8
3514502;112;54;27;22;22;19.6;4.8;7.2;4.2
3514601;136;39;28;22;33;24.3;5.5;6.4;5.3
3514700;82;24;18;17;39;47.6;4.7;7.8;4.2
3514809;256;59;132;58;136;53.1;5.4;6.1;4.4
3514908;247;80;75;30;116;47;5.4;6.5;4.2
3514924;63;16;11;18;13;20.6;5.9;7.9;4.5
3514957;37;13;12;12;17;45.9;6.3;7.6;5.8
3515004;2566;829;844;709;1172;45.7;5;6.5;4.4
3515103;877;278;250;202;471;53.7;5.2;6.6;4.5
3515129;65;17;14;14;17;26.2;5.9;8.2;4.2
3515152;262;78;39;30;99;37.8;4.9;6;4.1
3515186;498;129;136;124;235;47.2;4.8;7.1;4.5
3515194;56;20;16;14;20;35.7;4.5;6.3;4.3
3515202;105;41;23;11;42;40;5.8;6.8;4.8
3515301;53;13;17;17;24;45.3;5;8;4.5
3515350;161;44;72;69;87;54;5.2;6.5;4.6
3515400;180;64;50;40;67;37.2;5.7;7.4;4.9
3515509;829;208;222;225;233;28.1;5.9;7;5.2
3515608;123;45;22;19;57;46.3;6.3;8.7;4.8
3515657;27;9;12;11;17;63;5.7;7.5;4.9
3515707;1563;543;525;425;607;38.8;5;6.5;4.4
3515806;44;10;9;20;26;59.1;5.8;7.2;4.6
3515905;34;15;11;10;10;29.4;6.4;8.8;5.1
3516002;123;40;26;20;53;43.1;5.4;6.2;4.2
3516101;52;15;15;14;23;44.2;5.8;6.8;4.7
3516200;3092;1299;1050;997;944;30.5;5.6;7.2;4.7
3516309;1751;531;561;463;593;33.9;4.7;6.2;4.1
3516408;1640;503;457;392;751;45.8;4.9;6.1;4.3
3516507;42;14;15;15;19;45.2;6.8;5.6;
3516606;98;23;21;26;55;56.1;5;6.5;4.7
3516705;656;193;113;167;356;54.3;5;6.2;4.5
3516804;52;20;19;15;24;46.2;5.7;6.9;4.7
3516853;113;44;20;12;29;25.7;5.7;6.5;6.6
3516903;143;49;35;17;74;51.7;5.3;7.1;5.8
3517000;102;34;28;25;71;69.6;4.3;6.1;4
3517109;61;24;19;18;23;37.7;;6.5;
3517208;140;63;44;26;74;52.9;5;5.8;4.2
3517307;57;20;18;17;13;22.8;4.9;6.9;4.8
3517406;510;138;70;78;228;44.7;4.9;6.6;4.4
3517505;235;81;55;32;81;34.5;5;5.7;4.2
3517604;353;126;152;73;182;51.6;5.1;6.3;4.6
3517703;257;96;63;31;57;22.2;4.6;6;4.2
3517802;92;24;27;22;40;43.5;5.4;6.5;4.7
3517901;145;29;30;18;46;31.7;5.2;6.2;3.5
3518008;40;12;12;12;22;55;5.9;6.3;
3518107;76;22;27;20;31;40.8;5.7;5.5;5.4
3518206;364;70;60;45;87;23.9;5.4;6.6;4.6
3518305;416;165;111;99;94;22.6;5.1;7.9;4.5
3518404;1113;407;371;321;468;42;5.4;6.7;4.5
3518503;205;61;30;23;89;43.4;5.7;6.7;4.3
3518602;605;144;164;102;71;11.7;5.6;6.7;4.2
3518701;2520;840;871;611;961;38.1;4.8;5.8;4.2
3518800;10693;3700;3626;2888;2735;25.6;5.1;6.3;4.4
3518859;123;39;21;26;39;31.7;5.2;6.4;3.9
3518909;65;22;18;19;27;41.5;5.8;7.3;4.7
3519006;99;26;20;11;46;46.5;4.7;6.1;4.3
3519055;210;57;37;29;93;44.3;5.1;6.4;4.3
3519071;2226;767;586;555;960;43.1;5.2;6.6;4.5
3519105;129;41;31;23;54;41.9;5.4;6.4;4.1
3519204;55;23;15;10;20;36.4;5.4;7;4.7
3519253;129;22;41;40;79;61.2;4.8;6.4;4.1
3519303;532;159;126;119;188;35.3;5.6;6.4;4.6
3519402;178;56;42;21;74;41.6;5.1;6.6;4.5
3519501;81;23;30;26;29;35.8;4.8;6.6;3.9
3519600;576;152;166;146;149;25.9;5.6;6.4;5.1
3519709;881;305;271;197;137;15.6;5.3;6.2;4.7
3519808;95;24;17;17;29;30.5;5.4;6.4;4.6
3519907;106;31;38;25;53;50;5.1;6.2;4.5
3520004;270;74;65;61;76;28.1;4.9;6.6;4.1
3520103;294;74;42;65;42;14.3;4.9;5.8;4.4
3520202;185;67;57;27;57;30.8;5.2;5.9;4.3
3520301;374;97;123;98;207;55.3;5.7;6.7;4.7
3520400;629;225;168;75;358;56.9;5.5;6.6;4.3
3520426;169;57;51;25;22;13;5.1;6.4;4.6
3520442;361;122;62;85;95;26.3;5.7;7.1;5.2
3520509;2094;817;536;631;944;45.1;5.7;7.5;4.8
3520608;68;18;18;17;33;48.5;5.1;6;4.2
3520707;61;23;17;14;11;18;5.9;8;4.6
3520806;52;15;16;21;15;28.8;5.6;7;4.8
3520905;206;62;56;51;101;49;5.5;6.4;4.8
3521002;425;152;118;54;143;33.6;5;5.8;4.2
3521101;106;45;29;24;51;48.1;5.4;7;3.8
3521150;74;17;25;16;19;25.7;4.8;6.6;4.2
3521200;90;14;55;23;61;67.8;5.2;6;4.8
3521309;165;52;57;19;54;32.7;5.4;6.3;4
3521408;216;78;55;56;71;32.9;6;6.8;4.8
3521507;82;22;19;21;32;39;6.9;6.6;5.8
3521606;89;18;34;43;48;53.9;5.1;7.2;4.4
3521705;286;93;79;72;143;50;5.4;6.9;4.7
3521804;287;94;63;44;84;29.3;5;6.1;4.5
3521903;269;93;55;24;25;9.3;5.8;7;5.8
3522000;59;19;17;19;17;28.8;5.4;7.1;4.1
3522109;1272;348;421;357;632;49.7;5.1;6.3;4.3
3522158;83;24;46;30;43;51.8;6.4;6.7;4.7
3522208;1803;563;661;499;785;43.5;5.3;6.3;4.6
3522307;1570;403;440;477;552;35.2;5.4;6.4;4.7
3522406;1084;293;299;256;343;31.6;5.5;6.6;5
3522505;2286;870;697;590;591;25.9;4.6;6.3;4
3522604;816;202;193;194;191;23.4;5.1;6.7;4.5
3522653;72;25;29;22;28;38.9;4.9;7.5;4.6
3522703;554;176;150;113;184;33.2;5.9;7.2;5
3522802;174;61;61;50;54;31;5.1;6.4;4.5
3522901;188;77;34;33;87;46.3;4.5;6.4;3.8
3523008;49;19;18;17;23;46.9;5.1;6.3;4.6
3523107;3265;878;1265;1115;1327;40.6;4.7;6.2;4.1
3523206;617;194;170;159;230;37.3;5.5;6.4;4.8
3523305;200;75;79;58;89;44.5;5.2;7;4.3
3523404;1549;403;381;169;448;28.9;6.2;7.2;5
3523503;211;72;62;51;89;42.2;5.7;6.5;4.5
3523602;222;74;44;28;90;40.5;5.4;6.5;4.4
3523701;64;19;27;23;24;37.5;4.8;6.4;3.5
3523800;77;33;20;18;31;40.3;5.5;6.6;
3523909;1915;753;421;411;1195;62.4;5.2;6.5;4.7
3524006;687;312;175;139;298;43.4;5.1;6.4;4.1
3524105;406;127;88;72;116;28.6;4.9;6.1;4.4
3524204;92;35;18;15;30;32.6;5.1;6.7;4.6
3524303;789;209;186;175;341;43.2;5.3;6.6;4.2
3524402;2005;628;609;578;969;48.3;5.2;6.5;4.6
3524501;82;30;22;22;31;37.8;5.4;6.6;4.9
3524600;196;65;59;36;72;36.7;5.4;6.3;4.3
3524709;888;227;183;89;200;22.5;5.7;6.9;4.5
3524808;419;102;114;169;100;23.9;6.1;7.6;5
3524907;125;33;34;26;60;48;5.7;6.6;4.4
3525003;1298;318;294;270;483;37.2;5;5.8;4.4
3525102;587;176;152;55;291;49.6;4.5;5.8;3.8
3525201;475;169;135;97;212;44.6;5.3;6.1;4.5
3525300;1282;370;336;359;445;34.7;5.2;6.6;5
3525409;73;19;15;14;24;32.9;4.9;6.7;4.1
3525508;126;41;38;17;42;33.3;5.3;6.8;4.7
3525607;72;19;14;16;45;62.5;5.8;6.7;4.7
3525706;423;140;105;62;181;42.8;5.2;6.4;4.4
3525805;54;19;18;14;30;55.6;4.8;5.7;3.9
3525854;62;18;12;14;11;17.7;5.5;6.6;5
3525904;3302;1079;797;812;738;22.4;5.6;7.1;4.9
3526001;226;78;42;34;108;47.8;5.9;8;4.4
3526100;251;72;110;106;83;33.1;5.4;6.8;4.6
3526209;381;148;139;98;167;43.8;5.5;6.5;4.9
3526308;70;24;23;22;26;37.1;5.5;7.4;4.9
3526407;390;124;112;58;141;36.2;5.3;6.5;4.3
3526506;97;15;12;12;58;59.8;4.9;6;5
3526605;124;38;48;25;47;37.9;4.9;6.2;
3526704;1349;489;257;231;538;39.9;5.1;6.7;4.5
3526803;759;253;214;209;183;24.1;5.6;6.6;4.6
3526902;2540;927;712;652;852;33.5;5.6;7.1;5
3527009;105;38;24;22;19;18.1;5.7;6.2;4.6
3527108;679;206;208;212;320;47.1;5.1;6.6;4.2
3527207;789;246;256;181;206;26.1;5.2;5.9;4.7
3527256;39;14;13;13;11;28.2;;6.7;5.4
3527306;599;243;114;96;225;37.6;5.3;7.2;4.4
3527405;256;58;57;48;108;42.2;5.5;6.5;4.5
3527504;37;11;11;18;12;32.4;5.1;6.8;4.7
3527603;203;64;73;26;75;36.9;5.2;6.3;4.4
3527702;67;19;13;18;12;17.9;6.2;6.7;6.3
3527801;72;21;22;18;34;47.2;5;6.6;4.1
3527900;61;14;23;25;30;49.2;5.9;7;4
3528007;213;78;54;68;70;32.9;5.5;7;4.1
3528106;56;19;19;19;23;41.1;5.6;6.6;5.2
3528205;45;14;18;15;13;28.9;6.4;7;5
3528304;37;15;11;13;8;21.6;5.8;;5.4
3528403;622;176;168;111;215;34.6;4.5;5.9;4.8
3528502;782;254;268;233;228;29.2;5.3;6.7;4.4
3528601;117;45;30;30;42;35.9;4.5;6.3;4.2
3528700;79;19;29;21;34;43;5.4;6.5;4.7
3528809;194;71;94;67;42;21.6;5.5;7.2;4.6
3528858;52;19;14;22;13;25;5.8;7.9;5
3528908;75;13;23;31;33;44;5.8;7;4.7
3529005;2106;584;606;590;688;32.7;5.1;7.1;4.3
3529104;35;10;12;12;15;42.9;5.8;7.2;5.5
3529203;310;91;88;71;135;43.5;5;6.7;4.3
3529302;850;252;232;235;289;34;5.7;6.7;4.7
3529401;3313;1014;1079;883;1510;45.6;5.2;6.6;4.4
3529500;87;30;19;20;35;40.2;5.8;7.5;5
3529609;58;22;20;13;12;20.7;5.4;7.4;5
3529658;38;13;12;12;12;31.6;;6.6;5.3
3529708;206;55;35;46;67;32.5;4.5;5.9;4.7
3529807;168;66;40;37;59;35.1;4.3;6.8;3.7
3529906;319;109;141;119;159;49.8;5.5;6.1;4.5
3530003;36;13;13;12;14;38.9;6.5;7.2;5.1
3530102;174;63;44;46;44;25.3;4.4;6.6;4.2
3530201;217;86;91;93;72;33.2;4.9;6.9;4.7
3530300;482;156;123;135;151;31.3;6.2;7.1;5
3530409;67;21;19;16;34;50.7;5.3;6.7;5.1
3530508;817;211;192;258;155;19;5.3;6;4.4
3530607;3070;926;1314;1031;1016;33.1;5.1;6.4;4.5
3530706;1482;500;501;398;530;35.8;5.6;6.9;4.4
3530805;992;267;298;338;372;37.5;5;6.7;4.7
3530904;82;32;18;11;22;26.8;5;6.4;4.5
3531001;37;15;12;12;1;2.7;5.3;6.8;5
3531100;820;270;203;190;319;38.9;4.8;5.7;4.3
3531209;115;38;30;28;23;20;5.1;6.1;4.5
3531308;484;176;165;105;233;48.1;5.4;6.6;4.1
3531407;277;67;64;69;82;29.6;5.3;6.6;4.4
3531506;212;67;71;39;38;17.9;5.6;7;4.5
3531605;59;16;17;23;34;57.6;5;6.3;4.4
3531704;60;21;24;17;21;35;5.6;6.2;3.8
3531803;851;277;232;186;360;42.3;5.1;6.4;4.5
3531902;380;124;114;58;127;33.4;4.8;6.1;4.4
3532009;167;63;45;19;29;17.4;5;6.3;5.2
3532058;53;19;13;10;11;20.8;5.3;7.1;4.5
3532108;51;26;16;12;10;19.6;5.4;6.4;5.5
3532157;46;13;18;17;16;34.8;5.3;5.9;4.8
3532207;113;39;27;12;44;38.9;5.2;6.9;4.4
3532306;111;36;62;46;66;59.5;4.8;6.1;4.3
3532405;238;73;71;62;99;41.6;5.1;6.4;4.4
3532504;104;31;20;25;23;22.1;5.6;7.7;4.5
3532603;104;42;26;18;32;30.8;5.6;7;4.8
3532702;57;22;13;11;14;24.6;6.4;8.3;5.7
3532801;116;35;29;17;47;40.5;5.9;6.9;5.1
3532827;163;58;54;23;96;58.9;4.7;6.3;4.5
3532843;32;11;11;10;11;34.4;6.7;7.6;6.1
3532868;35;10;12;12;23;65.7;6.1;6.6;
3532900;153;49;49;25;45;29.4;5.5;6.8;4.4
3533007;197;60;68;41;94;47.7;4.6;6.5;3.8
3533106;41;10;12;21;19;46.3;6.3;7.5;4.6
3533205;108;38;21;13;53;49.1;4.9;5.7;4.3
3533254;79;26;19;18;18;22.8;4.9;6.9;4.4
3533304;44;18;13;12;8;18.2;5.7;7.2;5
3533403;733;206;151;165;207;28.2;5.8;6.6;5
3533502;393;123;94;111;122;31;5.7;6.9;5
3533601;89;32;22;12;18;20.2;5.8;6.7;5
3533700;66;22;18;18;21;31.8;5.1;6.5;4.2
3533809;61;22;27;13;14;23;5.7;7.5;4.9
3533908;695;213;154;155;178;25.6;6;7.3;5.2
3534005;73;23;18;16;20;27.4;4.7;6.9;4.5
3534104;75;33;15;17;44;58.7;5.3;7;4.2
3534203;73;22;19;14;26;35.6;5.5;6.8;4.6
3534302;486;126;136;68;233;47.9;5.1;6.1;4.5
3534401;7011;1724;1527;1350;2209;31.5;4.9;6.3;4.3
3534500;42;16;11;9;15;35.7;6.4;8.2;5.2
3534609;321;95;75;111;90;28;5.4;6.1;5.2
3534708;1093;380;343;308;259;23.7;5.3;6.7;4.6
3534757;156;67;33;15;51;32.7;5.6;7.3;4.7
3534807;120;25;34;22;27;22.5;5.6;7;5.1
3534906;138;26;20;25;88;63.8;5.3;6.7;4.2
3535002;134;44;39;18;64;47.8;5.8;6.6;4.8
3535101;141;40;34;28;55;39;6.8;6.9;5.5
3535200;79;27;25;17;22;27.8;5.4;7.5;5.5
3535309;249;70;70;66;116;46.6;5;6.9;4.6
3535408;199;75;38;22;90;45.2;5.1;6.8;4.8
3535507;584;181;210;102;107;18.3;5.2;6.5;4.5
3535606;226;82;76;78;113;50;5.4;6.5;4.6
3535705;71;23;15;16;14;19.7;5.5;7.2;6.1
3535804;313;110;62;38;50;16;4.7;6.7;4.5
3535903;55;17;18;14;9;16.4;5.5;6.2;5.1
3536000;114;46;33;28;45;39.5;6;7.4;4.6
3536109;95;26;23;19;38;40;4.7;6.1;3.9
3536208;208;75;81;60;80;38.5;5;6.1;4.4
3536257;45;19;13;12;19;42.2;5.5;7.1;4.9
3536307;138;57;40;30;36;26.1;4.8;7;4.2
3536406;114;33;38;38;38;33.3;4.7;6.9;4
3536505;1258;286;235;167;248;19.7;5.2;6.7;4.8
3536570;37;11;11;12;15;40.5;6.3;6.9;4.7
3536604;102;20;21;13;39;38.2;4.9;6.3;4.6
3536703;497;185;150;134;116;23.3;5.2;6.5;4.1
3536802;96;24;36;15;48;50;;;5
3536901;31;13;12;12;7;22.6;6;6.7;4.7
3537008;241;78;62;38;108;44.8;5.5;6.2;4.2
3537107;381;120;123;109;104;27.3;5.4;7.1;4.4
3537156;39;13;15;14;13;33.3;5.9;7.2;4.4
3537206;136;52;54;26;48;35.3;5.2;6.6;4.4
3537305;780;258;172;184;437;56;5.4;7.2;4.6
3537404;307;102;72;56;111;36.2;5.5;7.2;4.7
3537503;100;42;27;27;49;49;4.7;6.5;4
3537602;845;236;310;213;185;21.9;5;6;4.5
3537701;60;14;22;28;21;35;6.3;7.4;
3537800;573;218;172;178;203;35.4;5.6;6.4;4.8
3537909;303;117;98;59;143;47.2;5.7;6.9;4.6
3538006;1950;693;548;441;694;35.6;5.5;6.6;4.7
3538105;172;53;55;20;43;25;5.5;6.6;4.3
3538204;206;60;64;22;70;34;5;6.7;5.1
3538303;58;14;17;15;20;34.5;5.1;6.9;4.5
3538501;101;39;35;28;37;36.6;5.2;7;4.4
3538600;380;146;101;85;153;40.3;5.5;7;4.5
3538709;4312;930;918;915;966;22.4;5.6;7;4.8
3538808;517;130;106;124;200;38.7;5.4;7;4.8
3538907;226;59;57;43;137;60.6;4.8;6.1;4.3
3539004;91;28;27;26;35;38.5;5.8;7.2;4.9
3539103;214;69;49;33;113;52.8;4.6;5.5;3.9
3539202;263;91;89;78;98;37.3;5.4;6.8;4.4
3539301;691;225;195;151;343;49.6;5.2;6.1;4.3
3539400;111;43;24;19;47;42.3;4.9;6.5;4.1
3539509;434;132;103;94;144;33.2;5.2;7;4.5
3539608;57;18;17;19;23;40.4;5;6.6;4.5
3539707;50;15;18;17;22;44;4.8;7.1;3.9
3539806;1167;387;453;391;495;42.4;5.2;6.3;4.6
3539905;65;24;19;14;43;66.2;5.5;6.7;5
3540002;255;94;60;45;75;29.4;5.5;7.2;4.4
3540101;59;16;15;24;22;37.3;5.8;6.7;5.9
3540200;499;130;127;90;285;57.1;5;6.2;4.3
3540259;62;21;21;21;23;37.1;5.6;6.8;4.8
3540309;51;21;12;12;17;33.3;5.8;7.2;5.3
3540408;58;22;18;16;42;72.4;6.2;6.7;5.7
3540507;88;37;24;20;32;36.4;4.7;6.6;4.7
3540606;580;183;162;123;85;14.7;5.2;6.4;4.4
3540705;631;168;142;115;245;38.8;5.3;6.8;4.5
3540754;239;88;49;29;115;48.1;4.8;5.8;3.9
3540804;219;59;47;28;19;8.7;4.8;6.3;4.5
3540853;49;8;14;18;30;61.2;5.7;6.2;5
3540903;304;89;53;31;108;35.5;5.3;6.5;4.4
3541000;5347;1248;1221;774;801;15;5.1;6.1;4.6
3541059;85;26;21;22;19;22.4;5.8;5.7;5.3
3541109;69;20;19;9;28;40.6;5.2;6.3;4.6
3541208;150;45;59;24;57;38;5.7;6.9;4.4
3541307;523;159;118;138;193;36.9;5.5;7.1;4.5
3541406;1981;451;585;566;754;38.1;5.4;6.6;4.6
3541505;462;109;88;107;186;40.3;5.6;7.2;4.6
3541604;334;112;121;87;116;34.7;4.9;7;3.4
3541653;51;18;14;10;15;29.4;5.1;6.5;6.2
3541703;217;48;26;50;68;31.3;5;6.7;4.7
3541802;56;20;12;7;15;26.8;5.2;6.8;4.7
3541901;134;41;51;15;54;40.3;5.7;6.2;4.4
3542008;91;37;25;25;31;34.1;5.7;6.9;4.1
3542107;144;59;26;27;54;37.5;5.3;7;4.7
3542206;444;126;88;76;247;55.6;5.6;7;4.5
3542305;51;21;18;14;22;43.1;5.1;6.2;4
3542404;215;69;61;32;104;48.4;5.6;6.8;4.8
3542503;75;22;24;18;33;44;4.8;6.6;4
3542602;720;148;229;273;250;34.7;5.3;6.6;4.9
3542701;114;37;22;18;36;31.6;4.4;6.2;4.1
3542800;56;18;26;24;32;57.1;5.5;7;4.8
3542909;154;59;38;17;50;32.5;5;5.9;
3543006;254;83;89;77;104;40.9;5.4;6.7;4.7
3543105;85;28;22;16;22;25.9;5.1;6.2;4.2
3543204;73;19;20;20;24;32.9;5.8;6.8;4.3
3543238;42;9;12;12;21;50;6;6.5;5.2
3543253;123;34;44;38;40;32.5;5.7;7.3;4.9
3543303;1557;365;368;325;610;39.2;5.5;6.8;4.9
3543402;5749;1671;1511;981;2736;47.6;4.8;6.1;4.4
3543501;95;31;30;23;38;40;5.3;5.9;4.7
3543600;59;24;15;14;16;27.1;4.5;6.7;3.8
3543709;121;43;28;20;57;47.1;4.5;6;
3543808;96;36;35;22;42;43.8;5.4;6.8;3.8
3543907;2105;687;434;366;805;38.2;5.4;6.3;4.6
3544004;447;120;126;74;227;50.8;5.3;6.5;4.8
3544103;500;161;171;175;241;48.2;5.1;6.5;4.6
3544202;177;34;36;18;90;50.8;5.5;6.3;4.3
3544251;269;99;79;69;124;46.1;5;6.9;4.8
3544301;217;76;65;30;98;45.2;5.2;6.5;
3544400;55;22;16;14;29;52.7;5.5;7.8;4.2
3544509;71;27;18;14;19;26.8;6;6.9;4.8
3544608;60;19;16;15;25;41.7;5.3;6.7;5.4
3544707;47;14;12;24;21;44.7;5.5;6.5;4.3
3544806;70;25;23;20;28;40;5.4;6.9;5
3544905;107;38;22;21;42;39.3;4.7;6.1;4.1
3545001;179;50;70;49;51;28.5;5.4;6.2;4.8
3545100;66;22;16;19;23;34.8;5.4;6.3;4
3545159;86;30;21;12;32;37.2;6.4;7.1;5.1
3545209;1104;425;292;267;404;36.6;5.7;6.9;4.8
3545308;469;166;134;107;134;28.6;5.3;6.5;4.1
3545407;127;37;23;25;28;22;5;6.7;4
3545506;79;23;16;16;15;19;5.2;6.3;4.3
3545605;200;60;47;33;87;43.5;5.5;6.8;5.2
3545704;65;25;20;18;19;29.2;6.3;6.7;5.5
3545803;1676;593;506;472;597;35.6;5.9;7;4.7
3546009;184;61;57;33;79;42.9;4.5;5.8;4.1
3546108;42;18;14;13;15;35.7;6.1;7.4;5.1
3546207;67;23;17;24;22;32.8;5.4;7.2;4.5
3546256;46;14;11;10;14;30.4;5.5;6.2;4.5
3546306;357;122;83;87;119;33.3;5.2;6.3;4.3
3546405;464;161;144;136;87;18.8;5.4;6.7;4.3
3546504;77;31;17;19;28;36.4;5.9;6.7;5.4
3546603;454;110;112;67;185;40.7;5.9;7;4.9
3546702;341;96;79;55;109;32;5.5;6.5;4.6
3546801;574;170;179;158;215;37.5;5.4;6.6;4.6
3546900;91;39;20;16;40;44;4.8;6.9;4.4
3547007;107;38;26;32;46;43;4.7;9.1;4.8
3547106;58;14;15;22;26;44.8;5.3;7.3;4.3
3547205;28;10;12;12;3;10.7;;8.4;
3547304;1919;729;557;455;393;20.5;5.4;6.7;4.7
3547403;39;10;13;13;17;43.6;6.4;7.1;5.5
3547502;217;79;56;58;46;21.2;4.8;6.4;4.5
3547601;315;90;56;69;93;29.5;5.6;6.2;4.2
3547650;40;11;19;17;11;27.5;;8.1;5.5
3547700;171;41;46;47;76;44.4;4.7;6.6;4.2
3547809;5001;1602;1480;1405;1462;29.2;5.3;6.6;4.5
3547908;113;36;20;19;41;36.3;5;7.3;4.1
3548005;319;101;63;32;55;17.2;5.2;5.9;4.5
3548054;123;45;34;24;35;28.5;5.6;6.9;4.7
3548104;98;29;40;35;39;39.8;5;7.1;4.7
3548203;131;35;64;22;44;33.6;5.4;6.7;4.6
3548302;51;14;12;16;28;54.9;5.5;6.6;4.4
3548401;70;26;14;14;30;42.9;6.2;7.5;5.4
3548500;3569;997;823;701;553;15.5;5.2;6.1;4.5
3548609;118;29;54;28;58;49.2;6.1;6.9;4.5
3548708;7120;2477;1810;1505;1517;21.3;5.4;6.8;4.6
3548807;1783;473;452;479;432;24.2;6;7.2;4.9
3548906;2657;625;679;612;936;35.2;5.6;7.1;4.9
3549003;33;13;13;12;8;24.2;5.7;6.9;5.3
3549102;840;186;237;245;145;17.3;5.1;6.8;4.8
3549201;35;13;12;12;10;28.6;6;6.3;5
3549250;34;13;12;12;12;35.3;5.6;6.5;5.3
3549300;43;9;12;24;22;51.2;5.9;7.3;5
3549409;443;142;120;124;124;28;5.3;6.9;4.6
3549508;110;29;24;24;27;24.5;4.1;5.7;3.9
3549607;100;30;40;11;55;55;5.4;6.6;4.6
3549706;643;188;165;144;196;30.5;5.2;6.6;4.5
3549805;3582;826;928;843;930;26;5.2;6.6;4.5
3549904;5571;1827;1792;1270;2023;36.3;5.7;6.9;4.6
3549953;226;94;74;54;67;29.6;5.9;6.8;4.9
3550001;163;51;63;27;49;30.1;5.4;6.9;4.5
3550100;394;124;109;129;156;39.6;5.1;6.3;4.3
3550209;372;153;125;104;153;41.1;5.6;6.5;4.7
3550308;85420;29340;26318;19094;26366;30.9;5;6.2;4.3
3550407;374;135;129;72;132;35.3;5.4;6.5;4.9
3550506;143;32;29;18;55;38.5;4.4;7;4.2
3550605;1111;299;271;180;461;41.5;5;6.2;4.9
3550704;1405;450;376;190;449;32;5.1;6.1;4.7
3550803;139;49;62;32;77;55.4;;6.7;4
3550902;200;67;43;54;101;50.5;5.5;6.5;4.8
3551009;2777;856;1046;674;550;19.8;4.9;5.9;4.1
3551108;125;47;37;36;52;41.6;5.1;6;4
3551207;56;16;18;22;15;26.8;5;7.2;3.6
3551306;60;19;18;14;32;53.3;6.4;7.9;6.3
3551405;150;42;37;26;84;56;4.7;5.7;4.2
3551504;574;148;106;118;240;41.8;4.6;6;4.5
3551603;319;111;86;40;99;31;5.2;6.7;4.2
3551702;1371;448;368;313;559;40.8;5.5;6.8;5
3551801;190;55;93;55;92;48.4;5.2;6.2;4.2
3551900;187;60;48;29;35;18.7;5.1;6.3;4.1
3552007;96;33;30;34;36;37.5;5.2;6.2;4
3552106;507;173;154;100;74;14.6;5.6;6.9;4.5
3552205;5536;1698;1697;1482;1659;30;5.5;6.6;4.6
3552304;107;39;37;16;60;56.1;5.7;6.8;4.6
3552403;2144;818;739;612;971;45.3;5.1;6.1;4.4
3552502;3279;1093;1044;885;1199;36.6;5.2;6.3;4.5
3552551;55;15;19;19;23;41.8;;7.8;
3552601;141;42;33;30;43;30.5;6.5;7.8;4.6
3552700;175;59;54;41;57;32.6;5.2;6.4;4.6
3552809;2276;741;760;656;1102;48.4;5.2;6.2;4.4
3552908;85;33;23;18;46;54.1;5.1;7.1;4.5
3553005;149;54;37;25;48;32.2;5.5;7.9;4.8
3553104;69;21;19;18;7;10.1;4.8;6.7;4.9
3553203;89;31;21;21;51;57.3;5.4;6.8;4.8
3553302;263;83;49;36;55;20.9;4.8;6.7;4.4
3553401;265;100;56;38;68;25.7;6.4;7.4;4.8
3553500;84;31;33;32;27;32.1;5.2;6.3;4.4
3553609;136;33;44;18;51;37.5;5.4;6.8;
3553658;44;10;15;16;15;34.1;5.5;;
3553708;537;145;167;160;128;23.8;6.1;6.3;5.3
3553807;309;92;80;96;99;32;5.4;7;4.9
3553856;138;27;31;44;58;42;5.1;6.6;4.3
3553906;114;34;28;24;20;17.5;5.1;7.3;4.2
3553955;196;71;63;61;60;30.6;5.2;8.1;4.2
3554003;1741;427;323;284;482;27.7;5;6.3;4.6
3554102;2416;737;626;578;710;29.4;5.3;6.4;4.5
3554201;103;37;32;31;56;54.4;5;6.1;3.9
3554300;409;138;138;123;160;39.1;5.4;6.7;4.7
3554409;107;32;34;19;20;18.7;5.1;6.4;4.9
3554508;571;158;156;80;211;37;5.3;6.6;4.4
3554607;44;15;13;13;24;54.5;5.3;7.6;
3554656;40;13;15;13;17;42.5;6;5;4.3
3554706;109;30;38;33;45;41.3;5.3;6.3;4.2
3554755;44;12;12;14;20;45.5;4.9;6.5;4.9
3554805;558;163;168;62;417;74.7;5.4;6.1;4.5
3554904;76;33;19;20;30;39.5;6.3;7;5.2
3554953;86;30;31;13;19;22.1;5.5;5.7;5
3555000;727;303;170;182;319;43.9;5.3;7;4.9
3555109;159;58;33;25;67;42.1;5.5;7.9;5
3555208;31;7;12;13;6;19.4;5.7;7.3;5.4
3555307;34;12;12;12;9;26.5;5.5;7.7;
3555356;66;23;12;18;24;36.4;5;6.5;5
3555406;1069;351;309;236;449;42;4.9;6.1;4.2
3555505;83;25;15;10;33;39.8;4.6;6.2;3.6
3555604;149;43;37;19;82;55;5.1;6.9;4.2
3555703;36;16;14;18;21;58.3;5.9;7.1;4.7
3555802;82;38;23;18;41;50;5.8;6.6;
3555901;36;12;12;11;13;36.1;5.6;7.9;5.6
3556008;169;53;36;18;73;43.2;5.6;6.6;5.1
3556107;128;47;31;16;38;29.7;5.3;7;4.3
3556206;905;289;297;181;139;15.4;5.5;6.5;4.7
3556305;235;79;70;56;116;49.4;5.2;6.8;4.5
3556354;116;34;32;18;14;12.1;5.3;6.2;4.6
3556404;443;129;135;107;159;35.9;5.2;7.3;4.5
3556453;450;155;146;127;177;39.3;5.4;6.4;4.6
3556503;970;363;266;181;290;29.9;5.2;6.5;4.4
3556602;136;36;33;48;42;30.9;5.8;6.3;4.8
3556701;786;232;187;81;339;43.1;5.2;6.7;4.6
3556800;210;61;54;22;67;31.9;5;6.4;4
3556909;83;28;22;22;28;33.7;6.8;6.8;6.5
3556958;32;7;10;15;8;25;6.1;6.8;4.5
3557006;1054;351;280;245;392;37.2;5.4;6.5;4.7
3557105;861;268;225;281;137;15.9;5.7;6.7;4.7
3557154;38;13;15;15;15;39.5;5.4;7.1;
3557204;197;74;46;41;62;31.5;4.8;5.9;4
3557303;168;57;56;27;90;53.6;5;6.3;4.3
4100103;126;34;33;28;33;26.2;5.2;6.4;5.1
4100202;120;38;56;55;46;38.3;5.3;6.2;4.4
4100301;133;53;33;37;66;49.6;5.2;6.7;4.7
4100400;1285;350;403;432;550;42.8;5.2;5.4;4.7
4100459;49;18;18;15;13;26.5;5;6.7;4.8
4100509;301;95;103;83;122;40.5;6.8;7;5.6
4100608;205;65;60;31;71;34.6;6.1;6.6;5.2
4100707;227;54;79;46;119;52.4;5.7;6.5;4.9
4100806;109;24;37;30;61;56;5.4;6.8;4.5
4100905;81;23;21;19;22;27.2;6.2;7;4.7
4101002;357;89;156;99;156;43.7;5.9;7.3;5.2
4101051;48;12;13;18;19;39.6;5.7;5.7;5
4101101;285;103;106;85;69;24.2;6;6.8;5.3
4101150;72;14;24;19;18;25;5.8;7.5;5.2
4101200;304;77;119;135;154;50.7;5.4;5.8;5
4101309;125;44;52;50;43;34.4;6.1;7.3;5.6
4101408;1948;601;498;511;455;23.4;5.9;7.4;5.2
4101507;1588;452;474;402;445;28;6.2;7.3;5.3
4101606;389;108;121;142;159;40.9;6.4;6.9;5.3
4101655;83;25;36;29;40;48.2;5.7;6.6;4.7
4101705;220;67;53;44;112;50.9;6.2;6.9;4.8
4101804;2759;767;606;605;659;23.9;5.3;6.5;4.8
4101853;49;15;12;15;16;32.7;5.9;6.7;5.2
4101903;282;71;78;75;113;40.1;6.4;7.1;5.6
4102000;769;162;204;280;199;25.9;6.2;7.2;5
4102109;391;85;103;108;85;21.7;5.8;7.3;5
4102208;53;19;20;19;13;24.5;6.1;8.5;5.4
4102307;263;95;78;76;160;60.8;5.4;6.3;4.7
4102406;627;143;169;167;188;30;5.8;6.3;4.6
4102505;196;47;53;54;55;28.1;5.7;7.1;5
4102604;258;50;101;76;61;23.6;5.9;6.5;4.7
4102703;56;16;17;16;13;23.2;6.3;6.3;4.9
4102752;72;25;22;27;34;47.2;5.8;7.4;5
4102802;184;69;54;67;105;57.1;6.1;6.8;5
4102901;295;99;95;110;88;29.8;5.7;7;4.8
4103008;92;24;33;32;26;28.3;6.2;7.8;5.3
4103024;54;17;20;19;29;53.7;5.6;7.5;4.4
4103040;139;27;70;49;87;62.6;6.2;6.4;4.8
4103057;179;59;72;44;105;58.7;5;6.4;5.1
4103107;166;53;59;45;49;29.5;5.5;6.8;5
4103156;89;23;34;21;39;43.8;6.1;7.7;5.1
4103206;90;31;23;24;66;73.3;5.7;6.5;4.6
4103222;42;14;14;13;10;23.8;6.2;7.6;6.2
4103305;107;27;37;30;32;29.9;6.6;7.4;5.4
4103354;115;29;40;30;34;29.6;6;6.8;5
4103370;81;20;26;21;41;50.6;5.4;6.7;4.7
4103404;50;17;18;20;11;22;4.9;6.8;4.9
4103453;304;85;88;85;143;47;5.5;7.1;5.1
4103479;115;34;46;28;60;52.2;5.7;6.1;4.4
4103503;149;40;38;30;31;20.8;6;6.4;5.3
4103602;422;137;119;126;215;50.9;5.9;6.6;5.2
4103701;1541;479;424;327;375;24.3;6.1;7;5
4103800;144;38;36;40;31;21.5;6.3;7.7;5.4
4103909;241;45;84;67;86;35.7;5.8;7.3;4.9
4103958;67;17;30;19;28;41.8;6.5;6;5.6
4104006;582;171;204;205;237;40.7;5.6;6.3;5
4104055;77;25;33;18;35;45.5;5.8;6.7;5.5
4104105;139;37;57;31;29;20.9;5.2;6.2;
4104204;1817;562;533;621;422;23.2;6;7.1;5.1
4104253;386;104;133;123;103;26.7;5.9;6;5.1
4104303;1612;426;368;453;468;29;6;7.1;5.5
4104402;263;82;94;79;116;44.1;6.5;7.2;5.4
4104428;305;89;90;101;116;38;5.8;6.8;5.1
4104451;268;66;82;89;128;47.8;5.7;6.3;4.8
4104501;475;125;167;139;253;53.3;6;7.4;5.4
4104600;293;84;82;86;155;52.9;5.4;7.1;5
4104659;399;128;108;102;127;31.8;5.3;6.5;4.8
4104709;250;78;88;73;80;32;6.1;7.8;5.4
4104808;4611;1235;1473;1464;1443;31.3;5.4;7;5
4104907;1178;352;370;323;332;28.2;5.8;7.3;5.1
4105003;181;48;71;70;91;50.3;5.6;6.6;5
4105102;137;48;42;38;43;31.4;6.2;6.8;5
4105201;187;49;72;56;95;50.8;4.4;5.7;4.1
4105300;225;60;55;52;64;28.4;5.9;7.2;5.3
4105409;488;144;159;132;172;35.2;5.9;7.2;5.2
4105508;1297;386;317;351;403;31.1;6.1;7.1;5.2
4105607;180;50;31;46;76;42.2;5.7;6.8;5.1
4105706;353;103;129;148;217;61.5;5.6;6.3;4.9
4105805;3022;1005;783;835;846;28;5.6;6.4;5
4105904;329;110;96;85;213;64.7;5.7;6.3;4.9
4106001;198;61;52;64;64;32.3;5.4;6.6;4.4
4106100;66;21;15;17;18;27.3;6;6.9;4.9
4106209;291;102;86;79;97;33.3;5.7;6.8;5
4106308;332;98;98;86;92;27.7;5.8;6.5;5
4106407;828;188;245;273;246;29.7;5.9;6.7;5.5
4106456;156;50;57;70;92;59;5.7;6.4;5.1
4106506;340;88;117;149;123;36.2;5.9;7.2;5.4
4106555;52;14;17;16;34;65.4;5.6;6.7;4.9
4106571;99;35;37;25;45;45.5;6.2;7.5;5.2
4106605;317;103;101;98;155;48.9;5.9;7;4.6
4106704;75;24;24;23;18;24;5.4;6.7;5.3
4106803;257;82;63;80;122;47.5;5.9;7.1;5.1
4106852;55;13;31;18;27;49.1;6.2;7.1;
4106902;18669;5439;4958;5030;4077;21.8;5.7;6.9;5.2
4107009;225;55;85;76;83;36.9;5.5;6.6;4.6
4107108;88;19;21;48;29;33;6;7;5.1
4107124;82;16;47;37;46;56.1;6;6.7;
4107157;94;40;37;29;57;60.6;5.4;6.7;5.3
4107207;784;218;249;233;311;39.7;6.4;8.1;5.4
4107256;147;31;34;50;80;54.4;5.9;6.9;5.2
4107306;100;25;27;23;16;16;5.5;6.6;4.7
4107405;109;36;43;30;34;31.2;6;7.9;5.3
4107504;246;65;74;49;128;52;6.2;6.8;4.6
4107520;40;12;9;12;19;47.5;6.2;6.7;5.6
4107538;124;39;22;18;30;24.2;6.5;7.6;5.4
4107546;130;38;52;50;51;39.2;6.3;6.7;5.3
4107553;52;18;15;14;10;19.2;5.4;7.5;5.1
4107603;255;52;111;85;113;44.3;5.7;6.8;5.1
4107652;1909;576;570;612;644;33.7;5.5;6.4;4.8
4107702;90;19;30;23;15;16.7;6;7.1;4.9
4107736;132;41;49;51;84;63.6;5.6;5.8;5
4107751;118;29;52;55;61;51.7;6.4;6.9;5.3
4107801;81;19;20;20;28;34.6;6.4;7.8;5.3
4107850;112;36;35;22;38;33.9;6.2;7.6;5.3
4107900;200;49;45;36;54;27;5.6;6.7;4.8
4108007;170;47;32;30;74;43.5;4.6;6;4.4
4108106;48;10;18;19;21;43.8;6.2;8.4;4.9
4108205;142;28;44;54;56;39.4;6;6.7;4.4
4108304;3594;1110;976;1074;916;25.5;5.8;7.7;5.1
4108320;144;40;51;50;86;59.7;5.6;5.6;5.1
4108403;1665;471;426;439;723;43.4;5.8;7.3;5.2
4108452;99;28;24;21;26;26.3;5;6.6;5.2
4108502;263;77;93;63;150;57;5.5;6.1;4.7
4108551;48;15;14;20;18;37.5;6.8;6.6;
4108601;610;182;133;150;189;31;5.7;6.5;5.3
4108650;91;16;45;28;27;29.7;6;7.3;5
4108700;134;32;62;60;59;44;7.5;4.5;
4108809;546;156;164;174;220;40.3;6;6.5;5.1
4108908;91;28;27;25;26;28.6;6;7.3;5.4
4108957;129;33;51;54;46;35.7;6;7.4;5.1
4109005;90;36;28;24;25;27.8;6.1;7.6;5.1
4109104;45;8;14;13;19;42.2;5.4;6.9;
4109203;94;27;37;24;37;39.4;6;7.2;5.3
4109302;260;82;72;54;120;46.2;6;6.8;5.2
4109401;2677;687;749;790;474;17.7;5.9;6.7;5.2
4109500;214;52;99;75;168;78.5;5.2;5.2;4.6
4109609;627;206;186;175;119;19;5.5;6.3;4.8
4109658;74;25;26;15;25;33.8;5.8;6.5;5.2
4109708;526;114;195;204;251;47.7;5.8;7.3;5.1
4109757;90;25;25;27;33;36.7;5.5;6.6;5
4109807;788;321;204;222;147;18.7;5.8;6.7;5.1
4109906;162;46;60;43;62;38.3;5.9;7.2;5.1
4110003;97;27;25;26;25;25.8;5;6.9;4.9
4110052;48;10;18;15;11;22.9;6.1;6.2;5.2
4110078;181;56;67;75;109;60.2;5.2;6.6;4.6
4110102;475;181;151;112;111;23.4;6;6.4;5.1
4110201;226;52;84;80;110;48.7;5.9;6.5;5.3
4110300;78;14;21;17;40;51.3;6.2;7;5.6
4110409;66;19;23;22;19;28.8;6.3;7.9;5.4
4110508;208;76;63;79;74;35.6;5.7;7.4;5.2
4110607;215;44;91;69;104;48.4;5.8;6.3;4.9
4110656;52;14;18;17;18;34.6;5.6;6.8;
4110706;976;212;286;338;398;40.8;6.1;7.5;5.4
4110805;194;39;61;52;116;59.8;5.9;6.5;5.1
4110904;81;28;27;30;3;3.7;5.1;5.4;4.9
4110953;250;81;56;55;99;39.6;6.2;7.4;5.6
4111001;118;37;36;29;24;20.3;5.9;6.1;4.2
4111100;89;22;23;19;38;42.7;5.3;7.6;5.1
4111209;194;57;51;35;57;29.4;6.6;7.6;4.9
4111258;429;159;141;107;128;29.8;5.8;6.2;4.5
4111308;57;13;14;18;22;38.6;5.7;7.9;4
4111407;217;66;84;63;84;38.7;5.9;7.4;5.2
4111506;662;167;167;231;210;31.7;6;7.2;5
4111555;139;32;44;51;75;54;6.3;7;4.7
4111605;42;11;18;20;14;33.3;6;7.5;5.4
4111704;89;25;30;31;25;28.1;6.4;7.5;5.2
4111803;790;139;185;230;223;28.2;5.5;5.7;4.7
4111902;155;36;31;35;58;37.4;5.4;6;4.5
4112009;439;112;157;178;135;30.8;5.9;7;4.9
4112108;322;88;111;90;88;27.3;5.9;7.2;5.4
4112207;88;18;32;21;42;47.7;6.6;8.5;4.9
4112306;76;20;27;30;21;27.6;5.6;7;4.7
4112405;114;34;37;24;47;41.2;5.9;8.3;5.2
4112504;250;56;106;116;92;36.8;5.4;6.8;4.9
4112603;40;10;15;17;18;45;6.1;6.7;4.7
4112702;193;69;58;53;60;31.1;5.2;6.4;4.7
4112751;134;28;44;53;34;25.4;5.6;6.5;5.1
4112801;234;76;68;49;61;26.1;6.9;8;6.4
4112900;56;13;12;18;22;39.3;5.9;6.2;4.9
4112959;142;35;52;46;77;54.2;6;7.3;5.1
4113007;93;25;26;29;28;30.1;6;7.3;5.5
4113106;117;29;44;37;44;37.6;6.2;7.9;5.5
4113205;678;183;234;273;203;29.9;5.4;6.9;4.8
4113254;128;30;52;56;57;44.5;5.8;5.6;4.9
4113304;719;185;206;232;185;25.7;6.3;7.2;5.8
4113403;117;22;38;25;38;32.5;5.9;7.8;4.5
4113429;93;25;29;25;45;48.4;6.1;7.2;4.9
4113452;138;32;48;51;97;70.3;5.6;6.7;4.9
4113502;318;76;105;89;80;25.2;5.3;7.6;4.8
4113601;88;26;19;17;39;44.3;6.3;7.7;5.3
4113700;6136;1751;1963;2025;2003;32.6;5.8;7;5.2
4113734;79;29;22;21;17;21.5;5.6;6.5;4.8
4113759;81;24;37;25;22;27.2;5.3;6.5;4.7
4113809;79;24;18;25;15;19;5.1;7.1;4.6
4113908;203;69;65;60;48;23.6;6.4;7.5;5.3
4114005;179;55;58;63;56;31.3;5.5;7;4.8
4114104;314;92;98;69;126;40.1;5.3;6.9;4.9
4114203;437;157;106;107;181;41.4;5.3;8.1;4.8
4114302;388;108;124;118;228;58.8;5.7;6.5;4.9
4114351;62;20;25;13;20;32.3;;7.1;5.3
4114401;322;98;119;109;175;54.3;6.3;7.3;5.2
4114500;292;67;89;77;124;42.5;6.2;7.1;5.7
4114609;1000;253;280;221;275;27.5;6.2;7;5.4
4114708;100;27;32;36;36;36;5.9;6;4.9
4114807;494;155;153;125;175;35.4;5.4;7.3;5
4114906;136;38;49;52;44;32.4;6.1;6.3;5.1
4115002;100;33;25;23;21;21;5.2;7.2;4.9
4115101;138;34;31;37;35;25.4;5.1;5.9;4.7
4115200;4210;1157;1050;991;650;15.4;5.9;7.4;5.2
4115309;96;35;30;30;22;22.9;6;7.3;5.1
4115358;107;32;42;36;36;33.6;5.8;6.6;5.5
4115408;236;74;75;74;72;30.5;6;7.5;5.1
4115457;82;23;34;24;47;57.3;5.8;8.1;5.2
4115507;63;17;23;22;22;34.9;5.9;6.7;4.7
4115606;308;91;84;97;71;23.1;5.6;7.4;4.9
4115705;586;152;185;161;114;19.5;5.5;6.5;5
4115739;68;19;30;35;22;32.4;5.4;7.4;5
4115754;154;60;50;44;47;30.5;6.3;6.5;4.8
4115804;804;252;215;267;215;26.7;6.4;7.5;5.4
4115853;109;32;34;22;41;37.6;6.1;8.6;5.4
4115903;51;15;17;12;21;41.2;5.2;7.8;4.7
4116000;39;13;14;16;11;28.2;6.2;6.7;5.2
4116059;233;49;101;65;110;47.2;5.8;8.4;5.3
4116109;174;47;47;35;75;43.1;5.5;7.2;4.8
4116208;259;93;87;79;114;44;5.1;6.1;4.8
4116307;68;19;21;21;13;19.1;5.5;7.6;5.2
4116406;62;19;21;18;16;25.8;4.6;7;4.2
4116505;27;7;9;11;20;74.1;7.3;6.7;
4116604;50;12;18;21;28;56;5.4;6.7;4.9
4116703;224;60;53;58;67;29.9;5.6;7.7;4.9
4116802;138;36;37;50;45;32.6;6.3;7.3;5.3
4116901;303;95;104;54;93;30.7;5.9;7.2;5.3
4116950;131;31;67;25;35;26.7;6.2;6.8;5.2
4117008;128;39;30;18;29;22.7;5.3;8.1;4.7
4117057;335;114;142;113;179;53.4;6.6;7.3;4.9
4117107;194;50;56;62;60;30.9;5.8;7.7;4.9
4117206;77;16;18;29;28;36.4;5.4;7.5;5.3
4117214;107;44;27;28;32;29.9;5.3;7;4.2
4117222;156;62;48;26;60;38.5;5.9;6.9;5.1
4117255;166;42;55;33;72;43.4;6.2;7.3;5.1
4117271;184;38;88;72;88;47.8;5.5;6.8;4.8
4117297;50;14;16;18;20;40;6.4;8.3;6.3
4117305;501;130;181;200;321;64.1;5.6;6.3;4.9
4117404;49;12;21;17;21;42.9;6.2;7.1;4.6
4117453;87;36;28;23;10;11.5;5.8;7.3;4.8
4117503;648;172;185;180;319;49.2;5.8;6.7;4.8
4117602;732;194;255;275;268;36.6;5.6;6.2;4.9
4117701;578;177;180;184;176;30.4;5.9;6.6;5.1
4117800;309;78;114;96;116;37.5;6;7.1;5.3
4117909;550;154;168;155;224;40.7;6.3;7;5.5
4118006;148;52;40;38;19;12.8;5.4;7.2;4.7
4118105;145;43;28;32;48;33.1;5.2;6.8;4.6
4118204;2280;655;665;681;609;26.7;5.2;5.8;4.9
4118303;53;13;20;15;25;47.2;6;6.6;5.5
4118402;1348;438;334;355;439;32.6;6.1;8.2;5.1
4118451;164;41;24;24;44;26.8;5.9;7.6;5.4
4118501;1423;392;419;406;324;22.8;6.3;7.2;5.5
4118600;126;49;37;37;45;35.7;6.1;6.5;5
4118709;103;38;33;34;37;35.9;5.9;6.6;4.9
4118808;174;57;55;58;72;41.4;5.9;7.5;5.4
4118857;118;37;29;26;37;31.4;5.9;7;4.6
4118907;176;40;59;50;82;46.6;6.4;7;5.6
4119004;141;41;50;40;44;31.2;6.2;7.5;5
4119103;232;66;67;73;81;34.9;5.9;7.2;5
4119152;1794;511;476;552;430;24;5.6;6.4;5.2
4119202;146;46;27;48;80;54.8;6.2;7.1;5
4119251;48;17;19;17;16;33.3;6;7;4.4
4119301;550;185;178;192;178;32.4;5.4;6.6;4.9
4119400;303;89;118;87;102;33.7;5.8;6.8;5
4119509;1411;357;402;410;485;34.4;5.2;5.9;4.8
4119608;821;170;226;273;417;50.8;5.8;6.9;5.3
4119657;66;13;18;20;29;43.9;5.5;7.6;4.9
4119707;62;21;23;20;20;32.3;6.1;6.4;5.2
4119806;250;81;90;51;145;58;6.3;7.7;5.1
4119905;4329;1105;1359;1306;1212;28;5.6;6.9;4.8
4119954;526;155;153;148;104;19.8;5.9;6.4;5.2
4120002;200;37;63;69;84;42;5.7;6.3;5.1
4120101;67;23;31;22;19;28.4;6;7;5.2
4120150;76;12;40;30;41;53.9;6.2;7.4;5.1
4120200;81;22;19;21;25;30.9;6.2;7.4;4.9
4120309;74;30;25;15;18;24.3;6;7.5;5.2
4120333;58;18;25;22;21;36.2;5.7;7;4.8
4120358;152;34;56;38;54;35.5;5.7;6.7;4.8
4120408;66;20;24;18;38;57.6;5.5;7.3;4.6
4120507;157;37;39;34;30;19.1;5.4;7.2;4.4
4120606;905;222;318;288;236;26.1;6;7.2;5
4120655;96;29;32;24;25;26;4.7;6.8;
4120705;111;34;22;36;42;37.8;6.2;7.8;5.5
4120804;329;116;81;100;146;44.4;5.8;6.7;5
4120853;114;31;17;23;20;17.5;6.2;7.8;5.4
4120903;689;183;242;282;261;37.9;6.4;7.2;5.4
4121000;167;47;65;57;80;47.9;5.1;6.1;5.1
4121109;70;22;23;23;15;21.4;5.6;7.1;5.1
4121208;313;98;122;105;111;35.5;5.5;7.3;5
4121257;64;19;20;22;32;50;5.3;6.8;4.8
4121307;57;17;16;15;14;24.6;5.1;6.8;5.1
4121356;48;11;15;17;37;77.1;;6.8;
4121406;327;118;105;105;119;36.4;6;7.9;5.3
4121505;251;75;76;84;68;27.1;5.6;7.2;5.2
4121604;97;33;20;24;20;20.6;6;6.8;4.8
4121703;404;97;164;148;155;38.4;5.4;6.9;4.9
4121752;131;48;46;41;73;55.7;5.8;7.2;5.3
4121802;220;80;83;61;79;35.9;6.5;6.6;5.2
4121901;255;73;86;77;100;39.2;6.2;7.4;5.4
4122008;237;61;92;76;99;41.8;6;7.6;5
4122107;50;14;16;16;15;30;6.5;8;5.4
4122156;315;86;134;149;146;46.3;6.3;7.6;5.2
4122172;98;26;38;38;31;31.6;5.8;6.5;4.9
4122206;546;152;220;202;252;46.2;5.8;6.6;5
4122305;516;138;163;151;220;42.6;6.6;7.7;5.3
4122404;726;271;235;213;383;52.8;5.7;6.9;5.1
4122503;173;42;68;61;71;41;5.8;7.3;5
4122602;129;32;27;37;40;31;6.3;7.1;5.1
4122651;142;20;62;68;63;44.4;6;7.2;5.3
4122701;164;60;43;36;42;25.6;6;7.7;5
4122800;75;16;23;15;15;20;6.2;7.3;5.2
4122909;76;23;22;16;13;17.1;5.2;6.8;5
4123006;246;55;110;40;94;38.2;6.3;8;5
4123105;103;36;28;19;39;37.9;6.2;6.6;4.6
4123204;53;15;18;19;20;37.7;4.7;6.3;4.6
4123303;162;42;61;62;67;41.4;5.7;7.6;5.1
4123402;143;36;36;26;42;29.4;6;7.2;4.6
4123501;494;134;114;90;206;41.7;6.4;7.5;5.5
4123600;38;9;9;11;20;52.6;;7.2;5.4
4123709;168;37;60;58;62;36.9;5.9;7.4;4.8
4123808;240;63;85;42;79;32.9;5.6;6.9;4.9
4123824;71;18;28;21;29;40.8;5.5;6.7;4.7
4123857;219;43;101;98;102;46.6;5.9;6.1;5.1
4123907;174;42;59;82;66;37.9;5.4;6.9;4.7
4123956;62;18;21;21;39;62.9;4.5;6.2;4.7
4124004;90;26;20;19;24;26.7;5.7;6.8;4.8
4124020;211;73;62;58;80;37.9;5.6;6.5;4.9
4124053;377;116;110;106;88;23.3;5.8;7.8;5
4124103;689;170;209;212;161;23.4;6.4;6.8;5.2
4124202;45;13;13;13;14;31.1;6.4;7.1;
4124301;59;14;18;15;29;49.2;5.5;6.7;4.3
4124400;441;114;176;95;211;47.8;5.6;6.6;4.9
4124509;113;26;26;19;73;64.6;5.7;7.4;4.8
4124608;95;32;18;26;17;17.9;5.4;6.1;4.3
4124707;276;75;112;110;131;47.5;5.1;6.8;4.8
4124806;233;81;73;50;66;28.3;5.9;7.8;5.4
4124905;83;23;27;26;34;41;5.9;7.8;5
4125001;229;55;87;77;104;45.4;6;6.9;4.6
4125100;195;51;80;84;81;41.5;5.8;6.8;4.6
4125209;222;51;78;57;66;29.7;6.2;7.4;5.1
4125308;66;19;24;25;25;37.9;6.1;7.9;5.1
4125357;94;27;23;26;38;40.4;6.6;7;4.9
4125407;81;24;18;26;40;49.4;6.6;7.8;5.6
4125456;67;17;21;16;13;19.4;6.3;6.8;5.6
4125506;3688;1308;1054;1135;1082;29.3;5.5;6.3;4.9
4125555;52;14;17;14;10;19.2;6.8;8.6;4.8
4125605;789;219;196;283;299;37.9;5.8;7.3;5.1
4125704;539;147;172;166;309;57.3;6.5;6.6;5.7
4125753;111;33;44;32;49;44.1;5.6;6.2;4.8
4125803;179;37;71;74;92;51.4;6.3;7.1;5.3
4125902;72;17;28;21;42;58.3;5;6.7;
4126009;143;43;47;47;53;37.1;5.9;7.1;5
4126108;93;20;38;24;39;41.9;6.4;7.4;5.1
4126207;164;44;53;69;81;49.4;6.4;7.2;5.5
4126256;1194;378;317;306;255;21.4;5.7;6.3;4.8
4126272;102;35;24;26;24;23.5;6.1;7.2;5.6
4126306;254;79;97;107;104;40.9;6.2;7.6;5.1
4126355;86;22;39;32;34;39.5;6.1;9.1;5.1
4126405;164;42;34;34;45;27.4;6.5;8;5.3
4126504;156;59;54;56;47;30.1;5.9;6.6;5.2
4126603;449;141;126;114;168;37.4;6.3;7.4;5.3
4126652;45;13;17;17;14;31.1;6.1;7.1;5.7
4126678;164;71;56;45;78;47.6;5.5;5.8;5.2
4126702;70;14;25;24;30;42.9;5.9;6.4;5
4126801;199;56;35;37;63;31.7;5.6;6.9;5.1
4126900;100;19;32;19;24;24;6.9;7.6;5.4
4127007;173;58;53;56;105;60.7;6.1;6.9;5
4127106;1159;276;340;345;425;36.7;5.8;6.5;4.9
4127205;232;76;61;39;58;25;5.5;8.3;5.8
4127304;240;82;53;41;96;40;6.2;6.9;5.1
4127403;324;89;106;107;132;40.7;6.1;7.3;5.4
4127502;230;65;79;97;128;55.7;5.2;6.4;4.7
4127601;221;77;76;63;59;26.7;5.1;6.2;4.8
4127700;2381;573;700;645;704;29.6;6;6.9;5.4
4127809;181;44;83;40;83;45.9;6.1;6.6;4.7
4127858;203;57;69;60;104;51.2;5.5;6.8;4.3
4127882;99;31;37;38;45;45.5;5.2;5.9;4.8
4127908;160;41;66;57;57;35.6;5.1;7;4.5
4127957;161;34;67;43;42;26.1;6;6.9;5.3
4127965;281;90;101;87;103;36.7;6.1;7.4;5.3
4128005;425;110;144;108;136;32;6;7.8;5.2
4128104;1941;582;520;523;821;42.3;6.2;6.7;5.2
4128203;1046;258;319;354;155;14.8;6;6.6;5.2
4128302;46;15;11;11;15;32.6;5.2;7.6;4.6
4128401;184;39;64;70;43;23.4;5.9;6.4;5.4
4128500;316;95;103;67;121;38.3;6.2;7.3;5.3
4128534;144;49;35;43;48;33.3;5.8;6.1;5
4128559;164;40;65;58;67;40.9;5.1;6.8;5
4128609;167;49;82;33;94;56.3;5.8;7.3;5.3
4128625;64;21;18;22;24;37.5;6.6;6.2;5.2
4128633;78;30;34;32;42;53.8;4.6;6;4.5
4128658;65;19;17;25;29;44.6;7;7.4;5.7
4128708;135;37;37;42;29;21.5;5.5;7.5;4.9
4128807;140;31;47;31;61;43.6;6.3;7;4.2
4200051;97;22;21;14;62;63.9;4.1;6.5;4.4
4200101;335;120;96;72;169;50.4;4.8;6.2;3.7
4200200;164;37;38;32;51;31.1;5.7;6.6;4.4
4200309;123;28;31;37;52;42.3;5.2;;4.5
4200408;145;32;48;45;74;51;5;6.7;
4200507;135;54;49;31;75;55.6;5.2;5.6;4.2
4200556;61;21;17;17;40;65.6;5.1;7.5;4.2
4200606;104;26;43;40;62;59.6;5.2;6.6;4.3
4200705;178;71;41;31;120;67.4;4.7;6.5;
4200754;36;7;11;16;19;52.8;6.4;7.4;5.3
4200804;120;45;42;26;67;55.8;6;6.7;4.6
4200903;108;41;35;29;78;72.2;4.9;5.9;4.7
4201000;160;49;56;41;86;53.8;4.9;6.4;4.2
4201109;73;14;22;19;45;61.6;5.3;5.4;4.7
4201208;177;66;48;30;80;45.2;5.9;6.8;5.6
4201257;151;57;70;24;76;50.3;5.1;6.2;4
4201273;97;23;30;29;67;69.1;5.7;7.5;5
4201307;894;178;214;235;382;42.7;4.5;5.4;4.6
4201406;1157;438;411;269;736;63.6;5.4;6.5;4.8
4201505;253;82;51;47;181;71.5;5.1;6.4;4.5
4201604;53;14;15;13;25;47.2;5.2;;4.7
4201653;61;11;16;18;40;65.6;5.5;7.1;4.6
4201703;145;55;43;29;91;62.8;5.4;6.5;4.4
4201802;66;23;22;17;37;56.1;5.3;7.6;
4201901;158;37;53;32;104;65.8;5.5;6.7;4.9
4201950;229;61;67;53;125;54.6;4.6;6.1;4.5
4202008;1693;280;297;258;631;37.3;5;6;4
4202057;175;39;70;41;69;39.4;4;6;3.2
4202073;212;76;74;39;128;60.4;4.9;5.9;3.7
4202081;73;20;24;19;42;57.5;;;4.5
4202099;37;17;19;14;25;67.6;5.5;6.2;4.2
4202107;586;179;146;106;322;54.9;4.5;5.9;3.7
4202131;98;39;32;12;49;50;;;4.5
4202156;60;16;18;16;28;46.7;5.2;7.5;4.1
4202206;179;69;65;41;72;40.2;5.1;6.4;4.6
4202305;1093;333;311;233;619;56.6;4.9;6;4.3
4202404;6001;2025;1666;792;3078;51.3;5.4;6.6;4.2
4202438;103;35;29;14;59;57.3;5.2;6.2;3.6
4202453;454;111;127;81;252;55.5;4.9;6.1;4.5
4202503;106;44;37;14;75;70.8;4.8;5.9;3.8
4202537;75;21;22;17;65;86.7;4.9;6.3;4.5
4202578;56;14;19;19;34;60.7;5.7;7.4;5.3
4202602;177;38;43;33;86;48.6;4.9;5.9;4.8
4202701;108;44;31;25;72;66.7;5.2;6.5;5
4202800;543;200;164;120;356;65.6;4.6;5.9;3.8
4202859;88;27;29;17;35;39.8;5.9;6.3;4.6
4202875;88;27;30;14;70;79.5;5.3;5.9;4.8
4202909;1911;613;546;380;969;50.7;5.4;6.6;4.4
4203006;1278;480;393;250;698;54.6;5;6.2;4
4203105;121;35;26;38;74;61.2;5.5;6.4;4.7
4203154;91;23;29;23;72;79.1;5.1;6.2;4.2
4203204;1183;326;321;317;571;48.3;4.7;5.6;4.3
4203253;63;19;18;14;27;42.9;5;6.3;4.5
4203303;211;68;53;42;104;49.3;5.2;6.8;4.2
4203402;130;51;40;33;89;68.5;4.2;5.6;
4203501;243;50;53;78;138;56.8;5.1;6.7;3.9
4203600;603;207;200;101;402;66.7;5;6.4;4.6
4203709;275;79;61;42;95;34.5;5;6.6;4.8
4203808;1037;301;304;301;638;61.5;5.4;6.8;4.4
4203907;345;108;88;58;140;40.6;5.3;6.2;4.7
4203956;511;157;130;56;272;53.2;5;6.2;4
4204004;172;56;34;26;123;71.5;5.3;6.3;4.3
4204103;90;21;34;27;61;67.8;4.7;6.2;4.1
4204152;70;32;19;13;27;38.6;6;6.8;4.6
4204178;88;37;23;20;43;48.9;;4.7;3.5
4204194;57;11;19;13;35;61.4;5.4;6.3;4.8
4204202;3668;1381;1215;711;2909;79.3;5;6.4;4.4
4204251;324;86;73;33;190;58.6;5.6;6.6;4.4
4204301;1473;537;479;305;735;49.9;5.5;6.7;4.5
4204350;110;39;32;23;72;65.5;5;6.1;4.8
4204400;185;51;73;34;114;61.6;4.9;6.8;4.2
4204459;40;12;19;14;16;40;5.2;7;5.1
4204509;207;61;51;35;117;56.5;5.4;6.3;4.2
4204558;285;109;97;53;172;60.4;5.1;6;4.1
4204608;2680;931;822;689;1226;45.7;5.5;6.7;4.2
4204707;239;75;66;34;123;51.5;5.5;6.8;4.8
4204756;61;22;11;16;42;68.9;5.6;8;
4204806;654;186;202;147;389;59.5;4.9;6.3;4.2
4204905;135;42;45;41;73;54.1;5.2;6.2;4.3
4205001;275;122;85;56;188;68.4;5;6.6;4.3
4205100;113;35;33;29;75;66.4;5.8;6.6;4.6
4205159;49;13;16;13;30;61.2;5.4;6.1;4.8
4205175;82;23;33;27;49;59.8;4.9;6.1;3.3
4205191;62;17;19;25;31;50;5.5;;
4205209;76;18;26;17;44;57.9;;6.7;4.7
4205308;202;62;73;40;106;52.5;5.2;6.6;4.1
4205357;50;18;13;18;27;54;4.9;6.7;5.3
4205407;5503;1619;1379;1225;3418;62.1;5.1;6.2;3.7
4205431;45;11;15;12;19;42.2;5.3;7.9;5.1
4205456;521;166;138;83;219;42;4.9;7.1;4.2
4205506;635;196;151;129;272;42.8;5.7;7.1;4.8
4205555;62;20;21;15;22;35.5;5.1;6.5;4.6
4205605;68;20;22;20;27;39.7;4.8;7.3;4.6
4205704;530;152;107;112;301;56.8;4.7;6.8;4.5
4205803;265;80;55;45;73;27.5;4.3;6.3;4.1
4205902;921;322;268;227;264;28.7;5.1;6.5;4.2
4206009;287;89;69;50;208;72.5;5.6;7;4.6
4206108;142;48;36;22;79;55.6;4.9;6.5;
4206207;255;65;78;50;169;66.3;5;6.1;4.5
4206306;374;126;82;61;155;41.4;5.5;6.6;4.1
4206405;204;54;63;40;140;68.6;5.9;6.7;4.5
4206504;738;251;183;164;345;46.7;5.3;7;4.2
4206603;100;23;39;18;27;27;;6.7;4.5
4206652;148;44;52;29;77;52;4.8;5.9;3.8
4206702;282;88;62;40;146;51.8;4.6;6.3;4.1
4206751;43;11;15;14;21;48.8;5.5;6.4;4.4
4206801;44;10;17;13;23;52.3;4.9;6.6;
4206900;354;79;73;94;194;54.8;5.4;6.1;5
4207007;970;354;283;209;663;68.4;5.8;7;4.3
4207106;279;83;83;59;149;53.4;5.1;5.9;3.7
4207205;242;88;86;67;189;78.1;5.1;5.8;4.3
4207304;948;304;272;170;599;63.2;5;6.4;4
4207403;106;19;28;26;67;63.2;4.6;6.6;4.4
4207502;1111;372;331;206;532;47.9;5.8;6.9;4.2
4207577;70;26;18;16;26;37.1;5.7;6.8;4.9
4207601;117;35;32;20;73;62.4;5.8;6.9;5
4207650;159;52;52;55;104;65.4;6.2;7.3;5.1
4207684;210;82;88;51;160;76.2;5.2;7;3.4
4207700;148;47;65;37;87;58.8;5.6;6.5;4.6
4207759;114;45;41;17;79;69.3;5.8;7.1;5.3
4207809;200;52;49;34;83;41.5;5;6.3;4.4
4207858;53;17;13;18;20;37.7;5.8;6.7;
4207908;125;50;41;32;47;37.6;5.5;7;4.3
4208005;149;46;39;23;76;51;5.8;6.8;5.2
4208104;480;183;205;87;258;53.8;5.1;6;4.5
4208203;3297;903;864;702;1627;49.3;5;6;3.7
4208302;1043;340;279;148;521;50;5.2;6.4;4
4208401;321;118;123;79;172;53.6;5.7;7.2;5.2
4208450;389;120;111;63;246;63.2;5;6.1;4.1
4208500;527;186;159;112;298;56.5;5.2;6.7;4.5
4208609;59;17;23;17;35;59.3;5.4;6.7;4.7
4208708;193;59;60;40;146;75.6;5.2;6.7;4
4208807;392;134;126;74;289;73.7;5;5.9;4.1
4208906;2311;702;698;582;1324;57.3;6;7.2;4.8
4208955;46;9;16;17;23;50;4.8;7.1;4.6
4209003;446;113;123;59;198;44.4;5.6;6;4.2
4209102;5589;1677;1765;1492;2580;46.2;5.8;7;4.4
4209151;176;48;73;55;127;72.2;4.9;5.8;4
4209177;43;13;18;11;20;46.5;5.1;6.6;3.8
4209201;48;8;14;13;21;43.8;5.9;6.9;
4209300;2951;810;876;671;1915;64.9;4.8;5.8;4.2
4209409;964;256;319;192;698;72.4;5.1;5.8;4.3
4209458;53;11;14;18;25;47.2;5.3;7;5.1
4209508;156;29;38;33;81;51.9;5.3;6.4;4.3
4209607;282;87;89;52;190;67.4;5.1;6.4;4.2
4209706;238;77;94;72;165;69.3;4.3;6.6;3.5
4209805;83;12;37;21;48;57.8;5.3;6.2;4.7
4209854;62;14;22;22;32;51.6;5.6;8;4.9
4209904;223;49;55;33;85;38.1;4.2;6;
4210001;260;108;78;47;170;65.4;5.4;6.4;4.6
4210035;144;27;32;63;49;34;6.1;7;5.6
4210050;38;14;20;10;26;68.4;5.4;6.6;
4210100;1055;328;324;240;625;59.2;5.5;6.6;4.7
4210209;73;26;28;26;49;67.1;5;7.1;5
4210308;126;37;43;39;91;72.2;5.4;6.6;4.4
4210407;122;42;35;28;70;57.4;5.3;6.7;4
4210506;519;168;146;80;349;67.2;5.6;6.9;4.9
4210555;43;13;15;12;21;48.8;;7.4;
4210605;300;98;82;57;135;45;5.8;6.7;4.7
4210704;62;14;20;20;40;64.5;4.5;6.7;
4210803;105;27;31;31;71;67.6;5.4;5.6;4.9
4210852;68;22;19;13;29;42.6;5.2;;4.3
4210902;122;26;17;32;92;75.4;5.4;6.8;4.9
4211009;150;48;62;26;78;52;5.9;6.5;4.7
4211058;131;45;33;24;48;36.6;4.8;5.6;
4211108;225;77;81;45;200;88.9;4.9;6.6;4.5
4211207;309;85;87;67;200;64.7;5.6;7;4.3
4211256;56;23;23;14;34;60.7;4.7;6.1;4.9
4211306;1547;430;387;283;709;45.8;4.8;5.8;4.1
4211405;67;17;20;19;34;50.7;5.1;6.9;4.4
4211454;70;19;25;21;40;57.1;4.7;6.6;4.7
4211504;189;70;46;29;83;43.9;4.7;6.4;4.3
4211603;229;80;80;59;141;61.6;5.5;7.1;4.9
4211652;52;17;16;24;23;44.2;4.9;7.5;4
4211702;318;115;100;40;204;64.2;5.3;6.6;3.9
4211751;385;117;99;77;230;59.7;5.1;6.7;4
4211801;138;41;36;35;76;55.1;5.2;6.7;5
4211850;49;12;21;13;28;57.1;4.9;6.4;4.2
4211876;36;10;14;13;28;77.8;5.7;;5
4211892;72;26;22;19;34;47.2;4.2;4.8;3.6
4211900;3144;1028;920;637;2026;64.4;5;6;4.2
4212007;127;29;44;46;71;55.9;5.4;6.9;4.7
4212056;72;17;28;17;31;43.1;4.5;6.3;4.3
4212106;341;115;116;73;197;57.8;4.9;6.8;4.9
4212205;326;96;111;83;238;73;5.1;6.6;4.4
4212239;76;28;27;22;42;55.3;5.8;;4.7
4212254;155;52;38;24;106;68.4;5.3;6.2;4.8
4212270;102;33;46;21;67;65.7;5.2;6.7;4.6
4212304;189;65;56;38;133;70.4;5;6.6;4
4212403;92;25;31;21;64;69.6;5.4;7;
4212502;638;184;172;148;272;42.6;4.6;6.3;4.1
4212601;55;9;20;18;33;60;5.8;7.5;5.1
4212650;190;55;57;47;120;63.2;;;4.1
4212700;142;28;43;39;107;75.4;5.2;5.9;4.3
4212809;383;116;99;63;89;23.2;5.1;6.4;
4212908;313;101;82;56;185;59.1;5.2;6.7;4.6
4213005;71;17;15;23;31;43.7;5.2;6.3;4.8
4213104;159;67;30;23;66;41.5;5.9;7.5;4.7
4213153;58;17;14;16;34;58.6;4.4;6.4;4.4
4213203;464;155;122;89;141;30.4;6.1;7.2;4.7
4213302;102;26;35;38;60;58.8;4.4;5.5;4.2
4213351;78;24;22;22;35;44.9;4.6;6.1;4.1
4213401;198;60;57;44;90;45.5;4.6;6.1;3.7
4213500;442;114;111;54;134;30.3;4.9;6;
4213609;628;217;194;192;278;44.3;5.1;6.4;4.2
4213708;325;115;112;67;204;62.8;5.1;6.4;4.1
4213807;185;50;63;32;151;81.6;5.2;6.6;4.5
4213906;45;8;11;12;31;68.9;5.9;7.1;4.9
4214003;323;101;105;62;178;55.1;5.2;6.5;4.2
4214102;46;12;14;12;25;54.3;5.2;6.9;4.5
4214151;65;13;20;19;36;55.4;5.9;6.8;5.2
4214201;163;32;60;38;80;49.1;5.2;6.9;4.2
4214300;78;31;32;17;39;50;4.9;6.7;4.9
4214409;93;31;25;16;54;58.1;5.1;6.1;3.6
4214508;127;38;48;29;87;68.5;4.8;6;4.2
4214607;126;34;38;26;57;45.2;5.1;6.3;4.3
4214706;127;33;46;32;85;66.9;5.2;;4.8
4214805;1007;267;298;287;386;38.3;4.9;5.9;4.4
4214904;118;17;26;38;80;67.8;5.4;7.1;5.1
4215000;682;210;166;110;227;33.3;5.2;6.6;3.9
4215059;71;22;15;16;52;73.2;5.5;;4.2
4215075;106;27;32;34;68;64.2;5.9;6.8;4.7
4215109;239;87;40;43;156;65.3;5.1;6.1;4.3
4215208;93;30;38;17;75;80.6;5;6.3;5.5
4215307;164;44;48;34;118;72;5.2;7;4.3
4215356;98;27;34;22;69;70.4;4.9;7;4.9
4215406;61;17;11;11;28;45.9;6.1;6.8;5.3
4215455;292;101;97;86;194;66.4;4.9;6.2;4
4215505;277;79;72;69;193;69.7;4.9;5.9;4.2
4215554;50;13;15;16;26;52;5.6;6.7;5
4215604;70;21;29;16;35;50;;6.8;5.1
4215653;235;73;59;95;124;52.8;5.6;6.8;
4215679;142;51;34;30;71;50;5.4;7.3;4.5
4215687;62;14;26;16;50;80.6;5.2;6.9;4.3
4215695;38;11;9;11;16;42.1;5.6;6.6;5
4215703;525;161;153;106;250;47.6;5.4;6.7;4.7
4215752;52;11;22;13;31;59.6;5.1;6.5;4.2
4215802;1123;342;278;234;382;34;5.6;7;4.5
4215901;58;10;35;16;24;41.4;5.4;7;
4216008;246;74;71;62;116;47.2;5.6;6.9;4.8
4216057;159;37;28;28;105;66;4.8;6.1;4
4216107;173;45;64;29;135;78;4.8;6.7;4.4
4216206;1140;291;279;175;421;36.9;4.4;5.9;3.8
4216255;131;35;40;33;75;57.3;5.9;7.6;5.7
4216305;440;116;96;72;238;54.1;4.4;6;3.9
4216354;84;22;27;30;62;73.8;4.6;;4.3
4216404;173;61;51;28;113;65.3;5;6.4;
4216503;580;197;179;80;333;57.4;4.5;5.8;3.9
4216602;2942;993;922;621;1711;58.2;5.3;6.5;4.6
4216701;258;91;87;46;149;57.8;5.9;7.2;4.6
4216800;197;77;57;57;145;73.6;4.9;7.1;4.7
4216909;495;192;143;51;302;61;5.2;6.5;4.3
4217006;211;43;73;42;95;45;4.6;6.5;
4217105;103;38;28;21;68;66;5.4;7.3;4.7
4217154;50;12;13;16;40;80;6.1;6.8;
4217204;724;203;194;222;334;46.1;5.4;6.6;4.9
4217253;129;35;33;26;88;68.2;5.9;6.5;
4217303;166;49;67;52;109;65.7;5.6;6.8;4.6
4217402;312;94;85;60;147;47.1;5.6;6.9;4
4217501;367;111;113;81;172;46.9;5.3;6.6;4.9
4217550;92;24;26;18;66;71.7;4.9;6.6;5.3
4217600;229;72;71;28;116;50.7;5.4;6.5;4.6
4217709;624;208;168;152;457;73.2;5.4;6.4;5
4217758;65;18;24;17;44;67.7;4.8;7.3;3.7
4217808;396;101;87;43;190;48;5.5;6.3;3.9
4217907;129;40;36;31;78;60.5;5.3;6.7;4.1
4217956;64;17;19;18;57;89.1;6;7.3;
4218004;733;254;199;128;514;70.1;4.6;6.1;3.9
4218103;86;22;19;25;44;51.2;5.3;6.8;3.8
4218202;831;278;241;124;449;54;5.9;7;4.9
4218251;159;69;60;27;135;84.9;4.8;6;3.6
4218301;384;131;114;88;193;50.3;4.6;5.9;3.7
4218350;79;12;23;22;31;39.2;5.7;7.2;4.9
4218400;132;44;35;30;54;40.9;5.2;6.8;4.4
4218509;131;30;36;21;54;41.2;5.6;6.9;5.4
4218608;132;40;42;32;83;62.9;4.7;6.6;3.7
4218707;1617;587;498;379;1151;71.2;5;6.2;4.4
4218756;88;25;27;21;48;54.5;5.7;7.1;5.2
4218806;231;71;74;36;184;79.7;5.4;6.4;4.5
4218855;55;12;19;17;22;40;5.2;7.1;4.3
4218905;165;46;58;46;115;69.7;4.7;6.5;4.2
4218954;79;34;17;14;39;49.4;4.9;6.4;3.8
4219002;398;119;121;76;282;70.9;5.5;7.1;4.6
4219101;83;25;28;19;47;56.6;5;6.7;4
4219150;41;12;14;9;20;48.8;5.4;5.9;4.8
4219176;118;36;43;30;66;55.9;5;6.4;5.2
4219200;146;42;65;27;80;54.8;5.6;6.8;4.7
4219309;800;244;242;191;430;53.8;5.6;6.7;4.4
4219358;98;32;31;23;65;66.3;5.4;6.9;4.4
4219408;90;30;25;20;61;67.8;5.6;7;4.7
4219507;738;229;220;165;321;43.5;5.4;6.4;4.2
4219606;74;16;29;18;40;54.1;6.3;6.7;5.3
4219705;660;183;170;95;324;49.1;5.3;6.5;4.3
4219853;68;22;13;12;36;52.9;4.6;6.5;4.9
4220000;245;71;72;35;175;71.4;5.1;6.8;3.9
4300034;85;22;39;13;43;50.6;5.3;5.8;4.9
4300059;65;18;28;12;25;38.5;5.7;6.1;4.8
4300109;252;107;112;45;107;42.5;5.5;6.6;5.1
4300208;113;28;46;20;35;31;6;6.9;5.7
4300307;76;22;37;8;33;43.4;5.8;7;5.3
4300406;897;221;377;324;357;39.8;5.1;6.2;4.5
4300455;59;22;31;18;38;64.4;4.9;6.9;4.9
4300471;57;29;23;8;26;45.6;5.8;6.6;
4300505;107;37;61;12;39;36.4;6;7.3;5.2
4300554;32;9;16;10;21;65.6;5.8;;
4300570;37;10;16;9;9;24.3;5.7;7.4;4.7
4300604;1859;807;709;397;514;27.6;4.6;5.6;4.2
4300638;88;32;44;19;41;46.6;5.5;5.3;4.3
4300646;113;32;44;25;34;30.1;4.7;6.2;4.9
4300661;28;7;9;10;11;39.3;5.6;6.8;
4300703;78;18;35;13;30;38.5;5.1;6.4;
4300802;121;45;70;45;59;48.8;5.3;6.8;4.9
4300851;77;33;35;17;27;35.1;6.3;7.2;4.8
4300877;148;44;50;15;63;42.6;5.6;6.4;4.6
4300901;84;28;49;15;38;45.2;5.5;7.2;5.2
4301008;252;135;103;29;115;45.6;5.8;6.7;5
4301057;201;86;72;27;44;21.9;5.1;6.4;4.7
4301073;60;26;19;14;20;33.3;5.8;6.6;4.9
4301107;170;65;76;26;46;27.1;4.7;5.7;4.1
4301206;178;54;75;22;66;37.1;5.9;7;5.7
4301305;319;95;159;31;167;52.4;5.1;5.9;4.4
4301404;136;32;53;30;80;58.8;5.3;6.8;4.5
4301503;91;27;38;17;31;34.1;6.1;6.5;5.2
4301552;58;22;24;16;25;43.1;5.7;6.9;5.3
4301602;1299;389;524;301;395;30.4;4.9;5.7;4.7
4301636;219;67;84;29;89;40.6;4.6;5.4;
4301651;91;40;37;20;48;52.7;5.9;7.1;5
4301701;86;26;17;15;17;19.8;5.2;6.8;4.7
4301750;78;37;46;16;16;20.5;4.9;;4.6
4301800;76;25;23;12;9;11.8;5.9;6.7;5
4301859;93;34;37;20;40;43;5;5.8;4
4301875;68;21;29;13;35;51.5;4.9;6;4.3
4301909;132;38;76;35;76;57.6;4.6;5.4;4.6
4301925;30;10;18;11;18;60;;6.5;5
4301958;53;18;23;11;31;58.5;5.9;7.6;4.7
4302006;148;30;60;28;89;60.1;4.7;6;4.7
4302055;50;15;20;15;39;78;5.5;;4.5
4302105;1283;435;407;283;429;33.4;5.5;6.5;5.2
4302154;51;17;18;14;36;70.6;5.4;6.1;5.2
4302204;84;34;32;19;28;33.3;6;6.8;5.2
4302220;54;25;24;7;17;31.5;5.8;6.8;5.4
4302238;59;15;18;9;19;32.2;4.6;6.1;
4302253;36;18;20;10;7;19.4;5.9;6.5;5.9
4302303;155;50;55;25;66;42.6;5.5;6.2;4.3
4302352;218;99;65;15;63;28.9;5.3;6.7;4.9
4302378;69;20;21;31;55;79.7;5.4;6.1;5
4302402;176;67;56;26;118;67;5.7;6.8;5
4302451;116;28;72;25;56;48.3;5.3;6.1;
4302501;123;46;67;22;47;38.2;4.7;6.5;4.5
4302584;36;9;17;11;26;72.2;5.3;6.9;5.1
4302600;78;18;40;19;31;39.7;5;6.7;4.9
4302659;77;24;30;14;36;46.8;5.9;7.1;5.2
4302709;271;92;106;45;81;29.9;4.9;5.8;4.5
4302808;476;138;188;112;110;23.1;4.8;5.9;4.8
4302907;155;40;89;48;122;78.7;4.7;6.2;4.3
4303004;1051;282;417;232;380;36.2;5.4;6.2;4.7
4303103;1492;493;410;304;425;28.5;5;5.9;4.7
4303202;98;43;28;13;80;81.6;4.9;6.7;4.6
4303301;67;17;34;17;19;28.4;5.4;6.8;5.2
4303400;71;19;27;15;34;47.9;5.8;6.3;5.9
4303509;732;230;272;185;330;45.1;5.7;6.4;4.7
4303558;52;14;18;17;15;28.8;5;;5.4
4303608;133;38;43;18;34;25.6;4.9;5.9;4.6
4303673;48;19;19;7;29;60.4;5.4;6.7;5.5
4303707;86;21;35;16;38;44.2;6.5;7.1;5.5
4303806;84;28;20;22;48;57.1;6;6.9;4
4303905;885;265;235;99;156;17.6;5.8;7;4.8
4304002;79;27;29;21;50;63.3;5.1;6.2;4.1
4304101;52;17;23;13;13;25;5.3;6.2;4.9
4304200;365;112;156;58;91;24.9;5.1;6.3;4.7
4304309;108;35;41;24;28;25.9;6.2;7.4;5.8
4304358;156;42;76;46;122;78.2;5.3;6.1;4.4
4304408;526;216;196;84;141;26.8;5.4;6.2;4.8
4304507;663;180;327;153;335;50.5;5.7;6.5;5.1
4304606;2403;790;866;610;886;36.9;4.8;5.5;4.5
4304614;26;9;7;6;7;26.9;4.7;6.1;5.2
4304622;41;13;17;7;27;65.9;5.6;6.1;
4304630;1056;342;351;120;309;29.3;4.6;5.8;4.3
4304655;82;25;34;14;39;47.6;5.2;5.4;4.3
4304663;375;137;172;48;89;23.7;4.2;5.1;3.8
4304671;106;27;35;24;29;27.4;4.8;6.1;5.2
4304689;179;54;65;19;60;33.5;5.7;6.3;4.2
4304697;61;16;22;10;32;52.5;5.9;6.7;5.1
4304705;730;224;286;162;321;44;5.3;6.4;4.8
4304713;78;26;35;17;28;35.9;5.2;6.6;5.2
4304804;327;101;149;53;145;44.3;6.2;7.3;5.2
4304853;37;14;10;12;10;27;;;5.2
4304903;141;46;58;18;51;36.2;5.4;7.1;4.7
4304952;73;24;29;14;18;24.7;5;6.3;5.3
4305009;154;39;74;32;43;27.9;6.1;7;4.5
4305108;3701;1578;1569;825;1123;30.3;5.2;6.1;4.9
4305116;48;16;13;18;31;64.6;6.6;6.7;5.9
4305124;125;43;62;35;39;31.2;4.7;5.4;4.4
4305132;65;13;41;13;16;24.6;6.7;;5.1
4305157;68;31;23;18;32;47.1;5.2;6;
4305173;151;65;86;21;69;45.7;4.7;5.8;4.4
4305207;157;66;47;19;34;21.7;5.6;6.9;5.1
4305306;176;71;61;26;86;48.9;5.3;6.3;5.3
4305355;518;133;160;122;236;45.6;5.5;6.2;4.7
4305371;65;21;29;18;43;66.2;5;7.4;
4305405;72;24;38;17;17;23.6;5.6;6.7;5.3
4305439;65;16;22;15;41;63.1;4.5;6.3;4.3
4305447;65;26;32;15;15;23.1;5.1;6.4;5.4
4305454;266;84;97;33;75;28.2;4.4;5.6;4.3
4305504;70;17;36;18;39;55.7;5.7;6.7;4.6
4305587;46;19;23;9;19;41.3;6.4;7.1;5.8
4305603;57;17;31;11;16;28.1;6.6;7.2;4.9
4305702;108;46;38;15;30;27.8;5.4;7;4.3
4305801;169;56;53;31;93;55;5.5;7.6;5.3
4305835;35;14;12;8;13;37.1;;;5.2
4305850;54;20;25;9;18;33.3;6;3.7;4.2
4305871;55;14;15;8;16;29.1;5.8;6.2;
4305900;104;42;41;21;36;34.6;5;6.8;4.7
4305934;28;9;9;5;11;39.3;;6.8;5.3
4305959;53;13;13;6;12;22.6;6;7.1;5.2
4305975;56;27;21;6;32;57.1;5;6.6;4.3
4306007;215;49;90;37;70;32.6;5.8;7.4;5
4306056;99;37;50;23;38;38.4;5;6.3;4.5
4306072;53;22;28;12;31;58.5;5.3;6.1;4.2
4306106;773;255;279;169;293;37.9;5.2;6.3;4.7
4306130;40;9;13;10;8;20;5.8;;
4306205;170;51;53;34;42;24.7;5.6;6.1;5
4306304;83;16;41;19;33;39.8;6.2;6.3;5.2
4306320;53;14;19;9;27;50.9;5.9;7.3;6.4
4306353;54;16;36;13;32;59.3;;;4.7
4306379;53;21;22;13;16;30.2;4.5;;5.2
4306403;375;148;144;66;101;26.9;6.1;7.1;4.9
4306429;55;22;30;14;31;56.4;5.2;;3.9
4306452;38;11;13;13;13;34.2;6.4;8;6.3
4306502;164;62;68;26;93;56.7;5.6;6.1;4.5
4306551;52;18;21;16;43;82.7;;;4.5
4306601;511;153;190;91;150;29.4;4.9;5.9;4.4
4306700;47;17;13;16;14;29.8;5.8;5.6;4.1
4306734;51;14;13;13;6;11.8;5.4;6.8;5.6
4306759;37;8;15;8;13;35.1;;6.5;4.5
4306767;361;152;141;59;75;20.8;4.1;5.2;4.3
4306809;274;113;92;42;119;43.4;6;7;4.8
4306908;351;143;149;72;153;43.6;4.8;6.4;4.6
4306924;38;9;16;11;29;76.3;4.6;5.7;4.1
4306932;132;30;60;31;61;46.2;5.1;6.5;4.9
4306957;52;18;19;12;41;78.8;5.8;6.9;4.6
4306973;61;18;23;14;31;50.8;;6.1;4.8
4307005;1182;327;372;316;406;34.3;5.8;6.8;5
4307054;68;22;33;8;27;39.7;5.4;6.7;4.9
4307104;118;41;65;32;36;30.5;4.7;5.6;3.5
4307203;90;33;33;13;60;66.7;5.7;7;5
4307302;106;19;52;36;56;52.8;;;4.3
4307401;49;16;27;14;21;42.9;5;5.9;5
4307450;62;19;19;8;17;27.4;5.2;6.9;4.8
4307500;258;82;115;62;108;41.9;5.7;6.7;4.9
4307559;90;40;22;25;40;44.4;5.6;7.3;4.6
4307609;540;191;147;56;61;11.3;5.6;6.6;4.7
4307708;1089;348;312;194;178;16.3;5.3;6.2;4.5
4307807;447;136;164;86;212;47.4;5.6;6.6;4.9
4307815;62;22;18;12;38;61.3;6.4;8;4.9
4307831;44;14;18;9;10;22.7;5.8;7.1;4.9
4307864;42;18;11;12;15;35.7;5.7;8.3;6.4
4307906;790;328;295;165;270;34.2;6.3;7.4;5.4
4308003;90;26;29;20;25;27.8;4.8;7.1;5.1
4308052;36;10;14;14;25;69.4;4.3;7.1;4.1
4308078;67;24;20;9;29;43.3;5.2;6.4;4.4
4308102;235;59;63;77;90;38.3;6.2;7.1;
4308201;406;168;156;54;73;18;5.8;7;5.2
4308250;32;13;7;10;20;62.5;5.9;;5.8
4308300;169;53;77;48;75;44.4;5.8;6.7;3.9
4308409;97;39;26;17;28;28.9;5;6.1;4.8
4308433;61;17;14;13;13;21.3;6.6;6.2;5.1
4308458;68;22;34;16;34;50;6.2;7.1;4.6
4308508;624;130;170;134;340;54.5;5.8;7;5.1
4308607;358;130;119;62;206;57.5;5.8;6.9;4.8
4308656;60;32;28;12;36;60;5.9;7.7;4.6
4308706;61;18;22;13;31;50.8;6.1;6;5.2
4308805;107;29;60;26;41;38.3;5.6;6.2;4.2
4308854;51;18;21;12;30;58.8;5.8;6.7;5.2
4308904;205;69;80;26;106;51.7;5.7;6.9;5
4309001;230;72;111;24;84;36.5;5.8;6.8;4.5
4309050;89;25;24;18;16;18;5.1;6.8;4.6
4309100;685;209;199;70;141;20.6;5.6;6.7;4.7
4309126;60;20;27;12;37;61.7;6;7.3;4.9
4309159;74;27;36;12;29;39.2;5.3;6.1;5.4
4309209;2595;884;970;467;787;30.3;5;5.9;4.5
4309258;25;9;8;11;7;28;6.5;7.8;
4309308;1117;411;372;209;479;42.9;5.2;6;4.8
4309407;260;81;76;50;70;26.9;5.4;6.5;4.4
4309506;146;28;70;51;60;41.1;6;6.6;4.9
4309555;86;36;25;17;30;34.9;6.3;7.3;5.1
4309571;54;22;17;11;31;57.4;5;7;5.1
4309605;222;84;68;24;15;6.8;6.2;7.2;4.7
4309654;129;39;65;25;67;51.9;4.6;5.6;4
4309704;86;22;46;24;24;27.9;5.5;6.1;5.8
4309753;77;28;36;19;11;14.3;6.1;8;4.6
4309803;58;22;19;12;22;37.9;5.7;7.1;5.4
4309902;92;40;32;14;40;43.5;5.4;6.1;5
4309951;71;23;37;16;24;33.8;5.6;6.6;5
4310009;299;80;99;104;76;25.4;5.8;7;5.4
4310108;468;139;146;62;248;53;5.8;7;4.4
4310207;1132;352;379;237;528;46.6;5.9;6.8;5.3
4310306;61;22;29;12;22;36.1;5.4;7.3;5.7
4310330;365;122;149;53;46;12.6;5.3;6.2;4.9
4310363;67;29;21;10;16;23.9;5;6.8;5.5
4310405;85;26;39;19;23;27.1;5.6;6.1;5
4310413;40;13;12;12;21;52.5;4.6;5.9;4.9
4310439;91;42;48;15;22;24.2;5.9;6.3;5.4
4310462;28;12;9;7;12;42.9;6.2;7;5.2
4310504;158;62;78;33;85;53.8;5.9;7.2;4.6
4310538;83;19;17;15;14;16.9;4.5;6;
4310553;51;16;27;12;7;13.7;5.9;6.1;4.4
4310579;40;12;8;7;25;62.5;5.9;7.7;5
4310603;507;149;213;106;234;46.2;5.2;6;4.7
4310652;60;20;27;14;48;80;5.4;;4.7
4310702;64;21;32;19;49;76.6;5.8;7.9;5.3
4310751;33;9;13;16;19;57.6;;;5.1
4310801;312;106;95;22;32;10.3;6.1;7;5.3
4310850;78;35;31;15;58;74.4;5.9;6.6;5.7
4310876;55;19;16;13;14;25.5;5.3;;3.5
4310900;43;15;18;11;9;20.9;6.1;7.3;5.2
4311007;403;136;140;81;74;18.4;5.1;5.7;4.8
4311106;151;35;43;31;35;23.2;5.2;6.5;5.4
4311122;53;18;23;14;37;69.8;4.7;5.7;4.1
4311130;55;19;28;12;14;25.5;5.6;6.8;4.5
4311155;142;36;82;27;85;59.9;5.6;6.2;5.2
4311205;369;82;132;98;124;33.6;4.9;5.8;4.9
4311239;45;14;20;13;17;37.8;5.5;;4.8
4311254;82;25;44;17;46;56.1;5.7;7.8;4.6
4311270;29;10;13;11;12;41.4;6;6.6;5.8
4311304;366;88;164;90;221;60.4;5.4;6.5;4.7
4311403;1058;395;288;143;290;27.4;5.5;6.5;4.9
4311429;70;11;37;12;46;65.7;5.5;6.6;3.7
4311502;146;46;61;26;52;35.6;4.7;5.9;4.4
4311601;105;37;37;34;65;61.9;5.5;6.9;5
4311627;101;34;36;18;26;25.7;5.4;6.5;5
4311643;40;13;9;10;11;27.5;6;7.8;5.9
4311700;93;32;30;15;34;36.6;5.6;7.2;5.1
4311718;119;35;60;54;43;36.1;4.9;5.8;4.4
4311734;53;19;14;10;30;56.6;5;7;4.6
4311759;127;43;58;17;56;44.1;5.2;6.2;4.6
4311775;149;49;78;39;88;59.1;5.7;6.2;4.7
4311791;56;17;20;10;24;42.9;;;5.6
4311809;639;177;187;78;282;44.1;5.3;6.2;4.9
4311908;67;21;25;9;33;49.3;5.4;7.1;5.1
4311981;56;22;19;8;33;58.9;5.2;6.1;4.5
4312005;24;5;8;9;12;50;6.2;6.1;5
4312054;75;21;33;12;33;44;5.6;6.8;5
4312104;84;18;42;13;20;23.8;5.5;6.3;4.7
4312138;78;20;36;11;51;65.4;4.9;;5.2
4312153;73;25;34;17;31;42.5;6.8;7.3;5.4
4312179;41;10;21;7;14;34.1;6.1;6.9;5.2
4312203;73;24;25;11;15;20.5;5.6;6.4;4.8
4312252;129;47;47;18;89;69;5.3;5.8;4.7
4312302;115;36;55;28;94;81.7;5.4;6.9;4.1
4312351;29;9;9;9;7;24.1;7;7.4;5.4
4312377;68;28;22;8;34;50;5.2;6;4.5
4312385;39;13;6;8;13;33.3;;;5.7
4312401;712;208;271;102;349;49;5.2;6.1;4.8
4312427;63;22;31;12;40;63.5;6.2;6.1;4.7
4312443;71;31;36;13;36;50.7;;;4.6
4312450;101;48;42;18;49;48.5;5.7;6.3;4.9
4312476;102;40;43;16;45;44.1;6.6;7.1;5.4
4312500;190;64;63;31;92;48.4;4.8;6.1;4.8
4312609;92;28;15;15;27;29.3;5.9;6.6;4.7
4312617;60;25;30;13;39;65;4.9;6.6;5
4312625;35;17;11;9;24;68.6;5.5;;4.5
4312658;213;63;54;22;95;44.6;5.4;6.5;4.9
4312674;31;9;9;11;20;64.5;5;7.1;4.4
4312708;159;41;65;36;49;30.8;5;6.7;4.6
4312757;62;20;29;14;29;46.8;5.6;7;4.9
4312807;71;26;15;14;20;28.2;5.1;6.2;4.6
4312906;91;34;36;23;28;30.8;5.2;6.8;4.2
4312955;47;14;10;12;26;55.3;6.2;7.6;5.8
4313003;36;13;11;12;11;30.6;6.4;7.3;5.3
4313011;60;20;25;10;18;30;6.3;7.1;5.1
4313037;64;23;32;19;27;42.2;5.4;7.1;4.9
4313060;279;102;91;48;154;55.2;5.7;6.6;4.8
4313086;38;11;9;9;13;34.2;5.6;6.5;5
4313102;83;19;47;19;36;43.4;6;6.5;5.6
4313201;313;123;124;44;105;33.5;6.3;6.9;5
4313300;291;96;107;56;168;57.7;5.7;6.6;4.6
4313334;41;17;10;8;15;36.6;6.1;6.7;5.2
4313359;37;11;19;12;15;40.5;6.4;;4.8
4313375;381;160;115;42;53;13.9;5.2;6.2;4.4
4313391;63;16;16;9;19;30.2;;;4.7
4313409;2303;728;566;489;491;21.3;5.1;6.2;5.2
4313425;39;14;12;15;18;46.2;5.7;6.9;5.2
4313441;55;17;20;14;32;58.2;5.7;6.9;4.8
4313466;36;12;9;9;8;22.2;5.7;7.8;
4313490;61;19;35;23;18;29.5;5.8;7.6;4.4
4313508;674;199;210;192;264;39.2;5.3;6.1;5.3
4313607;47;18;20;11;20;42.6;5.6;7.8;4.4
4313656;165;43;63;22;55;33.3;4.6;5.9;4.7
4313706;515;168;206;126;260;50.5;5.7;6.6;4.9
4313805;144;48;36;30;56;38.9;5.9;7.2;4.9
4313904;573;209;217;155;174;30.4;5.7;6.8;5.3
4313953;150;51;67;24;37;24.7;4.4;6.1;4.7
4314001;125;44;42;24;55;44;6.2;7.1;5.2
4314027;95;33;38;21;36;37.9;5.5;6.1;4.9
4314035;83;33;26;12;25;30.1;4.9;6.7;5
4314050;713;234;237;94;323;45.3;5.2;6;4.6
4314068;72;17;38;16;47;65.3;6;;4.5
4314076;83;21;43;18;30;36.1;5.6;7.1;4.9
4314100;2079;704;820;481;659;31.7;4.7;5.7;4.6
4314134;27;8;8;9;8;29.6;6;6.8;
4314159;99;31;39;18;36;36.4;5;6.5;5.5
4314175;69;22;45;7;5;7.2;;;3.5
4314209;116;38;58;26;22;19;4;5.6;4.5
4314308;65;27;28;16;10;15.4;6;6.5;4.5
4314407;4272;1450;1465;1071;879;20.6;4.5;5.3;4.4
4314423;64;30;32;12;24;37.5;6.1;7.7;5.5
4314456;55;10;20;14;39;70.9;5.4;7.1;5.4
4314464;48;14;27;7;32;66.7;5.8;6.7;5.2
4314472;64;18;38;16;35;54.7;5.8;8.1;5.2
4314498;104;36;45;21;45;43.3;6.5;;5.9
4314506;170;43;82;17;41;24.1;4.6;5.8;4.6
4314548;41;16;12;10;23;56.1;6;5.9;5.7
4314555;46;7;28;10;9;19.6;;7.1;5
4314605;367;106;149;58;169;46;5.3;6.7;4.2
4314704;183;50;86;37;111;60.7;5.5;7.4;5
4314753;31;13;8;8;8;25.8;6.5;6.6;5.4
4314779;70;35;26;14;46;65.7;5.7;;4.4
4314787;29;12;10;10;17;58.6;5.4;;4.5
4314803;449;176;112;68;82;18.3;5.2;6.4;5.2
4314902;9127;3057;3656;2223;3971;43.5;4.7;5.4;4.4
4315008;51;14;28;12;26;51;5.9;6.5;4.7
4315057;37;12;10;11;30;81.1;5.2;6.1;4.7
4315073;29;5;13;12;12;41.4;5.7;;5.3
4315107;162;51;74;60;66;40.7;5.8;7;5.2
4315131;42;10;21;12;14;33.3;6.5;;4.8
4315149;72;26;14;12;20;27.8;6.4;;5.1
4315156;97;40;52;21;35;36.1;5.2;6.4;4.3
4315172;36;15;8;9;9;25;6.1;7;
4315206;56;17;18;15;19;33.9;6.3;6.5;5.3
4315305;345;105;136;54;131;38;5.5;6.4;4.7
4315313;35;12;13;9;13;37.1;4.5;5.9;
4315321;53;11;37;13;19;35.8;4.7;5.9;
4315354;73;34;41;15;26;35.6;5.9;7.1;5.1
4315404;207;72;110;54;132;63.8;5;5.8;3.7
4315453;42;14;8;8;6;14.3;6;7.2;5.1
4315503;233;64;83;25;105;45.1;5.5;6.4;5.1
4315552;70;33;33;13;35;50;6.1;6.9;4.1
4315602;2482;773;846;557;649;26.1;4.7;5.5;4.6
4315701;407;97;190;99;231;56.8;5.3;6.6;4.7
4315750;70;21;32;17;49;70;5.9;6.7;5
4315800;90;41;42;16;20;22.2;4.6;5.6;4.8
4315909;117;36;46;18;48;41;5.5;6.5;4.4
4315958;47;17;29;8;31;66;5.8;;5.1
4316006;309;93;104;82;114;36.9;5.4;6.8;5.1
4316105;133;37;53;29;72;54.1;6.1;7.5;5.5
4316204;71;16;25;31;26;36.6;6.6;7.7;5.8
4316303;114;40;54;21;27;23.7;;8.2;
4316402;385;109;167;77;155;40.3;4.9;5.9;4.4
4316428;42;14;12;13;6;14.3;6.1;7.3;4.7
4316436;42;14;14;8;24;57.1;6;7.7;5.1
4316451;234;65;118;42;101;43.2;5.5;6.8;5.4
4316477;43;13;18;11;19;44.2;6.4;7;5.1
4316501;103;33;43;15;30;29.1;5.3;6.8;4.7
4316600;175;70;67;25;63;36;5.5;6.8;5
4316709;134;55;53;21;28;20.9;5.4;6.8;4.2
4316733;30;10;7;7;16;53.3;5;6.9;
4316758;109;41;24;22;42;38.5;5.8;7.2;5.5
4316808;1206;470;544;227;419;34.7;5.7;6.6;5.4
4316907;3240;1050;1200;788;1134;35;5.2;5.9;5
4316956;111;30;50;20;28;25.2;6.5;7.1;5.6
4316972;35;10;18;9;8;22.9;4.7;6.1;
4317004;109;34;56;24;31;28.4;5;6.1;4.8
4317103;993;291;428;283;360;36.3;4.9;5.8;4.6
4317202;759;252;297;219;286;37.7;5.9;6.9;5.2
4317251;31;10;6;9;12;38.7;;;
4317301;446;144;172;84;169;37.9;5;6;4.2
4317400;590;162;214;133;154;26.1;5.5;6.8;4.8
4317509;868;234;319;285;294;33.9;5.4;6.2;5.3
4317558;31;11;10;12;19;61.3;6;7.3;5.5
4317608;639;181;267;96;288;45.1;5.8;7.2;4.6
4317707;160;40;81;50;61;38.1;5;6.1;4.5
4317756;37;9;14;12;15;40.5;5.4;6.9;6
4317806;279;79;95;94;81;29;5.8;6.5;5.6
4317905;229;91;80;28;41;17.9;5.9;6.7;5.1
4317954;50;27;29;12;18;36;;7.7;5.1
4318002;872;286;300;246;429;49.2;5.2;6.4;4.9
4318051;41;18;17;10;26;63.4;6;6.4;5.6
4318101;228;70;119;59;108;47.4;4.9;6.2;4.5
4318200;264;88;122;34;133;50.4;5.3;6.2;4.3
4318309;719;206;298;141;187;26;4.9;5.6;4.6
4318408;236;63;101;47;152;64.4;5.1;6.2;4.6
4318424;53;26;25;14;13;24.5;6;7.1;5.3
4318432;59;22;20;14;27;45.8;;6.6;4.4
4318440;40;10;10;11;17;42.5;5.7;7;6.1
4318457;50;15;13;13;36;72;5.1;5.8;5.1
4318465;47;14;16;12;32;68.1;5.1;;4.8
4318481;79;31;23;13;21;26.6;6.1;6.7;5.3
4318499;49;17;9;7;32;65.3;6.9;7.1;6
4318507;342;129;150;74;84;24.6;5.1;5.8;3.7
4318606;88;38;40;13;37;42;6.3;;5.7
4318614;52;18;17;8;11;21.2;5.3;6.9;
4318622;84;25;24;9;26;31;5.3;5.9;4.5
4318705;2051;799;687;400;801;39.1;4.7;5.5;4.7
4318804;525;201;192;101;232;44.2;5.6;5.9;4.7
4318903;435;121;184;128;167;38.4;5.4;6.3;5
4319000;291;95;104;40;119;40.9;5.7;6.6;5.3
4319109;71;23;37;12;7;9.9;6.3;6.4;5.6
4319125;51;23;14;16;15;29.4;2.8;6.1;4.5
4319158;133;42;68;19;25;18.8;5.7;6.6;4.2
4319208;86;27;39;29;51;59.3;5.6;6.3;4.8
4319307;93;37;34;16;19;20.4;5.9;7.2;5.9
4319356;53;19;10;0;12;22.6;5.7;6.3;
4319364;56;15;32;13;12;21.4;;;4.1
4319372;46;18;19;15;18;39.1;6.2;7.1;5
4319406;225;61;91;33;64;28.4;5.5;7;4.5
4319505;359;100;146;53;121;33.7;5.2;6.4;4.8
4319604;304;101;129;71;121;39.8;5;6.4;4.7
4319703;50;21;11;6;29;58;5.4;6.9;5.5
4319711;34;8;16;8;25;73.5;6.4;6.5;
4319737;70;17;18;27;32;45.7;5.4;;3.2
4319752;41;16;17;10;17;41.5;6.1;6.7;4.8
4319802;247;47;55;124;91;36.8;5.1;6.5;5.1
4319901;1066;317;318;132;180;16.9;5.7;6.6;4.9
4320008;1480;481;549;288;350;23.6;5.1;6.1;4.5
4320107;260;90;85;28;158;60.8;5.3;6.6;5
4320206;171;61;57;33;91;53.2;5.8;7.3;5.5
4320230;48;12;17;9;21;43.8;4.7;6.5;
4320263;109;28;64;23;62;56.9;5.7;7.5;5
4320305;72;25;31;16;28;38.9;6.5;7;4.9
4320321;30;11;9;8;15;50;5.4;7.5;5.4
4320354;74;28;36;16;23;31.1;;;4.1
4320404;249;71;91;27;50;20.1;5.6;6.6;4.9
4320453;31;10;8;9;6;19.4;5.3;;5.2
4320503;183;38;30;93;75;41;4.9;6.5;4.8
4320552;77;32;31;13;25;32.5;4.9;6.5;4.6
4320578;37;14;13;14;22;59.5;5.3;;5
4320602;51;20;25;11;14;27.5;6.5;7.8;5.5
4320651;42;8;19;14;7;16.7;;;5.1
4320677;111;43;42;16;17;15.3;5.2;6.3;5.1
4320701;234;65;96;37;94;40.2;5.2;6.5;5.1
4320800;500;111;238;101;277;55.4;5.3;6.5;4.7
4320859;91;32;40;18;36;39.6;5.3;6;4.7
4320909;406;146;118;48;171;42.1;5.7;6.7;4.6
4321006;160;51;79;53;60;37.5;6.1;7.2;5.3
4321105;186;68;69;46;48;25.8;5;6.1;4.8
4321204;791;216;226;180;448;56.6;5.3;6.4;5
4321303;365;106;155;92;148;40.5;5.3;6.1;4.8
4321329;57;22;21;11;21;36.8;6.3;7.6;
4321352;57;14;28;17;29;50.9;4.9;6.3;3.9
4321402;294;97;130;58;187;63.6;5.7;6.7;4.5
4321436;159;64;55;22;86;54.1;5.2;5.9;4.9
4321451;333;120;147;63;77;23.1;5.7;6.6;5.1
4321469;100;38;28;10;65;65;5.8;7.2;5
4321477;90;17;58;16;45;50;6;6.9;5.2
4321493;46;21;17;11;18;39.1;5.8;;5.1
4321501;618;202;194;107;380;61.5;5.6;6.7;5.1
4321600;511;209;196;98;112;21.9;5;5.9;4.8
4321626;52;17;12;11;18;34.6;6.4;7.6;
4321634;29;8;9;9;21;72.4;5.9;7.5;5.4
4321667;169;63;73;34;124;73.4;6.2;7;5
4321709;365;118;119;31;63;17.3;5.3;6.3;5
4321808;362;101;95;48;61;16.9;5.7;6.7;5.3
4321832;66;26;35;15;36;54.5;5.4;6.8;5
4321857;99;43;43;17;66;66.7;5.1;6.7;4.4
4321907;340;90;130;78;99;29.1;6.1;6.7;5.5
4321956;164;52;78;19;99;60.4;5.4;6.6;5.3
4322004;518;183;209;84;114;22;5.4;6.2;4.3
4322103;69;22;21;15;31;44.9;6.2;6.9;5.8
4322152;64;15;36;11;44;68.8;5;6.3;4.6
4322186;26;8;15;8;7;26.9;6.5;7.5;
4322202;339;140;137;45;69;20.4;5.3;6.5;4.5
4322251;85;36;19;10;9;10.6;6.3;7.4;6.1
4322301;102;38;25;16;28;27.5;5.5;6.4;5.1
4322327;70;24;28;14;14;20;6.1;6.1;4.7
4322343;25;10;9;8;7;28;6.4;7.1;5.2
4322350;19;4;11;8;11;57.9;;;
4322376;48;16;20;15;18;37.5;5.7;7.6;4.6
4322400;1605;410;590;378;586;36.5;4.8;5.9;4.2
4322509;842;301;314;173;290;34.4;5.2;6.3;4.8
4322525;58;25;20;9;22;37.9;5.7;6.9;4.2
4322533;128;48;68;18;62;48.4;5.7;6.9;5.4
4322541;71;24;23;16;28;39.4;5.7;6.7;4.9
4322558;36;13;11;12;17;47.2;5.3;7;5
4322608;807;227;303;185;288;35.7;5.8;6.8;5.3
4322707;279;115;110;35;98;35.1;5.4;6.7;5
4322806;301;103;87;56;115;38.2;5.4;6.3;5.1
4322855;26;9;8;7;9;34.6;6.3;7.6;
4322905;63;20;26;17;26;41.3;5.9;7.1;4.6
4323002;2281;839;853;547;772;33.8;4.7;5.7;4.3
4323101;98;29;40;16;49;50;4.3;6.1;4.6
4323200;77;25;32;12;25;32.5;5.4;7.1;5.6
4323309;61;21;15;8;14;23;5.5;7.3;5.5
4323358;32;16;9;8;9;28.1;5.6;7.2;5.1
4323408;69;24;24;14;17;24.6;5.3;6.8;4.4
4323457;57;25;24;15;19;33.3;4.9;6.1;4.9
4323507;51;14;18;13;16;31.4;4.8;6.6;4.4
4323606;34;14;7;8;14;41.2;6.6;7.5;
4323705;50;12;22;11;14;28;6.3;7.1;4.9
4323754;51;16;26;10;28;54.9;5.7;6.9;5
4323770;63;32;39;9;29;46;6.2;7;5.6
4323804;279;86;82;24;146;52.3;5;5.5;4.5
5000203;212;81;91;42;136;64.2;4.9;7.2;4.2
5000252;75;28;32;14;56;74.7;4.8;6.9;4.8
5000609;614;209;178;136;435;70.8;4.9;5.8;4.2
5000708;457;188;141;142;315;68.9;4.9;5.7;4.3
5000807;111;42;34;39;65;58.6;5;5.9;
5000856;177;70;58;53;156;88.1;5;6.2;4.4
5000906;171;47;55;59;152;88.9;4.4;6.2;4
5001003;341;112;104;105;206;60.4;5;5.8;4.2
5001102;854;252;303;255;541;63.3;4.9;5.5;4.1
5001243;192;67;70;68;161;83.9;5.1;5.8;4
5001508;143;67;41;24;99;69.2;4.5;5.3;4.3
5001904;366;117;113;117;252;68.9;5.6;5.8;4.4
5002001;153;51;24;26;121;79.1;5;6.3;4.1
5002100;422;148;141;117;308;73;4.5;5;4.2
5002159;175;53;59;51;137;78.3;;6;4.4
5002209;381;134;108;76;254;66.7;4.6;5.7;4
5002308;182;73;65;51;97;53.3;4.8;5.8;4
5002407;485;183;158;107;301;62.1;5.2;5.6;4.2
5002605;219;89;58;74;170;77.6;4.7;5.6;4.1
5002704;12068;3640;3907;2814;7299;60.5;4.9;5.7;4.2
5002803;89;38;41;27;66;74.2;4.8;6.3;4.4
5002902;313;122;120;91;126;40.3;4.8;5.8;4.1
5002951;601;197;168;104;420;69.9;4.7;5.8;4.7
5003108;89;33;31;23;66;74.2;4.9;5.6;4.2
5003157;267;128;64;53;237;88.8;4.7;5.3;4.1
5003207;1443;502;497;386;639;44.3;4.4;5.3;4.1
5003256;437;158;154;90;303;69.3;5.5;6.4;4.6
5003306;494;156;158;150;361;73.1;5.3;5.5;4.1
5003454;279;89;78;84;239;85.7;4.7;6.2;4.2
5003488;284;99;114;54;225;79.2;4.3;5.4;4
5003504;97;33;31;31;82;84.5;4.9;4.8;4
5003702;3450;1143;1038;722;2107;61.1;4.6;5.4;4.3
5003751;195;72;80;59;168;86.2;4.7;5.2;4.1
5003801;290;93;100;96;138;47.6;5.5;6;4.5
5003900;48;20;12;11;32;66.7;5;;4.9
5004007;162;49;61;63;100;61.7;5.3;5.9;3.9
5004106;141;35;51;46;108;76.6;4.8;6;4.3
5004304;240;91;76;53;169;70.4;5.1;5.2;4.4
5004403;127;50;37;39;102;80.3;5.1;6.4;4.2
5004502;314;124;104;116;254;80.9;5;5.7;4.6
5004601;219;81;82;64;139;63.5;5.3;5.3;4.5
5004700;395;142;105;112;261;66.1;5.6;6.3;4.9
5004809;173;65;48;41;137;79.2;4.9;6.3;3.5
5004908;98;29;42;32;63;64.3;5;5.5;4.1
5005004;398;142;97;139;210;52.8;4.8;5.5;5
5005103;96;31;37;27;79;82.3;4.9;5.6;4.1
5005152;103;33;34;28;71;68.9;4.7;4.9;4.3
5005202;379;135;120;58;280;73.9;4.4;4.7;4
5005251;129;54;43;27;92;71.3;4.3;5.3;4.1
5005400;524;201;152;96;303;57.8;4.5;5.3;4.2
5005608;567;203;199;143;465;82;3.8;4.6;3.8
5005681;289;96;81;73;226;78.2;4.6;6;4.5
5005707;853;255;245;190;495;58;4.9;5.9;4.8
5005806;222;82;101;71;186;83.8;;5.1;4.1
5006002;321;128;108;67;208;64.8;4.5;5.6;3.9
5006200;786;300;235;221;453;57.6;5.6;6.7;4.3
5006259;70;29;24;12;55;78.6;5.2;5.6;4.2
5006275;128;59;57;21;83;64.8;5.2;6.1;4.8
5006309;538;159;186;137;367;68.2;4.8;5.4;4.3
5006358;252;111;71;50;202;80.2;4.7;5.6;
5006408;139;57;42;44;107;77;4.5;5.7;4.2
5006606;1461;494;438;432;911;62.4;4.9;6.1;4.3
5006903;281;101;89;55;216;76.9;4.7;5.4;
5007109;477;144;158;66;220;46.1;4.5;5.1;4
5007208;528;178;204;92;381;72.2;4.7;5.6;4
5007307;74;26;25;17;61;82.4;4.3;5.7;3.8
5007406;297;123;67;53;249;83.8;4.7;5.6;4.3
5007505;84;28;32;21;60;71.4;4.3;5.1;4.3
5007554;113;44;45;27;74;65.5;5;5.6;4.2
5007695;411;138;117;93;147;35.8;5.1;5.9;4.6
5007703;149;32;54;64;126;84.6;4.7;6.1;4.7
5007802;137;46;42;34;112;81.8;4.5;5.6;3.9
5007901;923;332;297;151;642;69.6;4.2;4.7;4.2
5007935;248;88;68;42;162;65.3;5;6.4;3.9
5007950;171;65;58;42;144;84.2;4.4;6.3;4.4
5007976;57;17;19;16;42;73.7;4.8;6.2;4.2
5008008;338;125;123;92;219;64.8;4.6;5.4;3.9
5008305;1842;592;514;507;832;45.2;4.7;6.2;4.4
5008404;151;44;47;47;124;82.1;4.3;5.2;4.8
5100102;88;25;59;33;54;61.4;4.4;6;3.8
5100201;326;82;94;73;188;57.7;5.4;7.1;4.5
5100250;674;156;219;265;446;66.2;5.2;6.6;4.7
5100300;167;46;73;54;77;46.1;5;6.8;4.4
5100359;73;32;22;11;50;68.5;4.8;;4.1
5100409;118;34;27;34;39;33.1;5.4;6.2;4.4
5100508;96;27;45;44;64;66.7;4.1;5.3;3.7
5100607;126;56;26;25;57;45.2;4.8;7.4;4.2
5100805;115;36;45;38;72;62.6;5.2;6.2;4.4
5101001;42;13;20;12;31;73.8;4.6;6.1;4.4
5101209;16;5;8;7;15;93.8;5.6;8;
5101258;167;42;64;61;77;46.1;5;6.1;4.6
5101308;108;30;37;31;75;69.4;5.1;6.2;5.1
5101407;310;107;127;72;149;48.1;4.7;6.1;4.3
5101605;93;19;45;35;67;72;4.4;5.8;3.5
5101704;348;77;166;132;224;64.4;4.8;5.9;4.6
5101803;834;204;346;302;393;47.1;5.3;6.7;4.4
5101837;92;37;30;23;64;69.6;5;6.7;4.5
5101852;106;31;36;34;80;75.5;4.9;5.7;4.2
5101902;228;67;91;73;161;70.6;4.9;5.7;4.4
5102504;949;260;286;331;390;41.1;4.8;5.6;4.2
5102603;383;138;148;63;316;82.5;4.3;5.3;3.9
5102637;593;225;171;161;291;49.1;5.5;6.6;4.5
5102678;523;172;156;147;244;46.7;5;7.1;4.6
5102686;136;51;43;22;50;36.8;5.1;6.6;4.8
5102694;74;24;27;23;32;43.2;4.9;5.6;4.5
5102702;289;101;106;68;151;52.2;4.8;6.2;3.8
5102793;117;38;43;33;83;70.9;5.2;6.9;4
5102850;93;26;42;38;68;73.1;4.6;5.9;3.8
5103007;228;66;101;89;129;56.6;4.7;6;3.9
5103056;121;34;55;40;66;54.5;4.7;6.5;4.6
5103106;72;23;24;23;43;59.7;4.9;5.2;3.5
5103205;316;96;99;82;156;49.4;5.3;6.7;4.4
5103254;346;118;132;101;227;65.6;4.9;5.9;5.1
5103304;255;71;118;92;123;48.2;4.8;6.1;4.8
5103353;543;145;187;178;411;75.7;4.9;5.8;4.4
5103361;58;16;28;17;41;70.7;4.7;6;
5103379;128;40;60;50;67;52.3;5.4;6.1;4.4
5103403;4774;1623;1423;1548;1779;37.3;4.8;6.1;4.2
5103437;54;20;18;17;35;64.8;4.9;5;4
5103452;65;19;26;21;28;43.1;4.7;5.6;4.4
5103502;291;76;81;99;209;71.8;5.2;6.1;4.1
5103601;74;24;28;26;50;67.6;5.3;6.1;4
5103700;133;48;57;34;59;44.4;4.8;6.7;4.1
5103809;35;13;10;9;14;40;5;6.3;4.9
5103858;210;39;109;65;142;67.6;4.9;5.7;4.3
5103908;143;30;87;49;126;88.1;4.5;6.1;4.6
5103957;41;12;19;12;29;70.7;5;6.5;4.2
5104104;434;144;125;103;331;76.3;5.4;6.3;4.6
5104203;92;34;49;40;59;64.1;4.9;5.7;4.8
5104500;30;13;10;5;7;23.3;4.7;6.1;4.7
5104526;105;41;17;19;42;40;5.4;6.5;4.6
5104542;89;40;23;15;42;47.2;5.3;6.8;4.7
5104559;73;25;22;18;48;65.8;5.5;6.6;4.6
5104609;144;47;59;33;78;54.2;4.6;5.9;4.6
5104807;329;98;108;84;168;51.1;4.9;6.3;4.2
5104906;113;31;45;44;91;80.5;4.4;6.1;3.8
5105002;85;27;35;37;55;64.7;5.4;6.5;4.4
5105101;415;99;152;115;292;70.4;5.3;5.8;4.9
5105150;543;144;141;167;347;63.9;5.1;6;4.7
5105176;135;51;42;27;105;77.8;5.1;6.3;4
5105200;165;48;76;57;93;56.4;4.9;6.1;4
5105234;60;29;28;14;43;71.7;4.2;5.1;3.5
5105259;925;343;240;180;234;25.3;5.1;6.9;4.5
5105309;61;10;28;16;44;72.1;4.4;4.8;3.8
5105507;201;52;83;57;97;48.3;4.3;5.2;4
5105580;146;45;58;37;98;67.1;5;5.6;4.9
5105606;320;92;84;81;200;62.5;4.7;6.6;4.4
5105622;292;82;93;82;176;60.3;5.2;6;4
5105903;184;68;53;35;112;60.9;5.1;5.6;4
5106000;71;21;25;16;43;60.6;5.3;6.1;4.3
5106109;256;62;113;90;194;75.8;4.5;5.7;4.1
5106158;147;65;33;37;72;49;5.3;6.8;4.5
5106174;109;53;32;11;83;76.1;4.7;7;4
5106182;84;28;26;13;43;51.2;4.6;6.1;4.3
5106190;42;16;15;15;25;59.5;6.2;6.3;4.6
5106208;48;14;24;11;20;41.7;4.2;5.7;4.3
5106216;140;48;50;49;78;55.7;5;6.4;4.5
5106224;631;248;177;94;196;31.1;5.2;6.2;4.6
5106232;208;71;73;72;108;51.9;5;6.3;4.4
5106240;122;43;39;23;71;58.2;4.7;6;4.2
5106257;222;66;76;70;100;45;5;6.3;4.5
5106265;91;41;38;20;69;75.8;5.4;6.2;4.4
5106273;42;12;12;14;20;47.6;4.6;7.2;4.6
5106281;88;29;39;32;61;69.3;5.2;6.1;4.4
5106299;151;44;48;40;111;73.5;5;6.8;4.1
5106307;332;99;132;105;248;74.7;5.4;6.5;4.7
5106315;33;8;12;6;16;48.5;4.2;5.6;3.9
5106372;195;58;73;48;117;60;4.7;6;4.4
5106422;343;99;119;89;200;58.3;4.8;5.4;3.9
5106455;45;18;17;11;31;68.9;4.5;6;3.7
5106505;367;97;113;95;243;66.2;4.2;4.6;3.8
5106653;54;15;17;14;40;74.1;4.7;5.9;4.5
5106703;26;14;7;7;16;61.5;5.8;6.2;4.2
5106752;488;160;127;167;276;56.6;4.8;6.2;4.1
5106778;135;41;44;41;111;82.2;4.6;5.4;4.1
5106802;74;25;23;23;48;64.9;4.5;6.7;4.6
5106828;148;39;65;53;109;73.6;4.8;5.5;3.9
5106851;42;18;21;13;19;45.2;4.5;5.3;3.9
5107008;237;69;107;72;190;80.2;4.9;5.8;4.1
5107040;961;261;270;311;500;52;5;5.9;4.4
5107065;339;101;102;85;199;58.7;4.9;6.8;4.7
5107107;183;52;79;68;90;49.2;5.1;5.8;4.6
5107156;32;13;10;11;14;43.8;4.6;5.2;4.5
5107180;114;27;48;27;99;86.8;4.9;6.3;4.2
5107198;34;11;13;11;22;64.7;5.5;6.9;4.2
5107206;60;18;22;14;43;71.7;4.4;5.9;4.6
5107248;78;24;14;12;32;41;4.9;6.5;5.2
5107263;48;15;23;19;22;45.8;4.7;6.7;4.3
5107297;27;10;9;6;19;70.4;4.8;6.5;4.2
5107305;151;45;56;47;62;41.1;4.9;;5.3
5107354;99;41;30;26;75;75.8;4.4;5.9;4.1
5107404;52;20;11;15;30;57.7;5;5.6;3.9
5107578;89;32;44;33;50;56.2;5.3;;4.4
5107602;2600;854;768;621;1339;51.5;5.1;6.1;4.7
5107701;174;55;76;63;135;77.6;4.2;5.1;3.5
5107743;49;16;16;12;35;71.4;5.2;6.2;4.4
5107750;40;11;18;14;30;75;5.4;5.9;4.3
5107768;55;20;14;9;32;58.2;5.3;6.1;4.8
5107776;131;36;67;49;103;78.6;4.2;5.3;4.2
5107792;54;27;21;10;32;59.3;4.3;6;4.5
5107800;282;67;129;113;218;77.3;4.3;5.4;3.9
5107859;151;26;68;36;101;66.9;4.8;5.2;4
5107875;315;109;73;51;148;47;5;6.8;4.6
5107883;32;14;15;9;8;25;4.5;4.8;3.7
5107909;1609;550;433;363;872;54.2;5.1;6.2;4.6
5107925;1200;488;290;260;461;38.4;4.8;6.4;4.4
5107941;133;48;48;37;55;41.4;5.2;6.8;4.2
5107958;956;235;378;312;504;52.7;5.3;6.2;4.7
5108006;140;56;26;25;87;62.1;5.2;6.3;4.5
5108055;154;53;47;58;95;61.7;5;6.3;4.5
5108105;27;9;9;8;21;77.8;4.9;6.1;4.5
5108204;35;11;15;12;10;28.6;5;6.9;4.4
5108303;63;25;15;14;26;41.3;5;6.8;3.9
5108352;41;15;15;15;31;75.6;;;4.1
5108402;2517;782;839;711;1741;69.2;4.7;5.7;4.1
5108501;108;51;32;28;57;52.8;5;6.1;4.4
5108600;241;85;75;54;138;57.3;5.1;6;4.4
5108808;49;14;22;12;24;49;4.6;6.7;4.5
5108857;48;15;21;12;30;62.5;5.1;6.5;4.2
5108907;56;25;25;16;29;51.8;4.7;6.4;4.3
5108956;93;37;38;22;57;61.3;5.6;6.8;4.7
5200050;186;64;56;28;89;47.8;5.2;6.1;4.3
5200100;129;39;40;56;38;29.5;4.7;6;4.2
5200134;172;60;50;48;40;23.3;6.2;7.2;5.1
5200159;19;7;6;6;6;31.6;4.9;6.3;4.3
5200175;76;23;26;29;33;43.4;4.5;6.6;4.8
5200209;40;7;7;15;11;27.5;6;6.7;4.7
5200258;1443;584;461;430;340;23.6;5.1;5.7;4.5
5200308;252;80;94;61;45;17.9;5.9;6.3;4.7
5200506;15;6;7;7;1;6.7;6.4;7;5.6
5200555;88;25;21;16;6;6.8;5;6.6;4.5
5200605;96;27;34;27;44;45.8;4.8;6;4.4
5200803;98;22;42;38;46;46.9;5.1;5.7;4.5
5200829;60;18;18;21;15;25;4.3;6;4.3
5200852;46;15;19;10;22;47.8;6.2;6.9;4.9
5200902;31;12;10;9;14;45.2;5.3;5.8;4.1
5201108;2641;830;993;893;294;11.1;5.7;6.3;5
5201207;20;6;10;7;5;25;;;5.1
5201306;162;42;54;50;72;44.4;7.7;7.8;6.2
5201405;3444;1137;1165;1000;1035;30.1;5.2;5.9;4.8
5201454;47;12;10;14;13;27.7;4.8;6.9;5.4
5201504;76;22;20;26;34;44.7;5.4;6.6;4.9
5201603;34;13;14;9;10;29.4;6.5;6.9;5.1
5201702;165;43;64;60;47;28.5;5.5;6.3;4.8
5201801;91;42;24;20;36;39.6;4.2;5.5;4
5202155;83;23;34;22;36;43.4;5.3;5.6;5
5202353;61;11;15;25;24;39.3;5.4;7.1;4.3
5202502;85;28;38;26;28;32.9;5.5;7.2;4.7
5202601;24;6;12;12;3;12.5;5.8;6.3;4.3
5202809;38;12;10;9;20;52.6;6.8;8;6.2
5203104;52;10;18;20;21;40.4;4.9;6.7;4.1
5203203;165;59;39;27;31;18.8;5.5;7.4;4.5
5203302;241;75;82;75;82;34;5.7;6;5.1
5203401;63;22;21;12;22;34.9;5;7;4.4
5203500;216;74;77;52;49;22.7;6;6.2;5.2
5203559;80;26;37;26;14;17.5;6.4;7.6;6.3
5203575;46;12;14;23;12;26.1;4.9;5.8;4.2
5203609;34;11;14;10;6;17.6;5.2;6.7;4.3
5203807;57;21;18;11;27;47.4;5.3;7;4.6
5203906;84;29;27;15;6;7.1;5.4;7;4.6
5203939;27;10;11;7;9;33.3;6.4;8.7;5.6
5203962;35;9;13;11;10;28.6;5.1;6.5;4.3
5204003;119;34;51;26;32;26.9;8.2;7.4;6.9
5204102;95;32;24;20;44;46.3;4.9;5.9;4.5
5204201;15;6;6;6;6;40;4.8;6.5;
5204250;74;23;26;23;21;28.4;5.6;6.5;4.8
5204300;107;42;34;20;38;35.5;5.9;7.2;5.4
5204409;143;53;42;31;78;54.5;6;6.1;5
5204508;780;280;276;164;304;39;5.7;6.1;5.1
5204557;33;11;12;11;16;48.5;5.8;6.6;4.4
5204607;43;9;14;10;24;55.8;6.9;7.3;5.4
5204656;43;13;20;9;14;32.6;5.6;6.4;4
5204706;124;50;27;30;47;37.9;6;6.8;4.8
5204805;78;25;22;14;8;10.3;5.3;5.9;4.7
5204854;78;23;25;25;23;29.5;4.9;6.6;4.3
5204904;290;58;98;109;63;21.7;5.1;5.8;4.5
5204953;40;12;20;21;6;15;7.1;6.5;6.1
5205000;95;30;27;13;43;45.3;5.6;6.3;4.6
5205059;35;13;10;11;7;20;5.5;6.9;4.8
5205109;947;290;260;248;247;26.1;5.7;6.3;4.9
5205208;39;19;15;13;12;30.8;5.8;5.4;4.8
5205307;173;41;76;58;98;56.6;4.9;5.5;3.8
5205406;224;36;56;125;40;17.9;6.1;7.1;5.2
5205455;90;33;21;29;37;41.1;5.2;6.9;4
5205471;125;45;36;19;27;21.6;5.8;6.9;4.7
5205497;750;269;229;146;451;60.1;5;5.8;4.6
5205513;198;64;62;63;74;37.4;5.6;7.4;4.9
5205521;88;18;37;49;51;58;6.3;6.7;6.2
5205703;28;10;10;7;6;21.4;6.2;6.8;
5205802;89;31;28;41;45;50.6;4.7;6;3.9
5205901;124;31;46;35;33;26.6;5.7;7.1;4.7
5206206;584;249;171;114;300;51.4;5.3;5.9;4.5
5206305;38;18;17;7;13;34.2;5.3;6.1;4.2
5206404;183;55;64;57;83;45.4;7.2;6.1;5.9
5206503;47;14;18;14;13;27.7;5;6;4.2
5206602;25;7;9;9;4;16;4.6;6.1;4.8
5206701;45;14;15;8;10;22.2;5.8;6.5;5.3
5206800;32;12;10;7;18;56.2;6.5;7.9;5
5206909;28;14;7;7;8;28.6;6.2;6.2;5.7
5207105;31;12;10;9;7;22.6;5.6;7.3;5
5207253;93;23;33;30;17;18.3;5.6;5.9;5
5207352;37;10;14;4;10;27;5.3;6.6;4.8
5207402;99;43;31;30;46;46.5;5.3;6.6;
5207501;40;13;17;10;24;60;5.7;6.8;4.8
5207535;81;21;34;25;26;32.1;6.1;5.8;4.6
5207600;57;16;26;16;33;57.9;6.2;7.4;5
5207808;81;21;33;30;25;30.9;5;6.6;4.5
5207907;154;32;53;44;40;26;8;5.4;5.2
5208004;1088;278;289;270;168;15.4;5.9;5.4;6.7
5208103;43;10;11;11;8;18.6;5.8;6.6;5
5208152;46;25;16;4;24;52.2;5.2;6.5;5.2
5208301;74;20;28;28;35;47.3;5.4;5.4;4.4
5208400;145;44;51;41;47;32.4;5.9;6.7;5.6
5208509;66;15;14;18;7;10.6;5.7;5.9;4.4
5208608;608;148;190;179;125;20.6;6.1;8.2;5.4
5208707;8198;2378;2636;1908;2145;26.2;5.8;6.6;4.8
5208806;634;234;182;138;256;40.4;5.8;6.9;4.8
5208905;239;69;82;89;99;41.4;6.1;6.2;5.2
5209101;292;104;87;59;51;17.5;5.8;6.5;5.3
5209150;52;20;13;11;3;5.8;5;6;4.5
5209200;200;77;73;56;69;34.5;5.8;6.1;4.8
5209291;24;12;7;7;8;33.3;5.1;6.1;4.8
5209408;54;12;24;15;26;48.1;4.6;5.5;4.5
5209457;38;6;20;19;7;18.4;6.2;6.6;3.9
5209606;33;10;7;8;7;21.2;5.3;5.3;4.4
5209705;278;85;82;88;117;42.1;4.8;5.4;4.6
5209804;29;10;11;10;19;65.5;;7.2;4.7
5209903;144;33;53;39;59;41;4.9;5.3;4.4
5209937;70;21;28;14;10;14.3;5.4;6.1;4.7
5209952;161;47;64;35;40;24.8;5.7;6.7;4.9
5210000;499;145;128;126;65;13;5.9;6.7;5.2
5210109;282;80;70;91;71;25.2;5.3;6.3;4.9
5210158;31;10;13;7;8;25.8;6.1;7.2;4.6
5210208;410;100;86;132;79;19.3;6.1;7.3;4.9
5210307;22;7;9;10;4;18.2;5.1;6.5;4.7
5210406;331;101;127;77;194;58.6;5.7;6.3;5
5210562;46;19;12;6;18;39.1;6.2;6;4.6
5210604;39;12;12;7;17;43.6;6.8;7.3;5.6
5210802;73;26;32;28;24;32.9;5.7;6.2;4.6
5210901;209;53;85;67;77;36.8;6.9;6.8;7
5211008;78;25;20;33;18;23.1;4.9;6.1;4.9
5211206;222;58;105;78;43;19.4;6.3;6.3;5.3
5211305;83;20;21;29;39;47;5.3;7.2;4.4
5211404;68;22;22;16;13;19.1;5.5;7.3;5.2
5211503;975;360;302;250;147;15.1;5.9;6.9;5.1
5211602;25;10;9;7;10;40;6.2;6.3;4.7
5211701;51;23;20;13;23;45.1;5.5;6.6;5
5211800;370;129;123;61;111;30;6.1;7.4;5
5211909;821;224;268;255;221;26.9;5.9;6.5;5
5212006;30;13;9;8;10;33.3;6;7.3;4.1
5212055;26;9;11;11;6;23.1;6.2;7.7;4.4
5212105;73;24;18;7;14;19.2;5.4;5.9;5.4
5212204;197;62;73;75;82;41.6;6.2;6.8;5.1
5212253;42;12;9;21;17;40.5;6.5;8.4;6.6
5212303;120;30;37;38;65;54.2;5.8;6.5;5
5212501;1867;641;513;468;544;29.1;5.3;6.2;4.6
5212600;28;11;8;8;13;46.4;4.5;6.2;4.2
5212709;81;26;25;31;32;39.5;4.9;5.6;4.1
5212808;137;35;50;41;52;38;5.9;6.7;5.1
5212907;35;11;13;11;6;17.1;6;6.8;5.4
5212956;58;23;21;16;30;51.7;5.2;5.7;4.6
5213004;93;39;18;14;46;49.5;5.5;7.6;5.3
5213053;44;10;8;15;20;45.5;4.8;5.5;3.8
5213087;287;86;90;62;162;56.4;7;8.2;5.4
5213103;662;226;169;132;284;42.9;6.3;6.6;5.3
5213400;45;8;21;22;22;48.9;;6.8;4.2
5213509;138;35;39;56;79;57.2;5.3;5.4;4.1
5213707;73;24;21;24;44;60.3;5.1;6.4;
5213756;129;31;30;32;20;15.5;4.9;7.4;4.3
5213772;63;16;24;17;25;39.7;5.5;6.3;4.7
5213806;366;103;114;146;28;7.7;5.6;6.3;4.8
5213855;43;11;11;6;26;60.5;4.8;6.2;4.9
5213905;50;23;23;12;3;6;6.4;9.7;5.8
5214002;134;45;35;40;61;45.5;5.5;6.1;4.7
5214051;76;21;24;29;25;32.9;5.9;6.1;5.1
5214101;34;10;17;16;11;32.4;5.6;6.7;4.4
5214408;83;24;19;31;36;43.4;5.8;7.6;
5214507;299;96;111;86;108;36.1;5.9;6.4;5.2
5214606;362;111;123;94;116;32;5.9;6.7;5
5214705;36;12;11;12;24;66.7;7.2;7.7;5.7
5214804;23;6;9;9;4;17.4;5.6;6;5.2
5214838;136;45;36;33;60;44.1;4.9;6.2;4.3
5214861;140;31;45;56;48;34.3;7;7.1;5.7
5214879;35;11;14;16;16;45.7;5.6;7.8;4.7
5214903;38;16;14;16;14;36.8;4.4;6.4;4
5215009;90;26;30;28;51;56.7;6.3;6;5.1
5215207;53;11;20;30;25;47.2;6;7.9;4.8
5215231;636;237;200;163;222;34.9;5;5.3;4.8
5215256;38;17;16;11;25;65.8;4.8;7.3;4.6
5215306;208;43;80;38;20;9.6;5.7;6.3;4.9
5215405;40;19;23;13;12;30;5.5;7;4.9
5215504;76;30;15;14;51;67.1;5.5;6.9;4.7
5215603;292;84;112;79;96;32.9;4.5;6;4.3
5215652;33;11;14;12;8;24.2;5.9;6.4;4.8
5215702;281;80;103;69;17;6;5.7;6.3;5.1
5215801;18;7;7;9;3;16.7;5.6;4.8;3.7
5215900;40;14;13;12;15;37.5;6;6.3;
5216007;23;10;8;8;6;26.1;5.9;6.2;4.7
5216304;79;20;32;27;30;38;5.6;7.5;5.3
5216403;103;49;38;15;9;8.7;5.8;6.9;4.5
5216452;59;16;13;15;28;47.5;7;8.5;4.9
5216809;47;16;16;15;17;36.2;5.8;6.6;4.7
5216908;33;11;15;7;7;21.2;4.6;;3.3
5217104;197;50;86;54;28;14.2;5.8;6.2;5.6
5217203;92;26;30;28;45;48.9;5.9;6.5;4.7
5217302;288;68;115;106;75;26;5.7;6.6;4.8
5217401;238;72;88;66;98;41.2;6;6.2;5.2
5217609;1113;336;471;212;453;40.7;5.1;5.9;4.6
5217708;157;52;65;34;43;27.4;6.4;7.1;5.4
5218003;376;95;138;68;62;16.5;5.4;5.6;4.6
5218052;43;16;12;10;15;34.9;5.7;6.6;5.2
5218102;38;14;14;13;12;31.6;5.4;5.9;4.5
5218300;394;84;148;137;200;50.8;5.8;6.9;4.7
5218391;34;11;14;8;13;38.2;6.2;6;4.6
5218508;402;114;150;123;65;16.2;5.8;7;4.8
5218607;90;29;21;11;14;15.6;5.6;7.2;5.3
5218706;39;13;10;8;14;35.9;7.2;8.2;5.9
5218789;66;28;24;13;26;39.4;5.7;6.5;4.6
5218805;1834;515;578;541;369;20.1;5.9;8.1;4.9
5218904;207;41;75;80;45;21.7;6.4;7.9;5.6
5219001;80;24;30;31;41;51.2;6.3;7.1;5.5
5219100;61;23;18;16;33;54.1;5.5;6.6;4.6
5219209;31;15;11;11;6;19.4;5.6;6.2;4.9
5219258;45;20;13;12;22;48.9;4.9;6.1;4.8
5219308;286;96;71;74;42;14.7;6.3;6.8;4.9
5219357;46;13;26;8;11;23.9;5.9;7.2;4.7
5219407;68;21;27;29;31;45.6;6;6.7;5.3
5219456;48;15;12;20;17;35.4;;8.2;4.8
5219506;28;10;10;11;12;42.9;5.9;7.5;5.2
5219605;36;9;12;11;10;27.8;5.7;5.4;5.2
5219704;90;22;36;17;45;50;5.4;6.5;4.9
5219712;48;16;21;16;32;66.7;5.8;7.8;6.7
5219738;85;26;21;21;47;55.3;6.3;7.9;5.3
5219753;583;207;181;131;84;14.4;4.8;5.2;4.6
5219803;155;42;56;60;26;16.8;5;6.3;4.2
5219902;62;21;16;31;20;32.3;5.5;6.4;4.6
5220009;176;64;70;46;56;31.8;8.1;6.4;7
5220058;38;9;22;22;15;39.5;4.9;7.3;4.6
5220108;302;73;94;87;103;34.1;5.6;6.7;5.1
5220157;74;16;37;34;23;31.1;4.8;6.7;4.4
5220207;189;56;69;35;89;47.1;6;7.4;5.1
5220264;49;19;19;10;16;32.7;5.4;6.7;
5220280;35;9;5;18;13;37.1;5.8;5.6;4.9
5220405;175;69;76;43;33;18.9;5.1;6.6;4.9
5220454;1417;450;328;212;123;8.7;4.8;5.6;4.5
5220504;82;34;32;14;52;63.4;5.9;7.1;4.9
5220603;175;47;56;53;72;41.1;6.2;6.9;5.4
5220686;58;15;14;16;20;34.5;5.3;5.7;
5220702;53;12;14;26;14;26.4;5.6;6.1;4.3
5221007;32;11;11;11;25;78.1;6.2;8.2;5.2
5221080;53;15;18;25;20;37.7;5.4;;4.4
5221197;85;32;23;34;36;42.4;5.4;5.8;5.1
5221304;29;11;8;7;17;58.6;6.2;6.8;4.8
5221403;1153;332;398;402;321;27.8;5.8;6.9;5
5221452;39;16;11;11;13;33.3;4.9;6.7;4.5
5221502;56;15;21;23;10;17.9;6;6.5;4.3
5221551;58;17;21;12;8;13.8;5.7;6.5;4.6
5221577;49;11;15;20;22;44.9;5.2;5.6;4.2
5221601;381;91;110;116;70;18.4;6;6.9;5.1
5221700;146;33;80;39;51;34.9;5.8;6.4;4.3
5221809;111;10;8;88;14;12.6;5.7;6.4;
5221858;1570;459;482;348;915;58.3;4.8;5.8;4.5
5221908;28;9;9;9;6;21.4;5.1;6.4;5.4
5222005;175;52;61;39;41;23.4;6.4;6.9;5.6
5222054;74;27;26;16;8;10.8;5.9;7.1;5.3
5222203;69;16;12;13;18;26.1;5.8;5.7;6.9
5222302;72;24;21;25;30;41.7;5.3;7.9;4.6
5300108;22362;8105;5144;4104;12680;56.7;4.7;6;3.7
