CO_MUNICIPIO;NO_MUNICIPIO;SG_UF;doc_bas;doc_vinculo_contrat;pct_contratados
1100205;Porto Velho;RO;5160;1007;19.5
1100254;Presidente Médici;RO;265;88;33.2
1100346;Alvorada D'Oeste;RO;153;34;22.2
1100338;Nova Mamoré;RO;356;54;15.2
1100700;Campo Novo de Rondônia;RO;136;41;30.1
1100452;Buritis;RO;304;94;30.9
1100809;Candeias do Jamari;RO;200;135;67.5
1101104;Itapuã do Oeste;RO;102;26;25.5
1100080;Costa Marques;RO;210;28;13.3
1101492;São Francisco do Guaporé;RO;225;55;24.4
1100106;Guajará-Mirim;RO;675;153;22.7
1100023;Ariquemes;RO;1036;170;16.4
1100130;Machadinho D'Oeste;RO;442;192;43.4
1101757;Vale do Anari;RO;72;33;45.8
1100940;Cujubim;RO;161;18;11.2
1100262;Rio Crespo;RO;39;3;7.7
1100403;Alto Paraíso;RO;160;63;39.4
1100601;Cacaulândia;RO;84;40;47.6
1101401;Monte Negro;RO;163;82;50.3
1100114;Jaru;RO;724;88;12.2
1100122;Ji-Paraná;RO;1327;301;22.7
1100155;Ouro Preto do Oeste;RO;316;42;13.3
1101435;Nova União;RO;71;32;45.1
1101559;Teixeirópolis;RO;39;8;20.5
1101005;Governador Jorge Teixeira;RO;130;8;6.2
1101302;Mirante da Serra;RO;114;13;11.4
1101609;Theobroma;RO;125;39;31.2
1101708;Urupá;RO;112;8;7.1
1101807;Vale do Paraíso;RO;87;21;24.1
1100148;Nova Brasilândia D'Oeste;RO;185;54;29.2
1100320;São Miguel do Guaporé;RO;273;111;40.7
1100015;Alta Floresta D'Oeste;RO;426;159;37.3
1101500;Seringueiras;RO;108;30;27.8
1100379;Alto Alegre dos Parecis;RO;172;51;29.7
1100049;Cacoal;RO;1089;308;28.3
1100098;Espigão D'Oeste;RO;365;98;26.8
1100288;Rolim de Moura;RO;609;171;28.1
1100296;Santa Luzia D'Oeste;RO;67;5;7.5
1100502;Novo Horizonte do Oeste;RO;119;23;19.3
1100908;Castanheiras;RO;32;5;15.6
1101203;Ministro Andreazza;RO;83;22;26.5
1100189;Pimenta Bueno;RO;382;72;18.8
1101450;Parecis;RO;63;16;25.4
1101476;Primavera de Rondônia;RO;64;10;15.6
1101484;São Felipe D'Oeste;RO;51;10;19.6
1100924;Chupinguaia;RO;167;35;21
1100304;Vilhena;RO;1036;180;17.4
1100031;Cabixi;RO;102;34;33.3
1100056;Cerejeiras;RO;201;40;19.9
1101468;Pimenteiras do Oeste;RO;50;16;32
1100064;Colorado do Oeste;RO;247;37;15
1100072;Corumbiara;RO;159;32;20.1
1200203;Cruzeiro do Sul;AC;1760;1311;74.5
1200336;Mâncio Lima;AC;379;296;78.1
1200609;Tarauacá;AC;863;581;67.3
1200427;Rodrigues Alves;AC;497;446;89.7
1200351;Marechal Thaumaturgo;AC;398;268;67.3
1200393;Porto Walter;AC;305;263;86.2
1200302;Feijó;AC;781;682;87.3
1200328;Jordão;AC;218;137;62.8
1200344;Manoel Urbano;AC;188;169;89.9
1200435;Santa Rosa do Purus;AC;190;181;95.3
1200054;Assis Brasil;AC;181;114;63
1200500;Sena Madureira;AC;688;600;87.2
1200013;Acrelândia;AC;144;104;72.2
1200401;Rio Branco;AC;4399;2326;52.9
1200138;Bujari;AC;221;185;83.7
1200179;Capixaba;AC;122;78;63.9
1200385;Plácido de Castro;AC;231;157;68
1200450;Senador Guiomard;AC;314;189;60.2
1200807;Porto Acre;AC;235;119;50.6
1200104;Brasiléia;AC;297;192;64.6
1200252;Epitaciolândia;AC;189;127;67.2
1200708;Xapuri;AC;289;201;69.6
1300409;Barcelos;AM;515;309;60
1303205;Novo Airão;AM;352;140;39.8
1303601;Santa Isabel do Rio Negro;AM;548;373;68.1
1303809;São Gabriel da Cachoeira;AM;1584;801;50.6
1302108;Japurá;AM;415;223;53.7
1302801;Maraã;AM;642;468;72.9
1300060;Amaturá;AM;347;166;47.8
1300201;Atalaia do Norte;AM;482;249;51.7
1300607;Benjamin Constant;AM;1041;608;58.4
1301605;Fonte Boa;AM;731;401;54.9
1302306;Jutaí;AM;656;473;72.1
1303700;Santo Antônio do Içá;AM;1072;754;70.3
1303908;São Paulo de Olivença;AM;919;469;51
1304062;Tabatinga;AM;1263;451;35.7
1304237;Tonantins;AM;602;385;64
1301001;Carauari;AM;586;254;43.3
1301407;Eirunepé;AM;662;256;38.7
1301506;Envira;AM;324;101;31.2
1301654;Guajará;AM;290;105;36.2
1301803;Ipixuna;AM;375;189;50.4
1301951;Itamarati;AM;323;180;55.7
1302207;Juruá;AM;337;176;52.2
1300029;Alvarães;AM;455;294;64.6
1304260;Uarini;AM;517;350;67.7
1304203;Tefé;AM;1864;1224;65.7
1300086;Anamã;AM;344;164;47.7
1300102;Anori;AM;322;226;70.2
1300631;Beruri;AM;476;270;56.7
1300839;Caapiranga;AM;354;168;47.5
1301209;Coari;AM;1257;405;32.2
1301308;Codajás;AM;548;303;55.3
1300300;Autazes;AM;828;447;54
1301100;Careiro;AM;737;413;56
1302553;Manaquiri;AM;386;224;58
1301159;Careiro da Várzea;AM;431;158;36.7
1301852;Iranduba;AM;870;125;14.4
1302504;Manacapuru;AM;1764;916;51.9
1302603;Manaus;AM;23104;797;3.4
1303536;Presidente Figueiredo;AM;672;353;52.5
1303569;Rio Preto da Eva;AM;460;300;65.2
1301902;Itacoatiara;AM;1740;594;34.1
1302009;Itapiranga;AM;302;117;38.7
1303106;Nova Olinda do Norte;AM;651;472;72.5
1304005;Silves;AM;408;200;49
1304401;Urucurituba;AM;519;185;35.6
1300508;Barreirinha;AM;1037;500;48.2
1300680;Boa Vista do Ramos;AM;492;303;61.6
1302900;Maués;AM;1438;879;61.1
1303007;Nhamundá;AM;441;231;52.4
1303403;Parintins;AM;1832;710;38.8
1303957;São Sebastião do Uatumã;AM;263;118;44.9
1304302;Urucará;AM;323;159;49.2
1300706;Boca do Acre;AM;729;329;45.1
1303502;Pauini;AM;409;114;27.9
1300904;Canutama;AM;283;187;66.1
1302405;Lábrea;AM;899;634;70.5
1304104;Tapauá;AM;514;304;59.1
1300144;Apuí;AM;277;75;27.1
1300805;Borba;AM;1190;624;52.4
1301704;Humaitá;AM;993;360;36.3
1302702;Manicoré;AM;1202;739;61.5
1303304;Novo Aripuanã;AM;459;158;34.4
1400050;Alto Alegre;RR;371;248;66.8
1400308;Mucajaí;RR;298;91;30.5
1400456;Pacaraima;RR;597;328;54.9
1400100;Boa Vista;RR;5590;1104;19.7
1400027;Amajari;RR;348;186;53.4
1400704;Uiramutã;RR;634;473;74.6
1400159;Bonfim;RR;387;90;23.3
1400175;Cantá;RR;396;131;33.1
1400407;Normandia;RR;621;365;58.8
1400209;Caracaraí;RR;359;100;27.9
1400282;Iracema;RR;142;75;52.8
1400506;São João da Baliza;RR;138;59;42.8
1400233;Caroebe;RR;164;102;62.2
1400605;São Luiz;RR;133;106;79.7
1400472;Rorainópolis;RR;507;224;44.2
1503002;Faro;PA;190;80;42.1
1503903;Juruti;PA;890;301;33.8
1505106;Óbidos;PA;915;377;41.2
1505304;Oriximiná;PA;1014;346;34.1
1507979;Terra Santa;PA;284;86;30.3
1500404;Alenquer;PA;879;155;17.6
1502855;Curuá;PA;272;77;28.3
1504802;Monte Alegre;PA;878;134;15.3
1506005;Prainha;PA;584;280;47.9
1505908;Porto de Moz;PA;753;508;67.5
1506807;Santarém;PA;5250;2413;46
1505650;Placas;PA;306;184;60.1
1501451;Belterra;PA;295;168;56.9
1504752;Mojuí dos Campos;PA;363;258;71.1
1500503;Almeirim;PA;749;441;58.9
1501105;Bagre;PA;459;368;80.2
1503101;Gurupá;PA;881;687;78
1504505;Melgaço;PA;793;648;81.7
1505809;Portel;PA;1330;827;62.2
1500305;Afuá;PA;952;479;50.3
1500701;Anajás;PA;709;402;56.7
1501808;Breves;PA;2849;1962;68.9
1502806;Curralinho;PA;536;346;64.6
1507706;São Sebastião da Boa Vista;PA;452;281;62.2
1502004;Cachoeira do Arari;PA;417;362;86.8
1502509;Chaves;PA;923;648;70.2
1504901;Muaná;PA;658;571;86.8
1505700;Ponta de Pedras;PA;510;291;57.1
1506302;Salvaterra;PA;440;275;62.5
1506401;Santa Cruz do Arari;PA;131;94;71.8
1507904;Soure;PA;335;209;62.4
1500800;Ananindeua;PA;5067;1305;25.8
1504422;Marituba;PA;1235;1037;84
1501402;Belém;PA;14796;1988;13.4
1501303;Barcarena;PA;1630;522;32
1501501;Benevides;PA;831;506;60.9
1506351;Santa Bárbara do Pará;PA;250;137;54.8
1501907;Bujaru;PA;569;367;64.5
1502400;Castanhal;PA;3173;1054;33.2
1503408;Inhangapi;PA;141;36;25.5
1506500;Santa Izabel do Pará;PA;928;515;55.5
1507003;Santo Antônio do Tauá;PA;496;184;37.1
1502608;Colares;PA;244;58;23.8
1502905;Curuçá;PA;600;341;56.8
1507961;Terra Alta;PA;221;144;65.2
1504109;Magalhães Barata;PA;203;130;64
1504307;Maracanã;PA;616;380;61.7
1504406;Marapanim;PA;386;241;62.4
1506203;Salinópolis;PA;541;234;43.3
1507474;São João de Pirabas;PA;303;86;28.4
1507466;São João da Ponta;PA;123;79;64.2
1507102;São Caetano de Odivelas;PA;254;119;46.9
1508209;Vigia;PA;741;362;48.9
1500909;Augusto Corrêa;PA;636;266;41.8
1501600;Bonito;PA;159;88;55.3
1501709;Bragança;PA;2117;796;37.6
1508035;Tracuateua;PA;422;281;66.6
1502202;Capanema;PA;793;202;25.5
1503200;Igarapé-Açu;PA;613;311;50.7
1505007;Nova Timboteua;PA;235;126;53.6
1505601;Peixe-Boi;PA;168;113;67.3
1506104;Primavera;PA;145;66;45.5
1506112;Quatipuru;PA;143;58;40.6
1506609;Santa Maria do Pará;PA;361;173;47.9
1506906;Santarém Novo;PA;138;76;55.1
1507409;São Francisco do Pará;PA;220;102;46.4
1500107;Abaetetuba;PA;2774;1258;45.3
1501204;Baião;PA;585;198;33.8
1502103;Cametá;PA;2342;786;33.6
1503309;Igarapé-Miri;PA;695;75;10.8
1504000;Limoeiro do Ajuru;PA;677;328;48.4
1504604;Mocajuba;PA;552;146;26.4
1505205;Oeiras do Pará;PA;518;315;60.8
1500206;Acará;PA;792;274;34.6
1502756;Concórdia do Pará;PA;685;391;57.1
1507201;São Domingos do Capim;PA;569;234;41.1
1504703;Moju;PA;1104;506;45.8
1507953;Tailândia;PA;1060;488;46
1508001;Tomé-Açu;PA;1127;771;68.4
1500958;Aurora do Pará;PA;356;185;52
1502301;Capitão Poço;PA;1040;760;73.1
1503077;Garrafão do Norte;PA;491;279;56.8
1503457;Ipixuna do Pará;PA;572;279;48.8
1505502;Paragominas;PA;1455;655;45
1503507;Irituia;PA;531;226;42.6
1504059;Mãe do Rio;PA;531;234;44.1
1504950;Nova Esperança do Piriá;PA;400;192;48
1505403;Ourém;PA;281;206;73.3
1506559;Santa Luzia do Pará;PA;253;157;62.1
1507607;São Miguel do Guamá;PA;1115;560;50.2
1503754;Jacareacanga;PA;507;447;88.2
1502152;Canaã dos Carajás;PA;909;635;69.9
1504455;Medicilândia;PA;311;176;56.6
1505536;Parauapebas;PA;2653;448;16.9
1508308;Viseu;PA;1249;753;60.3
1505486;Pacajá;PA;606;261;43.1
1505064;Novo Repartimento;PA;787;274;34.8
1501956;Cachoeira do Piriá;PA;387;179;46.3
1506708;Santana do Araguaia;PA;460;253;55
1503606;Itaituba;PA;1697;1041;61.3
1506195;Rurópolis;PA;368;192;52.2
1504208;Marabá;PA;3265;700;21.4
1500347;Água Azul do Norte;PA;190;120;63.2
1507805;Senador José Porfírio;PA;372;263;70.7
1503804;Jacundá;PA;468;45;9.6
1505031;Novo Progresso;PA;405;195;48.1
1506138;Redenção;PA;987;195;19.8
1503093;Goianésia do Pará;PA;453;171;37.7
1501782;Breu Branco;PA;503;259;51.5
1501006;Aveiro;PA;315;190;60.3
1508050;Trairão;PA;212;128;60.4
1503705;Itupiranga;PA;606;330;54.5
1500602;Altamira;PA;2094;1424;68
1500859;Anapu;PA;602;431;71.6
1508357;Vitória do Xingu;PA;356;285;80.1
1502764;Cumaru do Norte;PA;235;137;58.3
1501725;Brasil Novo;PA;319;271;85
1508159;Uruará;PA;497;354;71.2
1504976;Nova Ipixuna;PA;151;63;41.7
1508100;Tucuruí;PA;1376;683;49.6
1500131;Abel Figueiredo;PA;83;39;47
1501576;Bom Jesus do Tocantins;PA;386;142;36.8
1502939;Dom Eliseu;PA;544;198;36.4
1506187;Rondon do Pará;PA;353;31;8.8
1508126;Ulianópolis;PA;338;243;71.9
1505437;Ourilândia do Norte;PA;494;258;52.2
1501253;Bannach;PA;62;35;56.5
1502707;Conceição do Araguaia;PA;559;151;27
1507300;São Félix do Xingu;PA;799;315;39.4
1508084;Tucumã;PA;547;325;59.4
1502772;Curionópolis;PA;408;286;70.1
1502954;Eldorado do Carajás;PA;375;59;15.7
1501758;Brejo Grande do Araguaia;PA;137;47;34.3
1507151;São Domingos do Araguaia;PA;309;45;14.6
1505494;Palestina do Pará;PA;98;14;14.3
1507508;São João do Araguaia;PA;193;55;28.5
1505551;Pau D'Arco;PA;106;36;34
1506161;Rio Maria;PA;229;77;33.6
1507458;São Geraldo do Araguaia;PA;319;105;32.9
1505635;Piçarra;PA;317;246;77.6
1508407;Xinguara;PA;749;305;40.7
1507755;Sapucaia;PA;121;99;81.8
1503044;Floresta do Araguaia;PA;240;72;30
1506583;Santa Maria das Barreiras;PA;221;144;65.2
1600204;Calçoene;AP;220;141;64.1
1600501;Oiapoque;AP;721;395;54.8
1600105;Amapá;AP;170;112;65.9
1600550;Pracuúba;AP;100;40;40
1600709;Tartarugalzinho;AP;331;167;50.5
1600055;Serra do Navio;AP;102;53;52
1600154;Pedra Branca do Amapari;AP;318;202;63.5
1600212;Cutias;AP;135;71;52.6
1600238;Ferreira Gomes;AP;170;34;20
1600253;Itaubal;AP;218;140;64.2
1600303;Macapá;AP;6590;1465;22.2
1600535;Porto Grande;AP;451;139;30.8
1600600;Santana;AP;1827;603;33
1600279;Laranjal do Jari;AP;811;439;54.1
1600808;Vitória do Jari;AP;250;129;51.6
1600402;Mazagão;AP;636;453;71.2
1701002;Ananás;TO;137;86;62.8
1701051;Angico;TO;57;27;47.4
1702208;Araguatins;TO;477;169;35.4
1702554;Augustinópolis;TO;321;150;46.7
1702901;Axixá do Tocantins;TO;194;43;22.2
1703800;Buriti do Tocantins;TO;152;74;48.7
1703826;Cachoeirinha;TO;32;9;28.1
1703891;Carrasco Bonito;TO;63;37;58.7
1706506;Darcinópolis;TO;80;39;48.8
1707405;Esperantina;TO;162;68;42
1710706;Itaguatins;TO;81;23;28.4
1712801;Maurilândia do Tocantins;TO;55;32;58.2
1713809;Palmeiras do Tocantins;TO;80;59;73.8
1714302;Nazaré;TO;91;38;41.8
1720002;Santa Terezinha do Tocantins;TO;52;38;73.1
1718303;Praia Norte;TO;194;102;52.6
1718550;Riachinho;TO;61;41;67.2
1718808;Sampaio;TO;61;32;52.5
1720101;São Bento do Tocantins;TO;143;111;77.6
1720200;São Miguel do Tocantins;TO;205;127;62
1720309;São Sebastião do Tocantins;TO;63;22;34.9
1720804;Sítio Novo do Tocantins;TO;217;124;57.1
1721208;Tocantinópolis;TO;385;209;54.3
1700301;Aguiarnópolis;TO;78;34;43.6
1712454;Luzinópolis;TO;47;29;61.7
1701309;Aragominas;TO;78;41;52.6
1702109;Araguaína;TO;2241;893;39.8
1702158;Araguanã;TO;65;34;52.3
1702307;Arapoema;TO;70;27;38.6
1703057;Bandeirantes do Tocantins;TO;74;42;56.8
1703008;Babaçulândia;TO;103;32;31.1
1703883;Carmolândia;TO;44;33;75
1705508;Colinas do Tocantins;TO;521;244;46.8
1707702;Filadélfia;TO;100;44;44
1713957;Muricilândia;TO;65;47;72.3
1718865;Santa Fé do Araguaia;TO;128;65;50.8
1714880;Nova Olinda;TO;162;69;42.6
1715705;Palmeirante;TO;83;52;62.7
1716307;Pau D'Arco;TO;62;29;46.8
1717206;Piraquê;TO;36;11;30.6
1722081;Wanderlândia;TO;123;59;48
1722107;Xambioá;TO;157;66;42
1700251;Abreulândia;TO;48;28;58.3
1701903;Araguacema;TO;96;62;64.6
1703107;Barrolândia;TO;97;43;44.3
1703206;Bernardo Sayão;TO;84;44;52.4
1703602;Brasilândia do Tocantins;TO;31;14;45.2
1703909;Caseara;TO;74;51;68.9
1706001;Couto Magalhães;TO;105;72;68.6
1707108;Divinópolis do Tocantins;TO;101;74;73.3
1713700;Monte Santo do Tocantins;TO;35;26;74.3
1707207;Dois Irmãos do Tocantins;TO;95;75;78.9
1708304;Goianorte;TO;84;46;54.8
1709302;Guaraí;TO;303;124;40.9
1716703;Colméia;TO;119;37;31.1
1721257;Tupirama;TO;29;20;69
1711100;Itaporã do Tocantins;TO;32;12;37.5
1711803;Juarina;TO;50;37;74
1712504;Marianópolis do Tocantins;TO;68;42;61.8
1713205;Miracema do Tocantins;TO;261;104;39.8
1713304;Miranorte;TO;178;117;65.7
1716653;Pequizeiro;TO;83;44;53
1718402;Presidente Kennedy;TO;34;18;52.9
1718709;Rio dos Bois;TO;44;30;68.2
1721307;Tupiratins;TO;31;21;67.7
1702000;Araguaçu;TO;108;43;39.8
1706100;Cristalândia;TO;70;30;42.9
1718899;Santa Rita do Tocantins;TO;43;22;51.2
1707306;Dueré;TO;47;40;85.1
1707553;Fátima;TO;61;43;70.5
1715507;Oliveira de Fátima;TO;21;17;81
1708205;Formoso do Araguaia;TO;333;191;57.4
1711902;Lagoa da Confusão;TO;262;160;61.1
1715002;Nova Rosalândia;TO;49;21;42.9
1716109;Paraíso do Tocantins;TO;685;318;46.4
1718451;Pugmil;TO;47;25;53.2
1717503;Pium;TO;109;71;65.1
1718840;Sandolândia;TO;75;52;69.3
1700350;Aliança do Tocantins;TO;80;53;66.2
1700707;Alvorada;TO;128;71;55.5
1720978;Talismã;TO;47;10;21.3
1703701;Brejinho de Nazaré;TO;74;42;56.8
1703867;Cariri do Tocantins;TO;71;29;40.8
1707652;Figueirópolis;TO;61;43;70.5
1709500;Gurupi;TO;1268;404;31.9
1718204;Porto Nacional;TO;1001;395;39.5
1711506;Jaú do Tocantins;TO;47;18;38.3
1715754;Palmeirópolis;TO;113;51;45.1
1716604;Peixe;TO;96;27;28.1
1720259;São Salvador do Tocantins;TO;86;34;39.5
1720853;Sucupira;TO;25;14;56
1701101;Aparecida do Rio Negro;TO;61;36;59
1703305;Bom Jesus do Tocantins;TO;53;26;49.1
1712009;Lajeado;TO;66;40;60.6
1713601;Monte do Carmo;TO;104;66;63.5
1716505;Pedro Afonso;TO;218;129;59.2
1709807;Ipueiras;TO;36;21;58.3
1718881;Santa Maria do Tocantins;TO;43;32;74.4
1720655;Silvanópolis;TO;87;49;56.3
1721000;Palmas;TO;3819;909;23.8
1721109;Tocantínia;TO;281;246;87.5
1703842;Campos Lindos;TO;161;95;59
1704105;Centenário;TO;22;8;36.4
1709005;Goiatins;TO;292;200;68.5
1703073;Barra do Ouro;TO;87;60;69
1710508;Itacajá;TO;168;116;69
1710904;Itapiratins;TO;41;24;58.5
1711951;Lagoa do Tocantins;TO;69;31;44.9
1712405;Lizarda;TO;45;27;60
1712702;Mateiros;TO;45;31;68.9
1715101;Novo Acordo;TO;55;31;56.4
1717909;Ponte Alta do Tocantins;TO;108;34;31.5
1718501;Recursolândia;TO;65;39;60
1718758;Rio Sono;TO;90;65;72.2
1719004;Santa Tereza do Tocantins;TO;50;30;60
1720150;São Félix do Tocantins;TO;31;21;67.7
1700400;Almas;TO;124;68;54.8
1702406;Arraias;TO;201;91;45.3
1702703;Aurora do Tocantins;TO;43;22;51.2
1712157;Lavandeira;TO;34;19;55.9
1705557;Combinado;TO;83;36;43.4
1705607;Conceição do Tocantins;TO;64;49;76.6
1707009;Dianópolis;TO;277;130;46.9
1714203;Natividade;TO;153;83;54.2
1705102;Chapada da Natividade;TO;34;21;61.8
1715150;Novo Alegre;TO;23;13;56.5
1715259;Novo Jardim;TO;39;28;71.8
1716208;Paranã;TO;183;111;60.7
1717008;Pindorama do Tocantins;TO;70;41;58.6
1717800;Ponte Alta do Bom Jesus;TO;85;66;77.6
1718006;Porto Alegre do Tocantins;TO;43;24;55.8
1718659;Rio da Conceição;TO;38;26;68.4
1718907;Santa Rosa do Tocantins;TO;85;62;72.9
1720499;São Valério;TO;83;54;65.1
1720903;Taguatinga;TO;183;78;42.6
1720937;Taipas do Tocantins;TO;36;25;69.4
1708254;Tabocão;TO;62;22;35.5
1706258;Crixás do Tocantins;TO;28;18;64.3
1704600;Chapada de Areia;TO;20;14;70
2100204;Alcântara;MA;415;250;60.2
2101301;Bacuri;MA;364;196;53.8
2100832;Apicum-Açu;MA;375;179;47.7
2101905;Bequimão;MA;331;200;60.4
2102408;Cajapió;MA;187;97;51.9
2101350;Bacurituba;MA;96;53;55.2
2109056;Porto Rico do Maranhão;MA;141;83;58.9
2103109;Cedral;MA;163;89;54.6
2103703;Cururupu;MA;510;214;42
2111789;Serrano do Maranhão;MA;288;143;49.7
2104909;Guimarães;MA;188;77;41
2106805;Mirinzal;MA;313;105;33.5
2103125;Central do Maranhão;MA;204;183;89.7
2107506;Paço do Lumiar;MA;2107;513;24.3
2109452;Raposa;MA;561;276;49.2
2111201;São José de Ribamar;MA;3463;1302;37.6
2111300;São Luís;MA;14770;2576;17.4
2101103;Axixá;MA;281;152;54.1
2105104;Icatu;MA;612;292;47.7
2107100;Morros;MA;434;187;43.1
2102374;Cachoeira Grande;MA;250;129;51.6
2109205;Presidente Juscelino;MA;257;127;49.4
2109601;Rosário;MA;851;382;44.9
2101251;Bacabeira;MA;430;283;65.8
2110203;Santa Rita;MA;795;607;76.4
2101707;Barreirinhas;MA;1300;891;68.5
2108058;Paulino Neves;MA;506;302;59.7
2110104;Santa Quitéria do Maranhão;MA;855;456;53.3
2105005;Humberto de Campos;MA;563;366;65
2110278;Santo Amaro do Maranhão;MA;384;171;44.5
2109403;Primeira Cruz;MA;393;308;78.4
2112506;Tutóia;MA;982;347;35.3
2100709;Anajatuba;MA;382;288;75.4
2101004;Arari;MA;694;326;47
2102507;Cajari;MA;451;312;69.2
2106508;Matinha;MA;470;214;45.5
2107456;Olinda Nova do Maranhão;MA;294;180;61.2
2106904;Monção;MA;651;283;43.5
2107605;Palmeirândia;MA;416;239;57.5
2108306;Penalva;MA;585;370;63.2
2108256;Pedro do Rosário;MA;658;396;60.2
2108405;Peri Mirim;MA;237;80;33.8
2108603;Pinheiro;MA;1604;701;43.7
2109270;Presidente Sarney;MA;511;330;64.6
2109809;Santa Helena;MA;846;479;56.6
2112456;Turilândia;MA;622;408;65.6
2110500;São Bento;MA;669;440;65.8
2111003;São João Batista;MA;386;126;32.6
2111706;São Vicente Ferrer;MA;410;266;64.9
2112803;Viana;MA;898;590;65.7
2101772;Bela Vista do Maranhão;MA;353;219;62
2112902;Vitória do Mearim;MA;551;306;55.5
2103554;Conceição do Lago-Açu;MA;354;186;52.5
2105153;Igarapé do Meio;MA;505;446;88.3
2106631;Matões do Norte;MA;304;189;62.2
2102705;Cantanhede;MA;486;307;63.2
2105401;Itapecuru Mirim;MA;1223;836;68.4
2106755;Miranda do Norte;MA;335;255;76.1
2107209;Nina Rodrigues;MA;344;238;69.2
2108801;Pirapemas;MA;245;104;42.4
2103604;Coroatá;MA;1088;545;50.1
2109304;Presidente Vargas;MA;309;237;76.7
2112704;Vargem Grande;MA;1101;610;55.4
2106375;Maranhãozinho;MA;372;334;89.8
2104677;Governador Nunes Freire;MA;488;182;37.3
2102606;Cândido Mendes;MA;504;402;79.8
2102903;Carutapera;MA;524;294;56.1
2103174;Centro Novo do Maranhão;MA;448;215;48
2101970;Boa Vista do Gurupi;MA;232;122;52.6
2106326;Maracaçumé;MA;404;256;63.4
2103158;Centro do Guilherme;MA;415;395;95.2
2104305;Godofredo Viana;MA;227;163;71.8
2100550;Amapá do Maranhão;MA;279;221;79.2
2105658;Junco do Maranhão;MA;161;107;66.5
2106201;Luís Domingues;MA;157;52;33.1
2112407;Turiaçu;MA;886;491;55.4
2100402;Altamira do Maranhão;MA;176;88;50
2102150;Brejo de Areia;MA;275;202;73.5
2102002;Bom Jardim;MA;859;513;59.7
2111029;São João do Carú;MA;247;165;66.8
2105708;Lago da Pedra;MA;955;426;44.6
2105963;Lagoa Grande do Maranhão;MA;300;149;49.7
2108108;Paulo Ramos;MA;512;308;60.2
2106359;Marajá do Sena;MA;178;96;53.9
2108504;Pindaré-Mirim;MA;805;320;39.8
2112274;Tufilândia;MA;163;90;55.2
2109908;Santa Inês;MA;1735;384;22.1
2110005;Santa Luzia;MA;1033;511;49.5
2100477;Alto Alegre do Pindaré;MA;695;475;68.3
2102325;Buriticupu;MA;1318;944;71.6
2102036;Bom Jesus das Selvas;MA;525;369;70.3
2110039;Santa Luzia do Paruá;MA;478;168;35.1
2107357;Nova Olinda do Maranhão;MA;317;181;57.1
2109239;Presidente Médici;MA;268;143;53.4
2113009;Vitorino Freire;MA;658;217;33
2104651;Governador Newton Bello;MA;253;179;70.8
2114007;Zé Doca;MA;987;400;40.5
2100873;Araguanã;MA;287;246;85.7
2100055;Açailândia;MA;1579;670;42.4
2110856;São Francisco do Brejão;MA;163;94;57.7
2105427;Itinga do Maranhão;MA;368;115;31.2
2100600;Amarante do Maranhão;MA;895;598;66.8
2105302;Imperatriz;MA;3443;460;13.4
2103752;Davinópolis;MA;291;131;45
2103257;Cidelândia;MA;258;120;46.5
2104552;Governador Edison Lobão;MA;249;140;56.2
2111532;São Pedro da Água Branca;MA;192;115;59.9
2112852;Vila Nova dos Martírios;MA;156;95;60.9
2111763;Senador La Rocque;MA;289;51;17.6
2105500;João Lisboa;MA;527;299;56.7
2102358;Buritirana;MA;216;78;36.1
2109551;Ribamar Fiquene;MA;101;68;67.3
2107001;Montes Altos;MA;157;102;65
2105989;Lajeado Novo;MA;163;106;65
2101202;Bacabal;MA;1628;906;55.7
2102077;Bom Lugar;MA;248;116;46.8
2100436;Alto Alegre do Maranhão;MA;391;291;74.4
2111672;São Roberto;MA;168;79;47
2104008;Esperantinópolis;MA;430;210;48.8
2111631;São Raimundo do Doca Bezerra;MA;197;115;58.4
2101939;Bernardo do Mearim;MA;110;53;48.2
2105203;Igarapé Grande;MA;205;137;66.8
2105807;Lago do Junco;MA;298;169;56.7
2105948;Lago dos Rodrigues;MA;209;106;50.7
2105906;Lago Verde;MA;343;142;41.4
2106003;Lima Campos;MA;244;122;50
2108454;Peritoró;MA;484;335;69.2
2102754;Capinzal do Norte;MA;231;114;49.4
2107407;Olho d'Água das Cunhãs;MA;407;209;51.4
2108207;Pedreiras;MA;543;189;34.8
2112233;Trizidela do Vale;MA;358;223;62.3
2108702;Pio XII;MA;683;421;61.6
2111722;Satubinha;MA;262;231;88.2
2108900;Poção de Pedras;MA;364;133;36.5
2110302;Santo Antônio dos Lopes;MA;563;412;73.2
2111409;São Luís Gonzaga do Maranhão;MA;378;181;47.9
2111508;São Mateus do Maranhão;MA;622;348;55.9
2100956;Arame;MA;651;362;55.6
2101608;Barra do Corda;MA;2070;940;45.4
2105476;Jenipapo dos Vieiras;MA;656;496;75.6
2104081;Fernando Falcão;MA;278;197;70.9
2105351;Itaipava do Grajaú;MA;393;271;69
2104800;Grajaú;MA;1643;852;51.9
2104099;Formosa da Serra Negra;MA;384;227;59.1
2105609;Joselândia;MA;292;151;51.7
2111805;Sítio Novo;MA;393;210;53.4
2112308;Tuntum;MA;667;354;53.1
2109759;Santa Filomena do Maranhão;MA;143;73;51
2103802;Dom Pedro;MA;436;133;30.5
2104206;Fortuna;MA;356;165;46.3
2104404;Gonçalves Dias;MA;331;154;46.5
2104503;Governador Archer;MA;169;114;67.5
2104602;Governador Eugênio Barros;MA;271;132;48.7
2111748;Senador Alexandre Costa;MA;202;138;68.3
2104701;Graça Aranha;MA;143;80;55.9
2109106;Presidente Dutra;MA;724;184;25.4
2111250;São José dos Basílios;MA;142;72;50.7
2110708;São Domingos do Maranhão;MA;886;450;50.8
2104628;Governador Luiz Rocha;MA;204;39;19.1
2100907;Araioses;MA;916;284;31
2100154;Água Doce do Maranhão;MA;309;156;50.5
2106300;Magalhães de Almeida;MA;320;61;19.1
2106672;Milagres do Maranhão;MA;169;107;63.3
2110609;São Bernardo;MA;642;220;34.3
2110237;Santana do Maranhão;MA;188;95;50.5
2100808;Anapurus;MA;484;203;41.9
2102101;Brejo;MA;775;468;60.4
2102200;Buriti;MA;620;307;49.5
2103208;Chapadinha;MA;1397;656;47
2106409;Mata Roma;MA;459;293;63.8
2110401;São Benedito do Rio Preto;MA;516;352;68.2
2112605;Urbano Santos;MA;781;467;59.8
2101731;Belágua;MA;257;176;68.5
2103307;Codó;MA;2266;1198;52.9
2112100;Timbiras;MA;482;240;49.8
2100105;Afonso Cunha;MA;249;193;77.5
2100303;Aldeias Altas;MA;497;252;50.7
2103406;Coelho Neto;MA;908;536;59
2103901;Duque Bacelar;MA;314;267;85
2102309;Buriti Bravo;MA;587;343;58.4
2103000;Caxias;MA;2900;1582;54.6
2111078;São João do Soter;MA;453;321;70.9
2106607;Matões;MA;747;237;31.7
2107803;Parnarama;MA;730;390;53.4
2105922;Lagoa do Mato;MA;202;87;43.1
2112209;Timon;MA;3095;1459;47.1
2101509;Barão de Grajaú;MA;344;136;39.5
2103505;Colinas;MA;785;389;49.6
2105450;Jatobá;MA;221;112;50.7
2106706;Mirador;MA;395;215;54.4
2107308;Nova Iorque;MA;85;38;44.7
2107704;Paraibano;MA;341;82;24
2107902;Passagem Franca;MA;405;219;54.1
2108009;Pastos Bons;MA;507;274;54
2110906;São Francisco do Maranhão;MA;257;160;62.3
2111102;São João dos Patos;MA;471;50;10.6
2111953;Sucupira do Riachão;MA;129;34;26.4
2111904;Sucupira do Norte;MA;183;92;50.3
2102804;Carolina;MA;410;259;63.2
2104057;Estreito;MA;537;188;35
2111573;São Pedro dos Crentes;MA;137;102;74.5
2111052;São João do Paraíso;MA;254;76;29.9
2102556;Campestre do Maranhão;MA;220;94;42.7
2109007;Porto Franco;MA;548;291;53.1
2100501;Alto Parnaíba;MA;165;55;33.3
2101400;Balsas;MA;1694;491;29
2109502;Riachão;MA;329;133;40.4
2104073;Feira Nova do Maranhão;MA;118;36;30.5
2112001;Tasso Fragoso;MA;206;78;37.9
2110658;São Domingos do Azeitão;MA;193;106;54.9
2101806;Benedito Leite;MA;108;40;37
2104107;Fortaleza dos Nogueiras;MA;232;65;28
2107258;Nova Colinas;MA;97;25;25.8
2106102;Loreto;MA;277;133;48
2109700;Sambaíba;MA;98;54;55.1
2110807;São Félix de Balsas;MA;90;49;54.4
2111607;São Raimundo das Mangabeiras;MA;364;176;48.4
2201200;Barras;PI;1368;713;52.1
2201770;Boa Hora;PI;254;124;48.8
2203701;Esperantina;PI;766;323;42.2
2201507;Batalha;PI;562;236;42
2201960;Brasileira;PI;180;113;62.8
2202059;Cabeceiras do Piauí;PI;230;152;66.1
2206670;Morro do Chapéu do Piauí;PI;178;76;42.7
2206696;Murici dos Portelas;PI;137;56;40.9
2205409;Joaquim Pires;PI;238;102;42.9
2205458;Joca Marques;PI;204;137;67.2
2205805;Luzilândia;PI;782;418;53.5
2209971;São João do Arraial;PI;202;113;55.9
2205854;Madeiro;PI;184;141;76.6
2206100;Matias Olímpio;PI;254;176;69.3
2206209;Miguel Alves;PI;596;329;55.2
2206803;Nossa Senhora dos Remédios;PI;275;247;89.8
2208403;Piripiri;PI;1361;678;49.8
2205573;Lagoa de São Francisco;PI;162;79;48.8
2208502;Porto;PI;330;172;52.1
2202174;Campo Largo do Piauí;PI;217;135;62.2
2201919;Bom Princípio do Piauí;PI;140;71;50.7
2202000;Buriti dos Lopes;PI;541;321;59.3
2202653;Caxingó;PI;125;63;50.4
2202539;Caraúbas do Piauí;PI;99;44;44.4
2202703;Cocal;PI;602;265;44
2202729;Cocal dos Alves;PI;105;58;55.2
2205706;Luís Correia;PI;553;252;45.6
2202083;Cajueiro da Praia;PI;158;68;43
2207702;Parnaíba;PI;2417;578;23.9
2204659;Ilha Grande;PI;166;37;22.3
2208304;Piracuruca;PI;470;181;38.5
2209872;São João da Fronteira;PI;95;43;45.3
2210052;São José do Divino;PI;85;33;38.8
2207793;Pau D'Arco do Piauí;PI;82;60;73.2
2200400;Altos;PI;880;540;61.4
2201606;Beneditinos;PI;316;165;52.2
2202737;Coivaras;PI;102;61;59.8
2205581;Lagoa do Piauí;PI;63;37;58.7
2203305;Demerval Lobão;PI;307;172;56
2205508;José de Freitas;PI;688;198;28.8
2211100;União;PI;928;459;49.5
2205557;Lagoa Alegre;PI;147;74;50.3
2206308;Miguel Leão;PI;41;15;36.6
2203255;Curralinhos;PI;83;61;73.5
2206407;Monsenhor Gil;PI;164;92;56.1
2206720;Nazária;PI;133;17;12.8
2211001;Teresina;PI;13216;3109;23.5
2200301;Alto Longá;PI;277;149;53.8
2206951;Novo Santo Antônio;PI;74;35;47.3
2202026;Buriti dos Montes;PI;242;162;66.9
2202208;Campo Maior;PI;943;324;34.4
2202711;Cocal de Telha;PI;113;66;58.4
2205276;Jatobá do Piauí;PI;139;81;58.3
2206753;Nossa Senhora de Nazaré;PI;207;178;86
2201945;Boqueirão do Piauí;PI;164;90;54.9
2202406;Capitão de Campos;PI;275;131;47.6
2202604;Castelo do Piauí;PI;373;238;63.8
2205516;Juazeiro do Piauí;PI;123;87;70.7
2203420;Domingos Mourão;PI;86;58;67.4
2206357;Milton Brandão;PI;129;22;17.1
2207900;Pedro II;PI;735;371;50.5
2209906;São João da Serra;PI;169;87;51.5
2210409;São Miguel do Tapuio;PI;346;212;61.3
2201051;Assunção do Piauí;PI;195;115;59
2210656;Sigefredo Pacheco;PI;128;43;33.6
2205540;Lagoinha do Piauí;PI;80;59;73.8
2200103;Agricolândia;PI;111;90;81.1
2200202;Água Branca;PI;383;96;25.1
2207108;Olho D'Água do Piauí;PI;80;58;72.5
2200509;Amarante;PI;473;264;55.8
2200608;Angical do Piauí;PI;202;71;35.1
2210979;Tanque do Piauí;PI;69;41;59.4
2201002;Arraial;PI;136;89;65.4
2201408;Barro Duro;PI;126;40;31.7
2204105;Francisco Ayres;PI;75;39;52
2204600;Hugo Napoleão;PI;76;41;53.9
2205250;Jardim do Mulato;PI;96;56;58.3
2207504;Palmeirais;PI;323;157;48.6
2207751;Passagem Franca do Piauí;PI;96;47;49
2208809;Regeneração;PI;465;312;67.1
2209807;São Gonçalo do Piauí;PI;115;46;40
2209450;Santo Antônio dos Milagres;PI;79;67;84.8
2210508;São Pedro do Piauí;PI;292;160;54.8
2200905;Aroazes;PI;129;81;62.8
2203503;Elesbão Veloso;PI;264;155;58.7
2204006;Francinópolis;PI;93;68;73.1
2204709;Inhuma;PI;308;172;55.8
2206902;Novo Oriente do Piauí;PI;115;65;56.5
2208106;Pimenteiras;PI;251;166;66.1
2205599;Lagoa do Sítio;PI;86;45;52.3
2208601;Prata do Piauí;PI;83;62;74.7
2209153;Santa Cruz dos Milagres;PI;70;25;35.7
2210383;São Miguel da Baixa Grande;PI;59;33;55.9
2209609;São Félix do Piauí;PI;99;86;86.9
2211308;Valença do Piauí;PI;454;276;60.8
2201176;Barra D'Alcântara;PI;70;25;35.7
2211407;Várzea Grande;PI;86;27;31.4
2201150;Baixa Grande do Ribeiro;PI;321;201;62.6
2208908;Ribeiro Gonçalves;PI;179;151;84.4
2209203;Santa Filomena;PI;132;78;59.1
2211209;Uruçuí;PI;568;166;29.2
2210631;Sebastião Leal;PI;101;46;45.5
2200806;Antônio Almeida;PI;68;38;55.9
2208551;Porto Alegre do Piauí;PI;56;36;64.3
2201705;Bertolínia;PI;149;67;45
2202752;Colônia do Gurguéia;PI;158;89;56.3
2203602;Eliseu Martins;PI;86;47;54.7
2205607;Landri Sales;PI;159;107;67.3
2205904;Manoel Emídio;PI;122;48;39.3
2200459;Alvorada do Gurguéia;PI;136;58;42.6
2206001;Marcos Parente;PI;85;32;37.6
2202251;Canavieira;PI;102;29;28.4
2203800;Flores do Piauí;PI;108;23;21.3
2203909;Floriano;PI;1280;275;21.5
2204501;Guadalupe;PI;246;140;56.9
2205102;Itaueira;PI;225;79;35.1
2205300;Jerumenha;PI;113;42;37.2
2206704;Nazaré do Piauí;PI;109;12;11
2207850;Pavussu;PI;109;65;59.6
2209005;Rio Grande do Piauí;PI;129;70;54.3
2209708;São Francisco do Piauí;PI;108;43;39.8
2210391;São Miguel do Fidalgo;PI;63;24;38.1
2210102;São José do Peixe;PI;54;16;29.6
2201309;Barreiras do Piauí;PI;76;51;67.1
2209757;São Gonçalo do Gurguéia;PI;76;45;59.2
2201903;Bom Jesus;PI;607;293;48.3
2203230;Currais;PI;154;104;67.5
2203107;Cristino Castro;PI;301;200;66.4
2204402;Gilbués;PI;265;110;41.5
2206605;Monte Alegre do Piauí;PI;248;86;34.7
2207405;Palmeira do Piauí;PI;141;76;53.9
2208700;Redenção do Gurguéia;PI;257;148;57.6
2209302;Santa Luz;PI;129;89;69
2205532;Jurema;PI;89;43;48.3
2200707;Anísio de Abreu;PI;229;133;58.1
2201929;Bonfim do Piauí;PI;79;31;39.2
2207355;Pajeú do Piauí;PI;55;20;36.4
2202307;Canto do Buriti;PI;361;81;22.4
2210953;Tamboril do Piauí;PI;62;25;40.3
2201988;Brejo do Piauí;PI;71;17;23.9
2202505;Caracol;PI;194;64;33
2204550;Guaribas;PI;100;50;50
2202851;Coronel José Dias;PI;122;70;57.4
2203354;Dirceu Arcoverde;PI;192;85;44.3
2203453;Dom Inocêncio;PI;196;80;40.8
2203750;Fartura do Piauí;PI;120;71;59.2
2209559;São Braz do Piauí;PI;93;60;64.5
2210359;São Lourenço do Piauí;PI;108;43;39.8
2210607;São Raimundo Nonato;PI;793;474;59.8
2211357;Várzea Branca;PI;115;69;60
2206654;Morro Cabeça no Tempo;PI;85;33;38.8
2201101;Avelino Lopes;PI;160;29;18.1
2202901;Corrente;PI;673;162;24.1
2210623;Sebastião Barros;PI;90;36;40
2203008;Cristalândia do Piauí;PI;129;82;63.6
2203206;Curimatá;PI;250;52;20.8
2205524;Júlio Borges;PI;115;56;48.7
2208858;Riacho Frio;PI;116;62;53.4
2207603;Parnaguá;PI;195;57;29.2
2201804;Bocaina;PI;104;41;39.4
2202778;Colônia do Piauí;PI;151;82;54.3
2203404;Dom Expedito Lopes;PI;132;51;38.6
2204808;Ipiranga do Piauí;PI;203;119;58.6
2207009;Oeiras;PI;918;446;48.6
2209955;São João da Varjota;PI;119;70;58.8
2202075;Cajazeiras do Piauí;PI;100;88;88
2208007;Picos;PI;1529;412;26.9
2210938;Sussuapara;PI;108;77;71.3
2204352;Geminiano;PI;89;48;53.9
2200954;Aroeiras do Itaim;PI;91;77;84.6
2207553;Paquetá;PI;144;120;83.3
2211704;Wall Ferraz;PI;138;115;83.3
2209104;Santa Cruz do Piauí;PI;171;74;43.3
2209351;Santana do Piauí;PI;95;35;36.8
2209377;Santa Rosa do Piauí;PI;90;60;66.7
2210375;São Luis do Piauí;PI;55;28;50.9
2209856;São João da Canabrava;PI;124;68;54.8
2210201;São José do Piauí;PI;141;90;63.8
2200251;Alagoinha do Piauí;PI;97;25;25.8
2200277;Alegrete do Piauí;PI;91;30;33
2204204;Francisco Santos;PI;187;42;22.5
2206506;Monsenhor Hipólito;PI;164;98;59.8
2208205;Pio IX;PI;345;197;57.1
2209401;Santo Antônio de Lisboa;PI;165;77;46.7
2210300;São Julião;PI;174;112;64.4
2202091;Caldeirão Grande do Piauí;PI;79;25;31.6
2202109;Campinas do Piauí;PI;189;106;56.1
2202802;Conceição do Canindé;PI;90;49;54.4
2209658;São Francisco de Assis do Piauí;PI;145;34;23.4
2204303;Fronteiras;PI;236;175;74.2
2204907;Isaías Coelho;PI;154;81;52.6
2205003;Itainópolis;PI;225;156;69.3
2211506;Vera Mendes;PI;102;79;77.5
2205151;Jacobina do Piauí;PI;185;110;59.5
2205201;Jaicós;PI;396;225;56.8
2206050;Massapê do Piauí;PI;122;48;39.3
2202133;Campo Grande do Piauí;PI;152;74;48.7
2205565;Lagoa do Barro do Piauí;PI;73;27;37
2205953;Marcolândia;PI;166;86;51.8
2201572;Belém do Piauí;PI;129;76;58.9
2207207;Padre Marcos;PI;180;107;59.4
2204154;Francisco Macedo;PI;53;23;43.4
2211605;Vila Nova do Piauí;PI;112;77;68.8
2207306;Paes Landim;PI;81;52;64.2
2207777;Patos do Piauí;PI;139;97;69.8
2201739;Betânia do Piauí;PI;165;90;54.5
2200053;Acauã;PI;92;53;57.6
2207801;Paulistana;PI;464;248;53.4
2208650;Queimada Nova;PI;119;81;68.1
2209500;Santo Inácio do Piauí;PI;93;66;71
2203859;Floresta do Piauí;PI;51;14;27.5
2202117;Campo Alegre do Fidalgo;PI;100;41;41
2202455;Capitão Gervásio Oliveira;PI;66;29;43.9
2210003;São João do Piauí;PI;404;235;58.2
2207934;Pedro Laurentino;PI;57;34;59.6
2208874;Ribeira do Piauí;PI;99;43;43.4
2207959;Nova Santa Rita;PI;73;45;61.6
2205359;João Costa;PI;49;18;36.7
2202554;Caridade do Piauí;PI;180;144;80
2210706;Simões;PI;324;175;54
2203271;Curral Novo do Piauí;PI;160;111;69.4
2210805;Simplício Mendes;PI;293;153;52.2
2201556;Bela Vista do Piauí;PI;50;21;42
2210904;Socorro do Piauí;PI;132;63;47.7
2300200;Acaraú;CE;1053;555;52.7
2302057;Barroquinha;CE;237;45;19
2302305;Bela Cruz;CE;510;252;49.4
2302602;Camocim;CE;1200;691;57.6
2303907;Chaval;CE;264;107;40.5
2304251;Cruz;CE;542;421;77.7
2304707;Granja;CE;1022;553;54.1
2306553;Itarema;CE;722;343;47.5
2307254;Jijoca de Jericoacoara;CE;352;241;68.5
2307809;Marco;CE;518;189;36.5
2307908;Martinópole;CE;269;86;32
2308906;Morrinhos;CE;383;255;66.6
2303402;Carnaubal;CE;304;166;54.6
2304236;Croatá;CE;478;320;66.9
2305001;Guaraciaba do Norte;CE;870;346;39.8
2305308;Ibiapina;CE;554;255;46
2312304;São Benedito;CE;975;418;42.9
2313401;Tianguá;CE;1151;389;33.8
2313609;Ubajara;CE;778;271;34.8
2314102;Viçosa do Ceará;CE;891;156;17.5
2304004;Coreaú;CE;532;326;61.3
2304509;Frecheirinha;CE;311;142;45.7
2308807;Moraújo;CE;172;68;39.5
2313906;Uruoca;CE;275;127;46.2
2300507;Alcântaras;CE;196;140;71.4
2308203;Meruoca;CE;288;210;72.9
2303105;Cariré;CE;378;190;50.3
2304350;Forquilha;CE;370;222;60
2304657;Graça;CE;291;130;44.7
2304905;Groaíras;CE;141;62;44
2306108;Irauçuba;CE;466;228;48.9
2308005;Massapê;CE;664;363;54.7
2308377;Miraíma;CE;278;159;57.2
2309003;Mucambo;CE;280;162;57.9
2309904;Pacujá;CE;157;84;53.5
2312007;Santana do Acaraú;CE;439;148;33.7
2312809;Senador Sá;CE;179;102;57
2312908;Sobral;CE;3070;960;31.3
2305803;Ipu;CE;938;354;37.7
2305902;Ipueiras;CE;632;378;59.8
2310951;Pires Ferreira;CE;155;50;32.3
2311009;Poranga;CE;299;204;68.2
2311702;Reriutaba;CE;375;144;38.4
2313955;Varjota;CE;477;170;35.6
2303659;Catunda;CE;196;89;45.4
2305209;Hidrolândia;CE;293;68;23.2
2312205;Santa Quitéria;CE;674;268;39.8
2300754;Amontada;CE;896;696;77.7
2306405;Itapipoca;CE;2417;1359;56.2
2313500;Trairi;CE;842;519;61.6
2310209;Paracuru;CE;477;148;31
2310258;Paraipaba;CE;427;90;21.1
2312403;São Gonçalo do Amarante;CE;1027;457;44.5
2306306;Itapajé;CE;839;590;70.3
2313559;Tururu;CE;384;297;77.3
2313757;Umirim;CE;350;209;59.7
2313807;Uruburetama;CE;447;282;63.1
2300903;Apuiarés;CE;204;41;20.1
2304608;General Sampaio;CE;180;115;63.9
2310704;Pentecoste;CE;475;182;38.3
2312601;São Luís do Curu;CE;175;47;26.9
2313351;Tejuçuoca;CE;334;125;37.4
2302800;Canindé;CE;1040;569;54.7
2303006;Caridade;CE;337;216;64.1
2306603;Itatira;CE;436;342;78.4
2310407;Paramoti;CE;208;90;43.3
2300150;Acarape;CE;268;247;92.2
2301208;Aracoiaba;CE;518;351;67.8
2301406;Aratuba;CE;291;217;74.6
2302107;Baturité;CE;637;397;62.3
2302909;Capistrano;CE;322;216;67.1
2305100;Guaramiranga;CE;140;111;79.3
2306504;Itapiúna;CE;285;208;73
2309102;Mulungu;CE;172;72;41.9
2309805;Pacoti;CE;236;165;69.9
2310100;Palmácia;CE;189;108;57.1
2311603;Redenção;CE;511;261;51.1
2301950;Barreira;CE;331;113;34.1
2303956;Chorozinho;CE;391;318;81.3
2309458;Ocara;CE;431;265;61.5
2302206;Beberibe;CE;675;307;45.5
2303501;Cascavel;CE;1038;642;61.8
2310852;Pindoretama;CE;280;215;76.8
2301000;Aquiraz;CE;1000;541;54.1
2303709;Caucaia;CE;4664;2142;45.9
2304285;Eusébio;CE;1236;651;52.7
2304400;Fortaleza;CE;32353;9521;29.4
2306256;Itaitinga;CE;774;527;68.1
2304954;Guaiúba;CE;418;188;45
2307650;Maracanaú;CE;3103;1053;33.9
2307700;Maranguape;CE;1475;757;51.3
2309706;Pacatuba;CE;873;563;64.5
2305233;Horizonte;CE;978;396;40.5
2309607;Pacajus;CE;925;416;45
2301257;Ararendá;CE;319;223;69.9
2304103;Crateús;CE;1388;913;65.8
2305605;Independência;CE;418;119;28.5
2305654;Ipaporanga;CE;220;143;65
2308609;Monsenhor Tabosa;CE;672;564;83.9
2309300;Nova Russas;CE;724;405;55.9
2309409;Novo Oriente;CE;487;381;78.2
2311264;Quiterianópolis;CE;548;422;77
2313203;Tamboril;CE;482;184;38.2
2301851;Banabuiú;CE;307;176;57.3
2302404;Boa Viagem;CE;825;579;70.2
2303931;Choró;CE;184;119;64.7
2305266;Ibaretama;CE;176;69;39.2
2307635;Madalena;CE;337;195;57.9
2311306;Quixadá;CE;1189;558;46.9
2311405;Quixeramobim;CE;1161;608;52.4
2300408;Aiuaba;CE;216;144;66.7
2301505;Arneiroz;CE;201;107;53.2
2303600;Catarina;CE;141;65;46.1
2310308;Parambu;CE;635;435;68.5
2311900;Saboeiro;CE;255;150;58.8
2313302;Tauá;CE;900;577;64.1
2300309;Acopiara;CE;735;369;50.2
2304269;Deputado Irapuan Pinheiro;CE;150;82;54.7
2308351;Milhã;CE;199;133;66.8
2308500;Mombaça;CE;532;264;49.6
2310506;Pedra Branca;CE;648;342;52.8
2310902;Piquet Carneiro;CE;176;136;77.3
2312700;Senador Pompeu;CE;322;129;40.1
2313005;Solonópole;CE;289;201;69.6
2301109;Aracati;CE;1008;456;45.2
2304459;Fortim;CE;208;161;77.4
2305357;Icapuí;CE;227;147;64.8
2306207;Itaiçaba;CE;135;63;46.7
2300705;Alto Santo;CE;288;198;68.8
2305332;Ibicuitinga;CE;191;119;62.3
2307007;Jaguaruana;CE;490;153;31.2
2307601;Limoeiro do Norte;CE;861;237;27.5
2308708;Morada Nova;CE;771;273;35.4
2310001;Palhano;CE;136;95;69.9
2311504;Quixeré;CE;299;138;46.2
2311801;Russas;CE;1120;611;54.6
2312502;São João do Jaguaribe;CE;109;70;64.2
2313104;Tabuleiro do Norte;CE;402;202;50.2
2306702;Jaguaretama;CE;266;129;48.5
2306801;Jaguaribara;CE;252;107;42.5
2306900;Jaguaribe;CE;490;241;49.2
2304277;Ereré;CE;111;52;46.8
2306009;Iracema;CE;229;150;65.5
2310803;Pereiro;CE;352;198;56.2
2311231;Potiretama;CE;128;96;75
2303808;Cedro;CE;372;49;13.2
2305407;Icó;CE;1020;549;53.8
2305506;Iguatu;CE;1371;565;41.2
2309508;Orós;CE;273;155;56.8
2311355;Quixelô;CE;281;173;61.6
2300804;Antonina do Norte;CE;144;64;44.4
2303303;Cariús;CE;220;136;61.8
2307403;Jucás;CE;398;187;47
2313252;Tarrafas;CE;110;19;17.3
2314003;Várzea Alegre;CE;642;188;29.3
2301802;Baixio;CE;133;56;42.1
2305704;Ipaumirim;CE;232;98;42.2
2307502;Lavras da Mangabeira;CE;478;187;39.1
2313708;Umari;CE;161;96;59.6
2301307;Araripe;CE;353;190;53.8
2301604;Assaré;CE;423;279;66
2302701;Campos Sales;CE;476;107;22.5
2311207;Potengi;CE;137;40;29.2
2311959;Salitre;CE;407;296;72.7
2300606;Altaneira;CE;152;59;38.8
2303204;Caririaçu;CE;572;252;44.1
2304301;Farias Brito;CE;352;153;43.5
2304806;Granjeiro;CE;122;80;65.6
2301703;Aurora;CE;356;137;38.5
2302008;Barro;CE;324;131;40.4
2308104;Mauriti;CE;732;296;40.4
2301901;Barbalha;CE;1028;322;31.3
2304202;Crato;CE;2051;634;30.9
2307106;Jardim;CE;458;200;43.7
2307304;Juazeiro do Norte;CE;4377;1283;29.3
2308401;Missão Velha;CE;657;230;35
2309201;Nova Olinda;CE;281;168;59.8
2311108;Porteiras;CE;292;135;46.2
2312106;Santana do Cariri;CE;300;139;46.3
2300101;Abaiara;CE;194;57;29.4
2302503;Brejo Santo;CE;793;440;55.5
2307205;Jati;CE;171;105;61.4
2308302;Milagres;CE;453;201;44.4
2310605;Penaforte;CE;192;78;40.6
2401107;Areia Branca;RN;316;102;32.3
2401453;Baraúna;RN;308;140;45.5
2411056;Tibau;RN;79;45;57
2404408;Grossos;RN;122;74;60.7
2408003;Mossoró;RN;3521;766;21.8
2413359;Serra do Mel;RN;193;33;17.1
2401008;Apodi;RN;472;86;18.2
2402303;Caraúbas;RN;306;199;65
2403707;Felipe Guerra;RN;99;54;54.5
2404309;Governador Dix-Sept Rosado;RN;170;63;37.1
2401305;Campo Grande;RN;143;83;58
2414456;Triunfo Potiguar;RN;62;25;40.3
2405207;Janduís;RN;75;42;56
2407609;Messias Targino;RN;54;35;64.8
2408706;Paraú;RN;76;22;28.9
2414605;Upanema;RN;153;55;35.9
2400208;Açu;RN;624;77;12.3
2400703;Alto do Rodrigues;RN;218;133;61
2402501;Carnaubais;RN;145;66;45.5
2410256;Porto do Mangue;RN;92;51;55.4
2404705;Ipanguaçu;RN;239;70;29.3
2404853;Itajá;RN;98;41;41.8
2406106;Jucurutu;RN;257;74;28.8
2409902;Pendências;RN;167;80;47.9
2412807;São Rafael;RN;90;23;25.6
2400406;Água Nova;RN;39;7;17.9
2402907;Coronel João Pessoa;RN;61;24;39.3
2403202;Doutor Severiano;RN;121;48;39.7
2403301;Encanto;RN;85;70;82.4
2407252;Major Sales;RN;55;7;12.7
2407005;Luís Gomes;RN;136;37;27.2
2410801;Riacho de Santana;RN;57;32;56.1
2412500;São Miguel;RN;262;39;14.9
2414753;Venha-Ver;RN;69;6;8.7
2400505;Alexandria;RN;159;86;54.1
2403905;Francisco Dantas;RN;39;21;53.8
2404903;Itaú;RN;87;33;37.9
2406007;José da Penha;RN;61;11;18
2407302;Marcelino Vieira;RN;108;30;27.8
2408607;Paraná;RN;54;21;38.9
2409407;Pau dos Ferros;RN;486;95;19.5
2410009;Pilões;RN;49;20;40.8
2410207;Portalegre;RN;126;38;30.2
2410504;Rafael Fernandes;RN;67;27;40.3
2410702;Riacho da Cruz;RN;59;32;54.2
2411007;Rodolfo Fernandes;RN;65;9;13.8
2411908;São Francisco do Oeste;RN;58;35;60.3
2413607;Severiano Melo;RN;98;22;22.4
2413805;Taboleiro Grande;RN;31;9;29
2414100;Tenente Ananias;RN;150;79;52.7
2414902;Viçosa;RN;31;17;54.8
2400604;Almino Afonso;RN;76;26;34.2
2400901;Antônio Martins;RN;95;26;27.4
2404002;Frutuoso Gomes;RN;88;66;75
2405900;João Dias;RN;48;33;68.8
2406908;Lucrécia;RN;65;38;58.5
2407401;Martins;RN;129;40;31
2413557;Serrinha dos Pintos;RN;88;47;53.4
2408409;Olho d'Água do Borges;RN;65;46;70.8
2409308;Patu;RN;149;76;51
2410603;Rafael Godeiro;RN;66;29;43.9
2414506;Umarizal;RN;185;78;42.2
2404101;Galinhos;RN;59;18;30.5
2404507;Guamaré;RN;222;26;11.7
2407203;Macau;RN;434;149;34.3
2411601;São Bento do Norte;RN;73;52;71.2
2401859;Caiçara do Norte;RN;81;32;39.5
2400307;Afonso Bezerra;RN;145;36;24.8
2400802;Angicos;RN;147;67;45.6
2403756;Fernando Pedroza;RN;43;23;53.5
2401909;Caiçara do Rio do Vento;RN;56;31;55.4
2405504;Jardim de Angicos;RN;47;19;40.4
2406700;Lajes;RN;144;50;34.7
2409605;Pedra Preta;RN;35;15;42.9
2409704;Pedro Avelino;RN;127;40;31.5
2402709;Cerro Corá;RN;123;56;45.5
2414159;Tenente Laurentino Cruz;RN;122;44;36.1
2403806;Florânia;RN;117;16;13.7
2406502;Lagoa Nova;RN;202;77;38.1
2411403;Santana do Matos;RN;169;63;37.3
2401651;Bodó;RN;47;4;8.5
2413003;São Vicente;RN;73;33;45.2
2402006;Caicó;RN;1048;356;34
2404804;Ipueira;RN;31;6;19.4
2405603;Jardim de Piranhas;RN;171;65;38
2411809;São Fernando;RN;63;40;63.5
2412104;São João do Sabugi;RN;76;29;38.2
2413409;Serra Negra do Norte;RN;104;33;31.7
2414308;Timbaúba dos Batistas;RN;31;24;77.4
2400109;Acari;RN;98;30;30.6
2402402;Carnaúba dos Dantas;RN;100;10;10
2403004;Cruzeta;RN;78;14;17.9
2403103;Currais Novos;RN;699;225;32.2
2403400;Equador;RN;71;17;23.9
2405702;Jardim do Seridó;RN;127;11;8.7
2408508;Ouro Branco;RN;45;8;17.8
2408904;Parelhas;RN;366;80;21.9
2411429;Santana do Seridó;RN;35;13;37.1
2412401;São José do Seridó;RN;62;28;45.2
2401602;Bento Fernandes;RN;68;24;35.3
2409332;Santa Maria;RN;77;30;39
2405108;Jandaíra;RN;100;28;28
2405801;João Câmara;RN;571;163;28.5
2408805;Parazinho;RN;106;33;31.1
2410108;Poço Branco;RN;143;54;37.8
2401503;Barcelona;RN;56;36;64.3
2402105;Campo Redondo;RN;155;70;45.2
2402808;Coronel Ezequiel;RN;62;19;30.6
2405009;Jaçanã;RN;121;44;36.4
2405405;Japi;RN;80;23;28.8
2406403;Lagoa de Velhos;RN;53;6;11.3
2406809;Lajes Pintadas;RN;94;52;55.3
2407906;Monte das Gameleiras;RN;53;17;32.1
2411106;Ruy Barbosa;RN;48;12;25
2411205;Santa Cruz;RN;562;156;27.8
2411700;São Bento do Trairí;RN;45;7;15.6
2412302;São José do Campestre;RN;156;66;42.3
2412906;São Tomé;RN;149;71;47.7
2413300;Serra de São Bento;RN;71;32;45.1
2413706;Sítio Novo;RN;67;36;53.7
2414001;Tangará;RN;168;63;37.5
2401701;Bom Jesus;RN;139;64;46
2401800;Brejinho;RN;152;32;21.1
2404606;Ielmo Marinho;RN;181;82;45.3
2405306;Januário Cicco;RN;114;21;18.4
2406205;Lagoa d'Anta;RN;87;45;51.7
2406304;Lagoa de Pedras;RN;155;102;65.8
2406601;Lagoa Salgada;RN;176;41;23.3
2407807;Monte Alegre;RN;278;38;13.7
2408300;Nova Cruz;RN;504;107;21.2
2409100;Passa e Fica;RN;228;120;52.6
2409209;Passagem;RN;52;13;25
2410306;Serra Caiada;RN;145;58;40
2410900;Riachuelo;RN;102;47;46.1
2411502;Santo Antônio;RN;276;72;26.1
2412609;São Paulo do Potengi;RN;282;66;23.4
2412708;São Pedro;RN;107;38;35.5
2413102;Senador Elói de Souza;RN;76;19;25
2413508;Serrinha;RN;85;27;31.8
2414704;Várzea;RN;88;26;29.5
2406155;Jundiá;RN;79;39;49.4
2414803;Vera Cruz;RN;162;58;35.8
2407500;Maxaranguape;RN;143;7;4.9
2408953;Rio do Fogo;RN;170;98;57.6
2409506;Pedra Grande;RN;66;38;57.6
2410405;Pureza;RN;136;88;64.7
2413904;Taipu;RN;128;58;45.3
2414407;Touros;RN;406;127;31.3
2412559;São Miguel do Gostoso;RN;183;106;57.9
2402600;Ceará-Mirim;RN;1140;271;23.8
2407104;Macaíba;RN;1056;293;27.7
2408201;Nísia Floresta;RN;429;163;38
2412005;São Gonçalo do Amarante;RN;1394;173;12.4
2412203;São José de Mipibu;RN;612;264;43.1
2403251;Parnamirim;RN;2962;247;8.3
2403608;Extremoz;RN;819;370;45.2
2408102;Natal;RN;10320;2097;20.3
2401206;Arês;RN;158;56;35.4
2401404;Baía Formosa;RN;122;75;61.5
2402204;Canguaretama;RN;509;143;28.1
2403509;Espírito Santo;RN;130;81;62.3
2404200;Goianinha;RN;554;184;33.2
2407708;Montanhas;RN;146;31;21.2
2409803;Pedro Velho;RN;217;22;10.1
2413201;Senador Georgino Avelino;RN;65;17;26.2
2414209;Tibau do Sul;RN;204;82;40.2
2415008;Vila Flor;RN;51;26;51
2501005;Araruna;PB;293;71;24.2
2502003;Belém do Brejo do Cruz;PB;111;75;67.6
2502300;Bom Sucesso;PB;81;31;38.3
2514651;São José do Brejo do Cruz;PB;39;10;25.6
2502805;Brejo do Cruz;PB;249;131;52.6
2502904;Brejo dos Santos;PB;99;28;28.3
2504306;Catolé do Rocha;PB;432;65;15
2507408;Jericó;PB;133;82;61.7
2509370;Mato Grosso;PB;57;26;45.6
2508109;Lagoa;PB;82;34;41.5
2512804;Riacho dos Cavalos;PB;122;36;29.5
2513901;São Bento;PB;613;350;57.1
2500700;São João do Rio do Peixe;PB;412;288;69.9
2512077;Poço de José de Moura;PB;127;62;48.8
2502201;Bom Jesus;PB;66;39;59.1
2502409;Bonito de Santa Fé;PB;149;51;34.2
2503308;Cachoeira dos Índios;PB;130;35;26.9
2503704;Cajazeiras;PB;1016;281;27.7
2504108;Carrapateira;PB;59;38;64.4
2509602;Monte Horebe;PB;88;44;50
2513307;Santa Helena;PB;106;31;29.2
2514503;São José de Piranhas;PB;262;39;14.9
2516805;Triunfo;PB;238;166;69.7
2502052;Bernardino Batista;PB;120;35;29.2
2516904;Uiraúna;PB;296;164;55.4
2512036;Poço Dantas;PB;123;57;46.3
2513653;Joca Claudino;PB;88;23;26.1
2504504;Condado;PB;89;36;40.4
2505501;Vista Serrana;PB;59;11;18.6
2508406;Lastro;PB;51;14;27.5
2508802;Malta;PB;73;24;32.9
2510006;Nazarezinho;PB;69;28;40.6
2510907;Paulista;PB;188;133;70.7
2512101;Pombal;PB;555;170;30.6
2503753;Cajazeirinhas;PB;63;16;25.4
2513927;São Bentinho;PB;62;36;58.1
2513968;São Domingos;PB;49;32;65.3
2513208;Santa Cruz;PB;76;19;25
2514206;São José da Lagoa Tapada;PB;87;18;20.7
2516201;Sousa;PB;1033;400;38.7
2517209;Vieirópolis;PB;79;32;40.5
2513984;São Francisco;PB;65;26;40
2500775;Aparecida;PB;130;35;26.9
2509156;Marizópolis;PB;144;74;51.4
2503407;Cacimba de Areia;PB;51;29;56.9
2508703;Mãe d'Água;PB;49;21;42.9
2510709;Passagem;PB;48;23;47.9
2501153;Areia de Baraúnas;PB;38;10;26.3
2510808;Patos;PB;1736;650;37.4
2512606;Quixaba;PB;35;13;37.1
2513802;Santa Teresinha;PB;64;11;17.2
2514404;São José de Espinharas;PB;60;17;28.3
2514602;São José do Bonfim;PB;45;22;48.9
2500205;Aguiar;PB;84;47;56
2502607;Igaracy;PB;75;21;28
2504207;Catingueira;PB;68;37;54.4
2504801;Coremas;PB;209;63;30.1
2505907;Emas;PB;75;27;36
2510204;Nova Olinda;PB;112;55;49.1
2510402;Olho d'Água;PB;96;33;34.4
2511301;Piancó;PB;226;15;6.6
2513604;Santana dos Garrotes;PB;111;48;43.2
2502102;Boa Ventura;PB;81;19;23.5
2504405;Conceição;PB;315;65;20.6
2513356;Santa Inês;PB;52;16;30.8
2505303;Curral Velho;PB;45;17;37.8
2505600;Diamante;PB;100;39;39
2506608;Ibiara;PB;94;54;57.4
2507002;Itaporanga;PB;374;96;25.7
2511004;Pedra Branca;PB;86;29;33.7
2513505;Santana de Mangueira;PB;90;29;32.2
2514305;São José de Caiana;PB;87;23;26.4
2515708;Serra Grande;PB;41;12;29.3
2500106;Água Branca;PB;135;64;47.4
2505402;Desterro;PB;125;85;68
2503555;Cacimbas;PB;141;54;38.3
2506707;Imaculada;PB;146;67;45.9
2508000;Juru;PB;104;40;38.5
2509008;Manaíra;PB;133;46;34.6
2512309;Princesa Isabel;PB;274;107;39.1
2514552;São José de Princesa;PB;42;16;38.1
2516607;Tavares;PB;204;100;49
2516706;Teixeira;PB;219;114;52.1
2509396;Maturéia;PB;81;45;55.6
2507804;Junco do Seridó;PB;114;19;16.7
2513000;Salgadinho;PB;62;22;35.5
2513406;Santa Luzia;PB;232;98;42.2
2514701;São José do Sabugi;PB;70;41;58.6
2514909;São Mamede;PB;107;29;27.1
2517100;Várzea;PB;43;11;25.6
2505006;Cubati;PB;107;42;39.3
2506202;Frei Martinho;PB;34;13;38.2
2507705;Juazeirinho;PB;247;88;35.6
2516755;Tenório;PB;67;20;29.9
2501351;Assunção;PB;81;41;50.6
2510303;Nova Palmeira;PB;60;31;51.7
2511103;Pedra Lavrada;PB;123;66;53.7
2511400;Picuí;PB;313;57;18.2
2501534;Baraúna;PB;71;29;40.8
2515401;São Vicente do Seridó;PB;196;106;54.1
2503902;Camalaú;PB;100;36;36
2504702;Congo;PB;91;38;41.8
2508505;Livramento;PB;128;34;26.6
2509701;Monteiro;PB;608;233;38.3
2510600;Ouro Velho;PB;47;24;51.1
2512200;Prata;PB;73;34;46.6
2514107;São João do Tigre;PB;74;14;18.9
2514800;São José dos Cordeiros;PB;57;32;56.1
2510659;Parari;PB;40;17;42.5
2515203;São Sebastião do Umbuzeiro;PB;57;22;38.6
2517407;Zabelê;PB;48;29;60.4
2515500;Serra Branca;PB;214;56;26.2
2504850;Coxixola;PB;35;24;68.6
2516300;Sumé;PB;239;41;17.2
2500734;Amparo;PB;43;14;32.6
2516508;Taperoá;PB;277;186;67.1
2501708;Barra de São Miguel;PB;141;68;48.2
2502508;Boqueirão;PB;264;75;28.4
2500536;Alcantil;PB;99;62;62.6
2512788;Riacho de Santo Antônio;PB;51;25;49
2501575;Barra de Santana;PB;132;39;29.5
2504355;Caturité;PB;105;31;29.5
2503100;Cabaceiras;PB;102;72;70.6
2513943;São Domingos do Cariri;PB;48;22;45.8
2506509;Gurjão;PB;57;25;43.9
2513851;Santo André;PB;45;22;48.9
2514008;São João do Cariri;PB;105;70;66.7
2504074;Caraúbas;PB;92;40;43.5
2500908;Arara;PB;222;117;52.7
2501609;Barra de Santa Rosa;PB;190;74;38.9
2505352;Damião;PB;96;31;32.3
2505105;Cuité;PB;332;148;44.6
2516151;Sossêgo;PB;62;35;56.5
2510105;Nova Floresta;PB;122;55;45.1
2510501;Olivedos;PB;68;36;52.9
2512002;Pocinhos;PB;299;162;54.2
2500577;Algodão de Jandaíra;PB;45;17;37.8
2512705;Remígio;PB;286;110;38.5
2516102;Soledade;PB;203;93;45.8
2512747;Riachão;PB;59;22;37.3
2503506;Cacimba de Dentro;PB;207;58;28
2505709;Dona Inês;PB;131;23;17.6
2516003;Solânea;PB;380;48;12.6
2504157;Casserengue;PB;93;17;18.3
2516409;Tacima;PB;148;58;39.2
2501203;Areial;PB;142;55;38.7
2506004;Esperança;PB;529;227;42.9
2509503;Montadas;PB;93;52;55.9
2515104;São Sebastião de Lagoa de Roça;PB;148;76;51.4
2500304;Alagoa Grande;PB;352;113;32.1
2500403;Alagoa Nova;PB;357;187;52.4
2509339;Matinhas;PB;110;61;55.5
2501104;Areia;PB;447;180;40.3
2501500;Bananeiras;PB;449;156;34.7
2502706;Borborema;PB;94;31;33
2511608;Pilões;PB;122;55;45.1
2515906;Serraria;PB;74;40;54.1
2500502;Alagoinha;PB;225;129;57.3
2500809;Araçagi;PB;286;50;17.5
2501906;Belém;PB;256;32;12.5
2503605;Caiçara;PB;123;39;31.7
2508554;Logradouro;PB;75;37;49.3
2505204;Cuitegi;PB;105;24;22.9
2505808;Duas Estradas;PB;82;28;34.1
2515930;Sertãozinho;PB;106;45;42.5
2506301;Guarabira;PB;1010;271;26.8
2508208;Lagoa de Dentro;PB;155;32;20.6
2509800;Mulungu;PB;180;153;85
2511707;Pilõezinhos;PB;78;25;32.1
2511806;Pirpirituba;PB;143;52;36.4
2515609;Serra da Raiz;PB;73;38;52.1
2504009;Campina Grande;PB;6293;1853;29.4
2502151;Boa Vista;PB;96;46;47.9
2506103;Fagundes;PB;211;56;26.5
2508307;Lagoa Seca;PB;382;153;40.1
2509206;Massaranduba;PB;208;48;23.1
2512408;Puxinanã;PB;258;148;57.4
2512507;Queimadas;PB;687;346;50.4
2515807;Serra Redonda;PB;143;73;51
2503803;Caldas Brandão;PB;131;44;33.6
2506400;Gurinhém;PB;282;110;39
2506806;Ingá;PB;318;175;55
2512754;Riachão do Bacamarte;PB;123;96;78
2506905;Itabaiana;PB;450;145;32.2
2507200;Itatuba;PB;157;89;56.7
2507606;Juarez Távora;PB;148;57;38.5
2509404;Mogeiro;PB;192;114;59.4
2513109;Salgado de São Félix;PB;227;113;49.8
2501302;Aroeiras;PB;338;127;37.6
2506251;Gado Bravo;PB;144;54;37.5
2509909;Natuba;PB;216;149;69
2517001;Umbuzeiro;PB;199;132;66.3
2513158;Santa Cecília;PB;99;38;38.4
2501401;Baía da Traição;PB;246;218;88.6
2507101;Itapororoca;PB;352;126;35.8
2507309;Jacaraú;PB;247;82;33.2
2512721;Pedro Régis;PB;79;32;40.5
2508901;Mamanguape;PB;668;122;18.3
2505279;Curral de Cima;PB;94;31;33
2504033;Capim;PB;122;23;18.9
2505238;Cuité de Mamanguape;PB;120;83;69.2
2509305;Mataraca;PB;164;81;49.4
2512903;Rio Tinto;PB;378;190;50.3
2509057;Marcação;PB;267;195;73
2504900;Cruz do Espírito Santo;PB;293;186;63.5
2507903;Juripiranga;PB;180;45;25
2509107;Mari;PB;373;182;48.8
2511509;Pilar;PB;213;85;39.9
2514453;São José dos Ramos;PB;137;89;65
2515005;São Miguel de Taipu;PB;128;77;60.2
2515302;Sapé;PB;653;252;38.6
2512762;Riachão do Poço;PB;86;40;46.5
2515971;Sobrado;PB;153;63;41.2
2501807;Bayeux;PB;1243;532;42.8
2503209;Cabedelo;PB;818;65;7.9
2504603;Conde;PB;545;100;18.3
2507507;João Pessoa;PB;9936;3436;34.6
2508604;Lucena;PB;257;99;38.5
2513703;Santa Rita;PB;1709;425;24.9
2500601;Alhandra;PB;447;227;50.8
2503001;Caaporã;PB;299;129;43.1
2511202;Pedras de Fogo;PB;393;281;71.5
2511905;Pitimbu;PB;259;130;50.2
2601102;Araripina;PE;1013;389;38.4
2602001;Bodocó;PE;438;161;36.8
2605301;Exu;PE;432;138;31.9
2606309;Granito;PE;107;31;29
2607307;Ipubi;PE;437;263;60.2
2609907;Ouricuri;PE;757;268;35.4
2612554;Santa Filomena;PE;145;83;57.2
2612455;Santa Cruz;PE;236;143;60.6
2614303;Moreilândia;PE;149;71;47.7
2615607;Trindade;PE;400;239;59.8
2604304;Cedro;PE;168;78;46.4
2609303;Mirandiba;PE;172;91;52.9
2603926;Carnaubeira da Penha;PE;481;455;94.6
2610400;Parnamirim;PE;220;61;27.7
2612208;Salgueiro;PE;849;248;29.2
2613503;São José do Belmonte;PE;397;170;42.8
2614006;Serrita;PE;224;105;46.9
2616100;Verdejante;PE;112;44;39.3
2600104;Afogados da Ingazeira;PE;470;207;44
2602506;Brejinho;PE;87;49;56.3
2603405;Calumbi;PE;72;31;43.1
2603900;Carnaíba;PE;291;130;44.7
2605608;Flores;PE;226;118;52.2
2606903;Iguaracy;PE;146;100;68.5
2607109;Ingazeira;PE;67;48;71.6
2607703;Itapetim;PE;157;34;21.7
2611533;Quixaba;PE;136;52;38.2
2612471;Santa Cruz da Baixa Verde;PE;156;78;50
2615706;Triunfo;PE;212;80;37.7
2612802;Santa Terezinha;PE;147;71;48.3
2613602;São José do Egito;PE;409;198;48.4
2613909;Serra Talhada;PE;1127;465;41.3
2614402;Solidão;PE;97;73;75.3
2614600;Tabira;PE;338;148;43.8
2615904;Tuparetama;PE;119;70;58.8
2601201;Arcoverde;PE;937;318;33.9
2601805;Betânia;PE;163;81;49.7
2605103;Custódia;PE;716;501;70
2606606;Ibimirim;PE;343;177;51.6
2607000;Inajá;PE;367;258;70.3
2609154;Manari;PE;258;129;50
2614105;Sertânia;PE;388;93;24
2600203;Afrânio;PE;223;90;40.4
2603009;Cabrobó;PE;600;436;72.7
2605152;Dormentes;PE;187;64;34.2
2609808;Orocó;PE;248;152;61.3
2611101;Petrolina;PE;5131;2385;46.5
2612604;Santa Maria da Boa Vista;PE;683;352;51.5
2608750;Lagoa Grande;PE;353;252;71.4
2615201;Terra Nova;PE;112;34;30.4
2601607;Belém do São Francisco;PE;268;89;33.2
2605707;Floresta;PE;699;316;45.2
2607406;Itacuruba;PE;171;121;70.8
2611002;Petrolândia;PE;542;315;58.1
2608057;Jatobá;PE;352;212;60.2
2614808;Tacaratu;PE;482;375;77.8
2600500;Águas Belas;PE;479;245;51.1
2602803;Buíque;PE;609;372;61.1
2607505;Itaíba;PE;354;135;38.1
2610806;Pedra;PE;256;103;40.2
2615805;Tupanatinga;PE;237;94;39.7
2616001;Venturosa;PE;235;75;31.9
2600609;Alagoinha;PE;158;115;72.8
2601706;Belo Jardim;PE;1099;409;37.2
2601904;Bezerros;PE;667;223;33.4
2602605;Brejo da Madre de Deus;PE;521;15;2.9
2603108;Cachoeirinha;PE;218;61;28
2603801;Capoeiras;PE;221;184;83.3
2604106;Caruaru;PE;4216;1230;29.2
2606408;Gravatá;PE;870;272;31.3
2608008;Jataúba;PE;226;115;50.9
2610905;Pesqueira;PE;1027;460;44.8
2611200;Poção;PE;139;57;41
2611705;Riacho das Almas;PE;341;150;44
2612406;Sanharó;PE;278;91;32.7
2613008;São Bento do Una;PE;550;320;58.2
2613107;São Caitano;PE;488;238;48.8
2614709;Tacaimbó;PE;173;64;37
2605806;Frei Miguelinho;PE;180;76;42.2
2612505;Santa Cruz do Capibaribe;PE;1297;414;31.9
2612703;Santa Maria do Cambucá;PE;151;22;14.6
2614501;Surubim;PE;772;101;13.1
2604155;Casinhas;PE;198;97;49
2615003;Taquaritinga do Norte;PE;302;75;24.8
2615409;Toritama;PE;453;98;21.6
2616183;Vertente do Lério;PE;124;73;58.9
2616209;Vertentes;PE;243;100;41.2
2602209;Bom Jardim;PE;405;246;60.7
2604908;Cumaru;PE;219;121;55.3
2610509;Passira;PE;330;174;52.7
2605400;Feira Nova;PE;237;85;35.9
2608107;João Alfredo;PE;415;235;56.6
2608909;Limoeiro;PE;817;263;32.2
2609105;Machados;PE;163;67;41.1
2609709;Orobó;PE;354;43;12.1
2612109;Salgadinho;PE;78;48;61.5
2613800;São Vicente Férrer;PE;223;106;47.5
2601003;Angelim;PE;118;85;72
2602100;Bom Conselho;PE;526;156;29.7
2602407;Brejão;PE;125;53;42.4
2603207;Caetés;PE;352;245;69.6
2603306;Calçado;PE;132;87;65.9
2603702;Canhotinho;PE;308;197;64
2604700;Correntes;PE;193;102;52.8
2606002;Garanhuns;PE;1812;338;18.7
2606507;Iati;PE;238;136;57.1
2608255;Jucati;PE;186;129;69.4
2608305;Jupi;PE;239;143;59.8
2608404;Jurema;PE;191;98;51.3
2608602;Lagoa do Ouro;PE;150;71;47.3
2608800;Lajedo;PE;672;323;48.1
2610103;Palmeirina;PE;95;47;49.5
2610301;Paranatama;PE;172;68;39.5
2612307;Saloá;PE;207;125;60.4
2613206;São João;PE;244;146;59.8
2615102;Terezinha;PE;82;67;81.7
2600302;Agrestina;PE;317;131;41.3
2600807;Altinho;PE;270;135;50
2601300;Barra de Guabiraba;PE;94;37;39.4
2602308;Bonito;PE;481;196;40.7
2603504;Camocim de São Félix;PE;227;36;15.9
2605004;Cupira;PE;323;131;40.6
2606705;Ibirajuba;PE;93;32;34.4
2608701;Lagoa dos Gatos;PE;177;70;39.5
2610202;Panelas;PE;354;222;62.7
2612000;Sairé;PE;135;38;28.1
2613305;São Joaquim do Monte;PE;193;64;33.2
2600708;Aliança;PE;604;358;59.3
2602704;Buenos Aires;PE;159;86;54.1
2603603;Camutanga;PE;94;41;43.6
2604007;Carpina;PE;1145;288;25.2
2604601;Condado;PE;254;96;37.8
2605509;Ferreiros;PE;114;21;18.4
2606200;Goiana;PE;1217;317;26
2607653;Itambé;PE;332;152;45.8
2607802;Itaquitinga;PE;184;84;45.7
2608453;Lagoa do Carro;PE;210;130;61.9
2608503;Lagoa de Itaenga;PE;275;76;27.6
2609006;Macaparana;PE;341;134;39.3
2609501;Nazaré da Mata;PE;375;122;32.5
2610608;Paudalho;PE;821;445;54.2
2615300;Timbaúba;PE;640;186;29.1
2615508;Tracunhaém;PE;163;99;60.7
2616308;Vicência;PE;329;184;55.9
2604403;Chã de Alegria;PE;179;117;65.4
2604502;Chã Grande;PE;315;93;29.5
2606101;Glória do Goitá;PE;351;200;57
2611309;Pombos;PE;292;51;17.5
2616407;Vitória de Santo Antão;PE;1723;357;20.7
2600401;Água Preta;PE;347;207;59.7
2616506;Xexéu;PE;207;141;68.1
2600906;Amaraji;PE;250;130;52
2601409;Barreiros;PE;554;234;42.2
2601508;Belém de Maria;PE;164;115;70.1
2604205;Catende;PE;430;174;40.5
2604809;Cortês;PE;146;56;38.4
2605202;Escada;PE;739;241;32.6
2605905;Gameleira;PE;283;157;55.5
2608206;Joaquim Nabuco;PE;169;64;37.9
2609204;Maraial;PE;144;121;84
2607950;Jaqueira;PE;140;63;45
2610004;Palmares;PE;754;382;50.7
2611408;Primavera;PE;159;81;50.9
2611507;Quipapá;PE;209;78;37.3
2611804;Ribeirão;PE;473;171;36.2
2614857;Tamandaré;PE;309;142;46
2611903;Rio Formoso;PE;305;188;61.6
2612901;São Benedito do Sul;PE;149;81;54.4
2613404;São José da Coroa Grande;PE;284;109;38.4
2614204;Sirinhaém;PE;446;253;56.7
2606804;Igarassu;PE;1195;536;44.9
2601052;Araçoiaba;PE;247;142;57.5
2607604;Ilha de Itamaracá;PE;226;53;23.5
2607752;Itapissuma;PE;273;123;45.1
2600054;Abreu e Lima;PE;946;48;5.1
2603454;Camaragibe;PE;1600;330;20.6
2611606;Recife;PE;16788;1759;10.5
2607901;Jaboatão dos Guararapes;PE;6403;804;12.6
2609402;Moreno;PE;539;228;42.3
2609600;Olinda;PE;3819;733;19.2
2610707;Paulista;PE;2964;372;12.6
2613701;São Lourenço da Mata;PE;1374;584;42.5
2602902;Cabo de Santo Agostinho;PE;2462;673;27.3
2607208;Ipojuca;PE;1412;535;37.9
2605459;Fernando de Noronha;PE;27;5;18.5
2700102;Água Branca;AL;291;124;42.6
2701605;Canapi;AL;427;385;90.2
2703304;Inhapi;AL;339;235;69.3
2705002;Mata Grande;AL;337;212;62.9
2706422;Pariconha;AL;181;63;34.8
2702405;Delmiro Gouveia;AL;774;181;23.4
2705804;Olho d'Água do Casado;AL;131;64;48.9
2707107;Piranhas;AL;450;192;42.7
2701803;Carneiros;AL;139;88;63.3
2702504;Dois Riachos;AL;243;212;87.2
2704609;Maravilha;AL;186;118;63.4
2706109;Ouro Branco;AL;216;116;53.7
2706208;Palestina;AL;82;59;72
2706406;Pão de Açúcar;AL;369;270;73.2
2707206;Poço das Trincheiras;AL;210;46;21.9
2708006;Santana do Ipanema;AL;765;425;55.6
2708402;São José da Tapera;AL;528;282;53.4
2708956;Senador Rui Palmeira;AL;231;145;62.8
2700706;Batalha;AL;329;206;62.6
2700904;Belo Monte;AL;132;77;58.3
2703403;Jacaré dos Homens;AL;131;109;83.2
2703700;Jaramataia;AL;102;82;80.4
2704401;Major Isidoro;AL;420;333;79.3
2705408;Monteirópolis;AL;175;134;76.6
2705705;Olho d'Água das Flores;AL;303;35;11.6
2706000;Olivença;AL;187;97;51.9
2700805;Belém;AL;98;52;53.1
2701209;Cacimbinhas;AL;204;131;64.2
2702553;Estrela de Alagoas;AL;263;181;68.8
2703106;Igaci;AL;353;174;49.3
2704807;Maribondo;AL;201;110;54.7
2704906;Mar Vermelho;AL;55;30;54.5
2705309;Minador do Negrão;AL;97;59;60.8
2706307;Palmeira dos Índios;AL;1213;442;36.4
2706604;Paulo Jacinto;AL;101;86;85.1
2707602;Quebrangulo;AL;168;90;53.6
2709004;Tanque d'Arca;AL;106;68;64.2
2700300;Arapiraca;AL;3105;1296;41.7
2701506;Campo Grande;AL;222;123;55.4
2702009;Coité do Nóia;AL;162;141;87
2702355;Craíbas;AL;489;365;74.6
2702603;Feira Grande;AL;349;215;61.6
2702900;Girau do Ponciano;AL;998;784;78.6
2704104;Lagoa da Canoa;AL;371;280;75.5
2704203;Limoeiro de Anadia;AL;645;427;66.2
2708808;São Sebastião;AL;495;366;73.9
2709103;Taquarana;AL;387;277;71.6
2705903;Olho d'Água Grande;AL;138;95;68.8
2708204;São Brás;AL;115;51;44.3
2709202;Traipu;AL;519;317;61.1
2701902;Chã Preta;AL;95;65;68.4
2703007;Ibateguara;AL;202;81;40.1
2707008;Pindoba;AL;46;30;65.2
2708105;Santana do Mundaú;AL;207;115;55.6
2708303;São José da Laje;AL;287;242;84.3
2709301;União dos Palmares;AL;839;521;62.1
2709400;Viçosa;AL;367;200;54.5
2700409;Atalaia;AL;553;279;50.5
2701100;Branquinha;AL;185;146;78.9
2701308;Cajueiro;AL;200;134;67
2701704;Capela;AL;264;159;60.2
2702108;Colônia Leopoldina;AL;248;116;46.8
2702801;Flexeiras;AL;119;78;65.5
2703502;Jacuípe;AL;112;86;76.8
2703809;Joaquim Gomes;AL;315;165;52.4
2701357;Campestre;AL;110;59;53.6
2703908;Jundiá;AL;99;83;83.8
2705101;Matriz de Camaragibe;AL;342;262;76.6
2705200;Messias;AL;226;139;61.5
2705507;Murici;AL;446;284;63.7
2705606;Novo Lino;AL;250;195;78
2707305;Porto Calvo;AL;405;289;71.4
2708501;São Luís do Quitunde;AL;362;213;58.8
2706505;Passo de Camaragibe;AL;235;167;71.1
2700508;Barra de Santo Antônio;AL;212;119;56.1
2703601;Japaratinga;AL;160;127;79.4
2704500;Maragogi;AL;452;240;53.1
2707404;Porto de Pedras;AL;155;97;62.6
2708709;São Miguel dos Milagres;AL;172;80;46.5
2700607;Barra de São Miguel;AL;146;71;48.6
2702207;Coqueiro Seco;AL;82;58;70.7
2704302;Maceió;AL;10603;2373;22.4
2704708;Marechal Deodoro;AL;669;435;65
2707701;Rio Largo;AL;1328;425;32
2706448;Paripueira;AL;159;112;70.4
2706901;Pilar;AL;666;416;62.5
2707909;Santa Luzia do Norte;AL;122;92;75.4
2708907;Satuba;AL;314;177;56.4
2700201;Anadia;AL;261;148;56.7
2701001;Boca da Mata;AL;409;254;62.1
2701407;Campo Alegre;AL;712;558;78.4
2702306;Coruripe;AL;846;526;62.2
2706703;Penedo;AL;1093;593;54.3
2703759;Jequiá da Praia;AL;158;110;69.6
2704005;Junqueiro;AL;364;223;61.3
2707800;Roteiro;AL;97;34;35.1
2708600;São Miguel dos Campos;AL;743;320;43.1
2709152;Teotônio Vilela;AL;782;441;56.4
2702702;Feliz Deserto;AL;84;47;56
2703205;Igreja Nova;AL;342;187;54.7
2706802;Piaçabuçu;AL;238;133;55.9
2707503;Porto Real do Colégio;AL;286;100;35
2801207;Canindé de São Francisco;SE;550;241;43.8
2802205;Feira Nova;SE;70;36;51.4
2802403;Gararu;SE;208;118;56.7
2802601;Graccho Cardoso;SE;93;19;20.4
2803104;Itabi;SE;104;38;36.5
2804201;Monte Alegre de Sergipe;SE;190;68;35.8
2804508;Nossa Senhora da Glória;SE;576;158;27.4
2805406;Poço Redondo;SE;437;208;47.6
2805604;Porto da Folha;SE;493;299;60.6
2801405;Carira;SE;328;44;13.4
2802304;Frei Paulo;SE;181;48;26.5
2804458;Nossa Senhora Aparecida;SE;106;41;38.7
2805000;Pedra Mole;SE;49;21;42.9
2805208;Pinhão;SE;94;37;39.4
2806008;Ribeirópolis;SE;264;92;34.8
2800209;Aquidabã;SE;406;180;44.3
2801900;Cumbe;SE;47;20;42.6
2803807;Malhada dos Bois;SE;92;47;51.1
2804300;Muribeca;SE;158;54;34.2
2804607;Nossa Senhora das Dores;SE;365;150;41.1
2807006;São Miguel do Aleixo;SE;48;14;29.2
2800506;Areia Branca;SE;264;108;40.9
2801009;Campo do Brito;SE;249;83;33.3
2802908;Itabaiana;SE;1286;361;28.1
2803708;Macambira;SE;93;36;38.7
2803906;Malhador;SE;203;89;43.8
2804102;Moita Bonita;SE;219;115;52.5
2806800;São Domingos;SE;117;19;16.2
2805505;Poço Verde;SE;292;86;29.5
2807105;Simão Dias;SE;698;324;46.4
2807402;Tobias Barreto;SE;678;102;15
2803500;Lagarto;SE;1480;431;29.1
2805802;Riachão do Dantas;SE;291;87;29.9
2800100;Amparo do São Francisco;SE;47;35;74.5
2800704;Brejo Grande;SE;204;180;88.2
2801108;Canhoba;SE;81;42;51.9
2801603;Cedro de São João;SE;93;46;49.5
2802700;Ilha das Flores;SE;154;113;73.4
2804409;Neópolis;SE;367;158;43.1
2804706;Nossa Senhora de Lourdes;SE;135;37;27.4
2805703;Propriá;SE;385;78;20.3
2806404;Santana do São Francisco;SE;118;48;40.7
2807303;Telha;SE;55;32;58.2
2801306;Capela;SE;485;206;42.5
2802007;Divina Pastora;SE;79;28;35.4
2806503;Santa Rosa de Lima;SE;90;36;40
2807204;Siriri;SE;108;59;54.6
2803302;Japaratuba;SE;287;135;47
2803401;Japoatã;SE;249;121;48.6
2804904;Pacatuba;SE;217;149;68.7
2805307;Pirambu;SE;165;65;39.4
2806909;São Francisco;SE;49;12;24.5
2801504;Carmópolis;SE;257;82;31.9
2802502;General Maynard;SE;43;26;60.5
2803609;Laranjeiras;SE;474;69;14.6
2804003;Maruim;SE;220;101;45.9
2805901;Riachuelo;SE;130;56;43.1
2806107;Rosário do Catete;SE;150;69;46
2806602;Santo Amaro das Brotas;SE;174;73;42
2800308;Aracaju;SE;7878;1792;22.7
2800605;Barra dos Coqueiros;SE;483;114;23.6
2804805;Nossa Senhora do Socorro;SE;2225;943;42.4
2806701;São Cristóvão;SE;1042;332;31.9
2800407;Arauá;SE;187;104;55.6
2800670;Boquim;SE;406;177;43.6
2801702;Cristinápolis;SE;300;114;38
2803005;Itabaianinha;SE;629;319;50.7
2805109;Pedrinhas;SE;149;73;49
2806206;Salgado;SE;344;97;28.2
2807501;Tomar do Geru;SE;186;86;46.2
2807600;Umbaúba;SE;465;212;45.6
2802106;Estância;SE;916;174;19
2802809;Indiaroba;SE;366;167;45.6
2803203;Itaporanga d'Ajuda;SE;451;195;43.2
2806305;Santa Luzia do Itanhy;SE;264;137;51.9
2902500;Baianópolis;BA;189;51;27
2903201;Barreiras;BA;2123;747;35.2
2919553;Luís Eduardo Magalhães;BA;1340;561;41.9
2907400;Catolândia;BA;52;9;17.3
2911105;Formosa do Rio Preto;BA;444;29;6.5
2926202;Riachão das Neves;BA;341;47;13.8
2928901;São Desidério;BA;383;173;45.2
2901403;Angical;BA;176;17;9.7
2904407;Brejolândia;BA;168;17;10.1
2909406;Cotegipe;BA;196;83;42.3
2909703;Cristópolis;BA;160;14;8.8
2920452;Mansidão;BA;190;9;4.7
2928406;Santa Rita de Cássia;BA;447;91;20.4
2930907;Tabocas do Brejo Velho;BA;380;52;13.7
2933455;Wanderley;BA;180;81;45
2906105;Canápolis;BA;207;0;0
2908101;Cocos;BA;358;85;23.7
2909109;Coribe;BA;188;4;2.1
2909307;Correntina;BA;475;157;33.1
2917359;Jaborandi;BA;170;73;42.9
2928109;Santa Maria da Vitória;BA;543;120;22.1
2928208;Santana;BA;333;78;23.4
2929057;São Félix do Coribe;BA;321;144;44.9
2930303;Serra Dourada;BA;268;16;6
2905909;Campo Alegre de Lourdes;BA;483;161;33.3
2907202;Casa Nova;BA;869;221;25.4
2909901;Curaçá;BA;551;259;47
2900207;Abaré;BA;321;153;47.7
2918407;Juazeiro;BA;3091;1121;36.3
2930774;Sobradinho;BA;335;158;47.2
2924405;Pilão Arcado;BA;516;143;27.7
2926004;Remanso;BA;609;234;38.4
2930204;Sento Sé;BA;536;114;21.3
2907707;Chorrochó;BA;244;120;49.2
2911402;Glória;BA;208;90;43.3
2919900;Macururé;BA;218;137;62.8
2924009;Paulo Afonso;BA;1389;497;35.8
2927101;Rodelas;BA;172;104;60.5
2902708;Barra;BA;748;121;16.2
2904753;Buritirama;BA;345;142;41.2
2913200;Ibotirama;BA;424;51;12
2915353;Itaguaçu da Bahia;BA;271;175;64.6
2921609;Morpará;BA;122;53;43.4
2922250;Muquém do São Francisco;BA;208;67;32.2
2933604;Xique-Xique;BA;913;309;33.8
2903904;Bom Jesus da Lapa;BA;1035;295;28.5
2907103;Carinhanha;BA;404;51;12.6
2910776;Feira da Mata;BA;125;29;23.2
2923704;Paratinga;BA;575;181;31.5
2930154;Serra do Ramalho;BA;659;290;44
2930758;Sítio do Mato;BA;346;181;52.3
2901353;Andorinha;BA;307;154;50.2
2901809;Antônio Gonçalves;BA;234;100;42.7
2906006;Campo Formoso;BA;933;21;2.3
2932457;Umburanas;BA;220;66;30
2910859;Filadélfia;BA;348;153;44
2917003;Itiúba;BA;577;130;22.5
2917706;Jaguarari;BA;498;133;26.7
2924603;Pindobaçu;BA;479;326;68.1
2930105;Senhor do Bonfim;BA;1282;309;24.1
2901155;América Dourada;BA;179;39;21.8
2903003;Barra do Mendes;BA;244;124;50.8
2903235;Barro Alto;BA;218;74;33.9
2905305;Cafarnaum;BA;257;65;25.3
2906204;Canarana;BA;420;170;40.5
2907608;Central;BA;272;40;14.7
2911303;Gentio do Ouro;BA;179;75;41.9
2912400;Ibipeba;BA;225;93;41.3
2913101;Ibititá;BA;262;87;33.2
2914406;Iraquara;BA;293;100;34.1
2914604;Irecê;BA;1112;311;28
2918357;João Dourado;BA;392;155;39.5
2918506;Jussara;BA;230;100;43.5
2919157;Lapão;BA;467;256;54.8
2922052;Mulungu do Morro;BA;212;79;37.3
2925600;Presidente Dutra;BA;232;144;62.1
2929255;São Gabriel;BA;273;123;45.1
2930808;Souto Soares;BA;210;107;51
2932408;Uibaí;BA;193;81;42
2905107;Caém;BA;216;79;36.6
2905503;Caldeirão Grande;BA;307;191;62.2
2906873;Capim Grosso;BA;530;192;36.2
2917508;Jacobina;BA;1269;171;13.5
2921203;Miguel Calmon;BA;326;32;9.8
2921401;Mirangaba;BA;353;103;29.2
2921708;Morro do Chapéu;BA;502;154;30.7
2923357;Ourolândia;BA;273;111;40.7
2924801;Piritiba;BA;232;57;24.6
2925253;Ponto Novo;BA;692;475;68.6
2925931;Quixabeira;BA;327;260;79.5
2929370;São José do Jacuípe;BA;173;14;8.1
2929800;Saúde;BA;188;73;38.8
2930600;Serrolândia;BA;142;8;5.6
2933109;Várzea do Poço;BA;125;5;4
2933158;Várzea Nova;BA;176;72;40.9
2902609;Baixa Grande;BA;215;30;14
2903805;Boa Vista do Tupim;BA;288;66;22.9
2911907;Iaçu;BA;405;171;42.2
2912608;Ibiquera;BA;63;43;68.3
2914703;Itaberaba;BA;1073;563;52.5
2919009;Lajedinho;BA;56;17;30.4
2919603;Macajuba;BA;168;58;34.5
2920106;Mairi;BA;243;58;23.9
2922102;Mundo Novo;BA;291;128;44
2927200;Ruy Barbosa;BA;502;242;48.2
2931301;Tapiramutá;BA;223;86;38.6
2933059;Várzea da Roça;BA;246;78;31.7
2900405;Água Fria;BA;201;13;6.5
2901502;Anguera;BA;303;233;76.9
2901700;Antônio Cardoso;BA;159;59;37.1
2908200;Conceição da Feira;BA;273;142;52
2908507;Conceição do Jacuípe;BA;465;101;21.7
2908903;Coração de Maria;BA;358;135;37.7
2910305;Elísio Medrado;BA;189;98;51.9
2910800;Feira de Santana;BA;6362;53;0.8
2913804;Ipecaetá;BA;296;123;41.6
2914000;Ipirá;BA;834;189;22.7
2914505;Irará;BA;574;248;43.2
2916856;Itatim;BA;278;171;61.5
2923308;Ouriçangas;BA;121;20;16.5
2924108;Pedrão;BA;99;33;33.3
2924652;Pintadas;BA;140;33;23.6
2925956;Rafael Jambeiro;BA;298;57;19.1
2927507;Santa Bárbara;BA;392;167;42.6
2928307;Santanópolis;BA;149;44;29.5
2928505;Santa Terezinha;BA;154;65;42.2
2928802;Santo Estêvão;BA;671;220;32.8
2929305;São Gonçalo dos Campos;BA;437;66;15.1
2930402;Serra Preta;BA;274;120;43.8
2931103;Tanquinho;BA;112;65;58
2931400;Teodoro Sampaio;BA;103;49;47.6
2909208;Coronel João Sá;BA;519;296;57
2918100;Jeremoabo;BA;513;123;24
2924207;Pedro Alexandre;BA;255;82;32.2
2927606;Santa Brígida;BA;212;67;31.6
2930766;Sítio do Quinto;BA;221;62;28.1
2906808;Cansanção;BA;960;598;62.3
2906824;Canudos;BA;299;108;36.1
2910701;Euclides da Cunha;BA;866;373;43.1
2921500;Monte Santo;BA;1044;464;44.4
2922656;Nordestina;BA;280;200;71.4
2925808;Queimadas;BA;387;165;42.6
2925907;Quijingue;BA;436;202;46.3
2931905;Tucano;BA;866;233;26.9
2932002;Uauá;BA;529;242;45.7
2900355;Adustina;BA;219;105;47.9
2901601;Antas;BA;240;101;42.1
2902658;Banzaê;BA;320;106;33.1
2907806;Cícero Dantas;BA;516;224;43.4
2907905;Cipó;BA;492;241;49
2910750;Fátima;BA;456;283;62.1
2911857;Heliópolis;BA;233;61;26.2
2916500;Itapicuru;BA;516;229;44.4
2922904;Nova Soure;BA;401;110;27.4
2923050;Novo Triunfo;BA;236;68;28.8
2923100;Olindina;BA;366;111;30.3
2913705;Inhambupe;BA;686;131;19.1
2923803;Paripiranga;BA;425;49;11.5
2926509;Ribeira do Amparo;BA;266;63;23.7
2926608;Ribeira do Pombal;BA;1125;534;47.5
2902104;Araci;BA;919;368;40
2903607;Biritinga;BA;292;126;43.2
2906402;Candeal;BA;118;13;11
2906857;Capela do Alto Alegre;BA;165;44;26.7
2908408;Conceição do Coité;BA;1035;235;22.7
2911253;Gavião;BA;110;30;27.3
2913309;Ichu;BA;121;24;19.8
2919108;Lamarão;BA;130;54;41.5
2922730;Nova Fátima;BA;138;33;23.9
2924058;Pé de Serra;BA;313;15;4.8
2926103;Retirolândia;BA;256;92;35.9
2926301;Riachão do Jacuípe;BA;459;105;22.9
2928000;Santaluz;BA;570;260;45.6
2928950;São Domingos;BA;163;76;46.6
2930501;Serrinha;BA;1491;437;29.3
2903276;Barrocas;BA;326;158;48.5
2931509;Teofilândia;BA;334;75;22.5
2933000;Valente;BA;491;202;41.1
2900306;Acajutiba;BA;243;59;24.3
2900702;Alagoinhas;BA;1729;285;16.5
2901908;Aporá;BA;303;0;0
2902054;Araçás;BA;263;196;74.5
2902203;Aramari;BA;246;170;69.1
2909604;Crisópolis;BA;288;66;22.9
2927002;Rio Real;BA;643;225;35
2929701;Sátiro Dias;BA;358;106;29.6
2907004;Cardeal da Silva;BA;181;78;43.1
2908606;Conde;BA;356;55;15.4
2910503;Entre Rios;BA;624;106;17
2910602;Esplanada;BA;479;72;15
2917904;Jandaíra;BA;195;78;40
2901106;Amélia Rodrigues;BA;295;82;27.8
2907509;Catu;BA;704;193;27.4
2915908;Itanagra;BA;113;64;56.6
2921005;Mata de São João;BA;841;177;21
2925204;Pojuca;BA;559;294;52.6
2929503;São Sebastião do Passé;BA;593;236;39.8
2931707;Terra Nova;BA;182;97;53.3
2902302;Aratuípe;BA;134;28;20.9
2904852;Cabaceiras do Paraguaçu;BA;308;81;26.3
2904902;Cachoeira;BA;411;113;27.5
2907301;Castro Alves;BA;503;193;38.4
2908309;Conceição do Almeida;BA;253;83;32.8
2909802;Cruz das Almas;BA;879;103;11.7
2910206;Dom Macedo Costa;BA;80;62;77.5
2911600;Governador Mangabeira;BA;413;129;31.2
2917805;Jaguaripe;BA;310;120;38.7
2920601;Maragogipe;BA;522;174;33.3
2922201;Muniz Ferreira;BA;97;21;21.6
2922300;Muritiba;BA;390;108;27.7
2922508;Nazaré;BA;384;82;21.4
2927309;Salinas da Margarida;BA;257;55;21.4
2928604;Santo Amaro;BA;837;281;33.6
2928703;Santo Antônio de Jesus;BA;1415;401;28.3
2929008;São Félix;BA;187;50;26.7
2929107;São Felipe;BA;420;173;41.2
2929602;Sapeaçu;BA;442;162;36.7
2929750;Saubara;BA;195;113;57.9
2933174;Varzedo;BA;137;6;4.4
2905701;Camaçari;BA;3366;290;8.6
2906501;Candeias;BA;889;14;1.6
2910057;Dias d'Ávila;BA;1014;264;26
2916104;Itaparica;BA;367;216;58.9
2919207;Lauro de Freitas;BA;2613;669;25.6
2919926;Madre de Deus;BA;245;80;32.7
2927408;Salvador;BA;25006;3324;13.3
2929206;São Francisco do Conde;BA;444;51;11.5
2930709;Simões Filho;BA;1303;292;22.4
2933208;Vera Cruz;BA;523;282;53.9
2904100;Boquira;BA;343;74;21.6
2904209;Botuporã;BA;216;136;63
2904506;Brotas de Macaúbas;BA;168;82;48.8
2907558;Caturama;BA;209;161;77
2912509;Ibipitanga;BA;268;129;48.1
2913002;Ibitiara;BA;181;70;38.7
2914109;Ipupiara;BA;173;84;48.6
2919801;Macaúbas;BA;651;89;13.7
2923035;Novo Horizonte;BA;227;134;59
2923209;Oliveira dos Brejinhos;BA;289;95;32.9
2931053;Tanque Novo;BA;280;101;36.1
2900108;Abaíra;BA;109;37;33.9
2901304;Andaraí;BA;189;36;19
2902807;Barra da Estiva;BA;341;110;32.3
2904001;Boninal;BA;169;71;42
2921906;Mucugê;BA;174;40;23
2904050;Bonito;BA;288;159;55.2
2908804;Contendas do Sincorá;BA;61;0;0
2912202;Ibicoara;BA;345;156;45.2
2915007;Itaeté;BA;215;107;49.8
2918605;Jussiape;BA;116;25;21.6
2919306;Lençóis;BA;174;59;33.9
2922854;Nova Redenção;BA;122;19;15.6
2923506;Palmeiras;BA;165;38;23
2924306;Piatã;BA;327;161;49.2
2926707;Rio de Contas;BA;166;73;44
2929909;Seabra;BA;667;259;38.8
2932804;Utinga;BA;244;15;6.1
2933406;Wagner;BA;134;29;21.6
2900603;Aiquara;BA;88;24;27.3
2901007;Amargosa;BA;526;114;21.7
2901957;Apuarema;BA;125;30;24
2904308;Brejões;BA;206;64;31.1
2909505;Cravolândia;BA;100;22;22
2914208;Irajuba;BA;93;29;31.2
2914307;Iramaia;BA;155;40;25.8
2915106;Itagi;BA;215;100;46.5
2916708;Itaquara;BA;112;64;57.1
2916906;Itiruçu;BA;184;57;31
2917607;Jaguaquara;BA;646;260;40.2
2918001;Jequié;BA;1858;564;30.4
2918209;Jiquiriçá;BA;280;159;56.8
2918308;Jitaúna;BA;355;258;72.7
2918704;Lafaiete Coutinho;BA;93;75;80.6
2918803;Laje;BA;241;118;49
2919058;Lajedo do Tabocal;BA;167;0;0
2920502;Maracás;BA;357;179;50.1
2920809;Marcionílio Souza;BA;180;110;61.1
2921302;Milagres;BA;136;5;3.7
2922409;Mutuípe;BA;227;41;18.1
2922805;Nova Itarana;BA;165;99;60
2924900;Planaltino;BA;153;109;71.2
2927903;Santa Inês;BA;285;120;42.1
2929404;São Miguel das Matas;BA;170;44;25.9
2932101;Ubaíra;BA;293;132;45.1
2900504;Érico Cardoso;BA;217;79;36.4
2910107;Dom Basílio;BA;187;40;21.4
2919504;Livramento de Nossa Senhora;BA;662;217;32.8
2923605;Paramirim;BA;380;170;44.7
2926905;Rio do Pires;BA;259;128;49.4
2905008;Caculé;BA;369;117;31.7
2905206;Caetité;BA;752;214;28.5
2906600;Candiba;BA;160;37;23.1
2911709;Guanambi;BA;1087;144;13.2
2912004;Ibiassucê;BA;164;74;45.1
2913408;Igaporã;BA;262;75;28.6
2917334;Iuiu;BA;169;76;45
2917409;Jacaraci;BA;304;176;57.9
2918753;Lagoa Real;BA;238;65;27.3
2919405;Licínio de Almeida;BA;331;221;66.8
2920205;Malhada;BA;271;157;57.9
2921054;Matina;BA;233;121;51.9
2921807;Mortugaba;BA;205;111;54.1
2923407;Palmas de Monte Alto;BA;240;86;35.8
2924504;Pindaí;BA;325;182;56
2926400;Riacho de Santana;BA;495;181;36.6
2930006;Sebastião Laranjeiras;BA;145;49;33.8
2932606;Urandi;BA;277;137;49.5
2902005;Aracatu;BA;431;246;57.1
2904605;Brumado;BA;920;26;2.8
2906899;Caraíbas;BA;162;117;72.2
2908705;Condeúba;BA;216;53;24.5
2909000;Cordeiros;BA;156;51;32.7
2911659;Guajeru;BA;110;47;42.7
2917201;Ituaçu;BA;250;5;2
2919959;Maetinga;BA;140;67;47.9
2920304;Malhada de Pedras;BA;232;106;45.7
2924702;Piripá;BA;162;58;35.8
2925709;Presidente Jânio Quadros;BA;180;121;67.2
2926806;Rio do Antônio;BA;251;93;37.1
2931004;Tanhaçu;BA;377;116;30.8
2931806;Tremedal;BA;233;90;38.6
2901205;Anagé;BA;232;56;24.1
2905156;Caetanos;BA;189;127;67.2
2902906;Barra do Choça;BA;474;255;53.8
2903508;Belo Campo;BA;357;216;60.5
2903706;Boa Nova;BA;211;53;25.1
2921450;Mirante;BA;93;30;32.3
2903953;Bom Jesus da Serra;BA;141;8;5.7
2904803;Caatiba;BA;94;25;26.6
2922706;Nova Canaã;BA;195;85;43.6
2906709;Cândido Sales;BA;404;143;35.4
2910008;Dário Meira;BA;230;122;53
2912301;Ibicuí;BA;255;42;16.5
2913507;Iguaí;BA;369;82;22.2
2920403;Manoel Vitorino;BA;178;100;56.2
2916203;Itapé;BA;144;26;18.1
2925006;Planalto;BA;322;55;17.1
2925105;Poções;BA;529;118;22.3
2933307;Vitória da Conquista;BA;3678;777;21.1
2910404;Encruzilhada;BA;297;110;37
2926657;Ribeirão do Largo;BA;201;65;32.3
2915809;Itambé;BA;249;49;19.7
2916401;Itapetinga;BA;879;291;33.1
2916807;Itarantim;BA;226;42;18.6
2917102;Itororó;BA;300;77;25.7
2919702;Macarani;BA;245;28;11.4
2920007;Maiquinique;BA;154;38;24.7
2925402;Potiraguá;BA;153;74;48.4
2905404;Cairu;BA;348;151;43.4
2905800;Camamu;BA;431;131;30.4
2913457;Igrapiúna;BA;184;88;47.8
2917300;Ituberá;BA;321;93;29
2920700;Maraú;BA;340;122;35.9
2922607;Nilo Peçanha;BA;174;80;46
2924678;Piraí do Norte;BA;167;60;35.9
2925758;Presidente Tancredo Neves;BA;387;24;6.2
2931202;Taperoá;BA;268;144;53.7
2932903;Valença;BA;1206;346;28.7
2900900;Almadina;BA;107;56;52.3
2902252;Arataca;BA;158;55;34.8
2902401;Aurelino Leal;BA;216;142;65.7
2903102;Barra do Rocha;BA;88;28;31.8
2903300;Barro Preto;BA;108;2;1.9
2903409;Belmonte;BA;307;78;25.4
2904704;Buerarema;BA;218;22;10.1
2905602;Camacan;BA;322;51;15.8
2906303;Canavieiras;BA;521;267;51.2
2908002;Coaraci;BA;317;76;24
2910909;Firmino Alves;BA;77;9;11.7
2911006;Floresta Azul;BA;115;53;46.1
2911204;Gandu;BA;620;257;41.5
2911501;Gongogi;BA;101;33;32.7
2912103;Ibicaraí;BA;286;65;22.7
2912707;Ibirapitanga;BA;258;52;20.2
2912905;Ibirataia;BA;239;53;22.2
2913606;Ilhéus;BA;2067;624;30.2
2913903;Ipiaú;BA;518;150;29
2914802;Itabuna;BA;2192;218;9.9
2914901;Itacaré;BA;377;42;11.1
2915205;Itagibá;BA;178;96;53.9
2915403;Itaju do Colônia;BA;121;63;52.1
2915502;Itajuípe;BA;251;43;17.1
2915700;Itamari;BA;152;24;15.8
2916302;Itapebi;BA;183;10;5.5
2916609;Itapitanga;BA;225;80;35.6
2918555;Jussari;BA;131;74;56.5
2920908;Mascote;BA;210;73;34.8
2922755;Nova Ibiá;BA;125;49;39.2
2923902;Pau Brasil;BA;181;26;14.4
2927804;Santa Cruz da Vitória;BA;84;40;47.6
2928059;Santa Luzia;BA;161;76;47.2
2929354;São José da Vitória;BA;92;39;42.4
2931608;Teolândia;BA;183;8;4.4
2932200;Ubaitaba;BA;295;167;56.6
2932309;Ubatã;BA;237;42;17.7
2932507;Una;BA;289;129;44.6
2932705;Uruçuca;BA;383;145;37.9
2933505;Wenceslau Guimarães;BA;300;53;17.7
2900801;Alcobaça;BA;330;167;50.6
2906907;Caravelas;BA;315;62;19.7
2910727;Eunápolis;BA;1476;260;17.6
2911808;Guaratinga;BA;317;28;8.8
2912806;Ibirapuã;BA;117;50;42.7
2914653;Itabela;BA;389;139;35.7
2915304;Itagimirim;BA;96;8;8.3
2915601;Itamaraju;BA;933;574;61.5
2916005;Itanhém;BA;276;72;26.1
2918456;Jucuruçu;BA;177;94;53.1
2918902;Lajedão;BA;63;31;49.2
2921104;Medeiros Neto;BA;332;30;9
2922003;Mucuri;BA;675;151;22.4
2923001;Nova Viçosa;BA;655;235;35.9
2925303;Porto Seguro;BA;2443;1028;42.1
2925501;Prado;BA;565;308;54.5
2927705;Santa Cruz Cabrália;BA;426;269;63.1
2931350;Teixeira de Freitas;BA;1832;230;12.6
2933257;Vereda;BA;125;48;38.4
3106200;Belo Horizonte;MG;32541;4678;14.4
3145901;Ouro Branco;MG;689;210;30.5
3106705;Betim;MG;6602;718;10.9
3154606;Ribeirão das Neves;MG;4291;1244;29
3156700;Sabará;MG;1466;398;27.1
3160702;Santos Dumont;MG;766;356;46.5
3147907;Passos;MG;1703;601;35.3
3151800;Poços de Caldas;MG;2552;340;13.3
3152501;Pouso Alegre;MG;2515;705;28
3118601;Contagem;MG;7784;1989;25.6
3105400;Barão de Cocais;MG;469;211;45
3129806;Ibirité;MG;2201;838;38.1
3108107;Bonfim;MG;80;34;42.5
3109006;Brumadinho;MG;564;267;47.3
3110004;Caeté;MG;543;165;30.4
3120607;Crucilândia;MG;62;20;32.3
3124104;Esmeraldas;MG;1036;630;60.8
3170206;Uberlândia;MG;10287;2037;19.8
3140159;Mário Campos;MG;187;90;48.1
3165537;Sarzedo;MG;544;268;49.3
3130101;Igarapé;MG;776;299;38.5
3162922;São Joaquim de Bicas;MG;597;285;47.7
3134608;Jaboticatubas;MG;225;98;43.6
3136603;Nova União;MG;80;54;67.5
3137601;Lagoa Santa;MG;998;261;26.2
3117876;Confins;MG;117;67;57.3
3144805;Nova Lima;MG;1915;316;16.5
3149309;Pedro Leopoldo;MG;946;442;46.7
3150406;Piedade dos Gerais;MG;45;22;48.9
3153905;Raposos;MG;225;166;73.8
3148103;Patrocínio;MG;1587;446;28.1
3154804;Rio Acima;MG;146;40;27.4
3155306;Rio Manso;MG;64;25;39.1
3157203;Santa Bárbara;MG;474;178;37.6
3115359;Catas Altas;MG;92;51;55.4
3157807;Santa Luzia;MG;2720;1051;38.6
3114105;Carmo de Minas;MG;171;64;37.4
3159001;Santana do Riacho;MG;86;66;76.7
3168309;Taquaraçu de Minas;MG;63;26;41.3
3171204;Vespasiano;MG;1701;1100;64.7
3162955;São José da Lapa;MG;342;177;51.8
3169307;Três Corações;MG;1073;303;28.2
3148004;Patos de Minas;MG;2284;972;42.6
3151503;Piumhi;MG;501;231;46.1
3152105;Ponte Nova;MG;946;271;28.6
3118304;Conselheiro Lafaiete;MG;2262;864;38.2
3105608;Barbacena;MG;1857;646;34.8
3102100;Alto Rio Doce;MG;137;63;46
3102803;Andrelândia;MG;142;30;21.1
3102902;Antônio Carlos;MG;130;78;60
3103306;Aracitaba;MG;34;10;29.4
3131901;Itabirito;MG;975;219;22.5
3105905;Barroso;MG;305;110;36.1
3106804;Bias Fortes;MG;49;29;59.2
3112208;Capela Nova;MG;44;15;34.1
3113107;Caranaíba;MG;45;16;35.6
3113206;Carandaí;MG;372;139;37.4
3116308;Cipotânea;MG;62;20;32.3
3121506;Desterro do Melo;MG;48;9;18.8
3129400;Ibertioga;MG;67;40;59.7
3139102;Madre de Deus de Minas;MG;75;30;40
3141603;Mercês;MG;112;36;32.1
3141900;Minduri;MG;44;12;27.3
3145703;Oliveira Fortes;MG;36;31;86.1
3146602;Paiva;MG;31;24;77.4
3150307;Piedade do Rio Grande;MG;54;19;35.2
3101631;Alfredo Vasconcelos;MG;110;45;40.9
3154408;Ressaquinha;MG;71;23;32.4
3157302;Santa Bárbara do Tugúrio;MG;84;58;69
3158706;Santana do Garambéu;MG;42;27;64.3
3159407;Santa Rita de Ibitipoca;MG;51;35;68.6
3165305;São Vicente de Minas;MG;85;22;25.9
3166204;Senhora dos Remédios;MG;105;52;49.5
3102209;Alvarenga;MG;79;41;51.9
3118403;Conselheiro Pena;MG;319;180;56.4
3107802;Bom Jesus do Galho;MG;161;99;61.5
3113404;Caratinga;MG;1238;658;53.2
3150158;Piedade de Caratinga;MG;99;48;48.5
3123858;Entre Folhas;MG;77;41;53.2
3130556;Imbé de Minas;MG;100;63;63
3131158;Ipaba;MG;234;158;67.5
3157252;Santa Bárbara do Leste;MG;103;48;46.6
3159357;Santa Rita de Minas;MG;88;36;40.9
3170057;Ubaporanga;MG;165;110;66.7
3170578;Vargem Alegre;MG;50;19;38
3120003;Córrego Novo;MG;39;10;25.6
3122504;Dom Cavati;MG;59;24;40.7
3170107;Uberaba;MG;5614;1535;27.3
3129301;Iapu;MG;117;49;41.9
3109253;Bugre;MG;58;45;77.6
3130903;Inhapim;MG;377;234;62.1
3160959;São Domingos das Dores;MG;98;31;31.6
3164472;São Sebastião do Anta;MG;112;62;55.4
3131208;Ipanema;MG;235;131;55.7
3168051;Taparuba;MG;70;56;80
3151909;Pocrane;MG;115;81;70.4
3162609;São João do Oriente;MG;89;26;29.2
3168408;Tarumirim;MG;220;122;55.5
3102407;Alvorada de Minas;MG;120;88;73.3
3136520;José Gonçalves de Minas;MG;60;30;50
3106507;Berilo;MG;188;128;68.1
3112307;Capelinha;MG;654;305;46.6
3102852;Angelândia;MG;101;48;47.5
3113503;Carbonita;MG;113;50;44.2
3116100;Chapada do Norte;MG;197;119;60.4
3117504;Conceição do Mato Dentro;MG;386;174;45.1
3118106;Congonhas do Norte;MG;48;22;45.8
3120102;Couto de Magalhães de Minas;MG;71;43;60.6
3121001;Datas;MG;88;55;62.5
3121605;Diamantina;MG;803;354;44.1
3111101;Campina Verde;MG;295;82;27.8
3125408;Felício dos Santos;MG;74;42;56.8
3125507;São Gonçalo do Rio Preto;MG;54;24;44.4
3126505;Francisco Badaró;MG;125;88;70.4
3135456;Jenipapo de Minas;MG;98;56;57.1
3127602;Gouveia;MG;161;66;41
3132503;Itamarandiba;MG;574;325;56.6
3104452;Aricanduva;MG;79;51;64.6
3141801;Minas Novas;MG;454;244;53.7
3138351;Leme do Prado;MG;106;72;67.9
3142502;Monjolos;MG;52;26;50
3153202;Presidente Juscelino;MG;65;30;46.2
3153301;Presidente Kubitschek;MG;57;38;66.7
3156007;Rio Vermelho;MG;188;120;63.8
3160207;Santo Antônio do Itambé;MG;51;23;45.1
3160603;Santo Hipólito;MG;51;18;35.3
3165909;Senador Modestino Gonçalves;MG;48;13;27.1
3166501;Serra Azul de Minas;MG;66;29;43.9
3167103;Serro;MG;376;154;41
3169703;Turmalina;MG;347;197;56.8
3171071;Veredinha;MG;92;42;45.7
3135100;Janaúba;MG;1133;562;49.6
3168606;Teófilo Otoni;MG;2205;1165;52.8
3104205;Arcos;MG;619;152;24.6
3152204;Porteirinha;MG;583;259;44.4
3143302;Montes Claros;MG;5959;2472;41.5
3105103;Bambuí;MG;421;114;27.1
3126000;Florestal;MG;173;60;34.7
3100203;Abaeté;MG;226;36;15.9
3103900;Araújos;MG;103;35;34
3107000;Biquinhas;MG;32;16;50
3107406;Bom Despacho;MG;823;377;45.8
3114006;Carmo da Mata;MG;128;52;40.6
3114204;Carmo do Cajuru;MG;338;194;57.4
3114501;Carmópolis de Minas;MG;283;88;31.1
3115607;Cedro do Abaeté;MG;27;14;51.9
3116605;Cláudio;MG;393;199;50.6
3119104;Corinto;MG;377;206;54.6
3117603;Conceição do Pará;MG;92;53;57.6
3119807;Córrego Danta;MG;33;12;36.4
3122306;Divinópolis;MG;3375;1679;49.7
3123205;Dores do Indaiá;MG;134;33;24.6
3124708;Estrela do Indaiá;MG;34;11;32.4
3130200;Igaratinga;MG;113;38;33.6
3130309;Iguatama;MG;83;25;30.1
3132206;Itaguara;MG;162;73;45.1
3133709;Itatiaiuçu;MG;247;162;65.6
3133808;Itaúna;MG;1244;483;38.8
3135308;Japaraíba;MG;93;46;49.5
3137205;Lagoa da Prata;MG;619;227;36.7
3138302;Leandro Ferreira;MG;53;36;67.9
3138807;Luz;MG;258;61;23.6
3139706;Maravilhas;MG;107;55;51.4
3140506;Martinho Campos;MG;211;107;50.7
3140704;Mateus Leme;MG;523;215;41.1
3136652;Juatuba;MG;519;186;35.8
3141306;Medeiros;MG;63;19;30.2
3142403;Moema;MG;84;23;27.4
3143500;Morada Nova de Minas;MG;141;87;61.7
3145208;Nova Serrana;MG;1635;433;26.5
3145802;Onça de Pitangui;MG;59;43;72.9
3146404;Paineiras;MG;42;19;45.2
3146503;Pains;MG;93;37;39.8
3146909;Papagaios;MG;206;51;24.8
3147105;Pará de Minas;MG;1558;482;30.9
3139409;Manhuaçu;MG;1218;477;39.2
3108008;Bom Sucesso;MG;214;81;37.9
3147709;Passa Tempo;MG;92;28;30.4
3148905;Pedra do Indaiá;MG;64;20;31.2
3149606;Pequi;MG;60;28;46.7
3149705;Perdigão;MG;148;38;25.7
3150604;Piracema;MG;88;31;35.2
3151404;Pitangui;MG;442;162;36.7
3115300;Cataguases;MG;942;284;30.1
3153707;Quartel Geral;MG;44;35;79.5
3160405;Santo Antônio do Monte;MG;354;129;36.4
3161809;São Gonçalo do Pará;MG;158;118;74.7
3163102;São José da Varginha;MG;71;23;32.4
3164605;São Sebastião do Oeste;MG;166;37;22.3
3168200;Tapiraí;MG;38;31;81.6
3169901;Ubá;MG;1335;485;36.3
3162807;São João Evangelista;MG;301;132;43.9
3100500;Açucena;MG;146;85;58.2
3144359;Naque;MG;90;27;30
3149952;Periquito;MG;128;97;75.8
3100609;Água Boa;MG;195;113;57.9
3101102;Aimorés;MG;428;217;50.7
3101805;Alpercata;MG;96;39;40.6
3113800;Carmésia;MG;144;134;93.1
3115706;Central de Minas;MG;89;77;86.5
3116803;Coluna;MG;111;45;40.5
3120839;Cuparaque;MG;71;30;42.3
3127370;Goiabeira;MG;54;23;42.6
3119203;Coroaci;MG;178;122;68.5
3122108;Divino das Laranjeiras;MG;92;46;50
3122207;Divinolândia de Minas;MG;133;86;64.7
3122603;Dom Joaquim;MG;75;44;58.7
3123106;Dores de Guanhães;MG;78;38;48.7
3123700;Engenheiro Caldas;MG;120;65;54.2
3125804;Fernandes Tourinho;MG;32;15;46.9
3126901;Frei Inocêncio;MG;132;62;47
3127305;Galiléia;MG;77;52;67.5
3161650;São Geraldo do Baixio;MG;48;31;64.6
3127503;Gonzaga;MG;91;64;70.3
3127701;Governador Valadares;MG;4250;1981;46.6
3128006;Guanhães;MG;483;192;39.8
3131802;Itabirinha;MG;118;87;73.7
3133204;Itanhomi;MG;190;84;44.2
3112653;Capitão Andrade;MG;92;61;66.3
3134103;Itueta;MG;90;63;70
3154309;Resplendor;MG;217;109;50.2
3139607;Mantena;MG;336;115;34.2
3162575;São João do Manteninha;MG;71;49;69
3144672;Nova Belém;MG;88;61;69.3
3140100;Marilac;MG;75;31;41.3
3140605;Materlândia;MG;59;21;35.6
3141504;Mendes Pimentel;MG;73;43;58.9
3161056;São Félix de Minas;MG;60;32;53.3
3144201;Nacip Raydan;MG;39;22;56.4
3148400;Paulistas;MG;61;32;52.5
3148608;Peçanha;MG;248;124;50
3112059;Cantagalo;MG;62;32;51.6
3156809;Sabinópolis;MG;230;111;48.3
3157500;Santa Efigênia de Minas;MG;51;23;45.1
3158201;Santa Maria do Suaçuí;MG;265;203;76.6
3136553;José Raydan;MG;90;55;61.1
3159506;Santa Rita do Itueto;MG;105;82;78.1
3161601;São Geraldo da Piedade;MG;58;48;82.8
3163003;São José da Safira;MG;80;41;51.2
3126950;Frei Lagonegro;MG;67;40;59.7
3163508;São José do Jacuri;MG;97;58;59.8
3164100;São Pedro do Suaçuí;MG;91;51;56
3164506;São Sebastião do Maranhão;MG;153;105;68.6
3165503;Sardoá;MG;125;101;80.8
3166105;Senhora do Porto;MG;43;24;55.8
3167707;Sobrália;MG;65;40;61.5
3169505;Tumiritinga;MG;107;74;69.2
3171501;Mathias Lobato;MG;56;40;71.4
3171808;Virginópolis;MG;148;90;60.8
3171907;Virgolândia;MG;66;39;59.1
3130606;Inconfidentes;MG;154;35;22.7
3107901;Bom Repouso;MG;136;43;31.6
3108305;Borda da Mata;MG;222;57;25.7
3169059;Tocos do Moji;MG;70;12;17.1
3108909;Brazópolis;MG;231;125;54.1
3109105;Bueno Brandão;MG;76;16;21.1
3109709;Cachoeira de Minas;MG;160;60;37.5
3110509;Camanducaia;MG;351;92;26.2
3110608;Cambuí;MG;366;95;26
3165578;Senador Amaral;MG;99;57;57.6
3113602;Careaçu;MG;65;42;64.6
3117207;Conceição das Pedras;MG;43;15;34.9
3117801;Conceição dos Ouros;MG;150;51;34
3118502;Consolação;MG;24;15;62.5
3119906;Córrego do Bom Jesus;MG;47;25;53.2
3120508;Cristina;MG;168;84;50
3121100;Delfim Moreira;MG;119;40;33.6
3124401;Espírito Santo do Dourado;MG;101;26;25.7
3124500;Estiva;MG;127;38;29.9
3125101;Extrema;MG;959;376;39.2
3127404;Gonçalves;MG;44;14;31.8
3132404;Itajubá;MG;1357;315;23.2
3133600;Itapeva;MG;178;77;43.3
3134905;Jacutinga;MG;428;261;61
3139904;Maria da Fé;MG;289;112;38.8
3140407;Marmelópolis;MG;42;9;21.4
3143401;Monte Sião;MG;336;71;21.1
3143807;Munhoz;MG;96;61;63.5
3144409;Natércia;MG;59;16;27.1
3146008;Ouro Fino;MG;411;101;24.6
3147303;Paraisópolis;MG;313;90;28.8
3149101;Pedralva;MG;134;52;38.8
3150901;Piranguçu;MG;62;27;43.5
3151008;Piranguinho;MG;143;33;23.1
3159605;Santa Rita do Sapucaí;MG;569;90;15.8
3162302;São João da Mata;MG;40;11;27.5
3163201;São José do Alegre;MG;59;15;25.4
3164407;São Sebastião da Bela Vista;MG;74;31;41.9
3165404;Sapucaí-Mirim;MG;126;40;31.7
3167400;Silvianópolis;MG;59;36;61
3169109;Toledo;MG;101;75;74.3
3172202;Wenceslau Braz;MG;35;15;42.9
3135209;Januária;MG;1469;779;53
3132107;Itacarambi;MG;288;182;63.2
3162450;São João das Missões;MG;606;563;92.9
3108255;Bonito de Minas;MG;206;140;68
3117836;Cônego Marinho;MG;183;94;51.4
3149150;Pedras de Maria da Cruz;MG;163;112;68.7
3139300;Manga;MG;347;149;42.9
3135050;Jaíba;MG;657;384;58.4
3140852;Matias Cardoso;MG;178;138;77.5
3142254;Miravânia;MG;139;84;60.4
3142700;Montalvânia;MG;260;174;66.9
3136959;Juvenília;MG;137;85;62
3161106;São Francisco;MG;964;491;50.9
3116159;Chapada Gaúcha;MG;285;231;81.1
3130051;Icaraí de Minas;MG;188;111;59
3150570;Pintópolis;MG;121;54;44.6
3170529;Urucuia;MG;196;119;60.7
3170008;Ubaí;MG;179;96;53.6
3152131;Ponto Chique;MG;61;22;36.1
3170909;Varzelândia;MG;440;261;59.3
3129657;Ibiracatu;MG;133;75;56.4
3171030;Verdelândia;MG;174;124;71.3
3136702;Juiz de Fora;MG;8824;2557;29
3103603;Arantina;MG;49;26;53.1
3106101;Belmiro Braga;MG;69;26;37.7
3106903;Bicas;MG;240;97;40.4
3107208;Bocaina de Minas;MG;57;34;59.6
3107505;Bom Jardim de Minas;MG;85;20;23.5
3114808;Carvalhos;MG;57;29;50.9
3115904;Chácara;MG;54;12;22.2
3116209;Chiador;MG;56;18;32.1
3119609;Coronel Pacheco;MG;54;32;59.3
3121308;Descoberto;MG;64;33;51.6
3125002;Ewbank da Câmara;MG;80;41;51.2
3128501;Guarará;MG;61;36;59
3138500;Liberdade;MG;63;17;27
3138609;Lima Duarte;MG;312;164;52.6
3139805;Mar de Espanha;MG;138;72;52.2
3140209;Maripá de Minas;MG;55;33;60
3140803;Matias Barbosa;MG;217;53;24.4
3145406;Olaria;MG;54;27;50
3147808;Passa Vinte;MG;36;24;66.7
3149408;Pedro Teixeira;MG;36;26;72.2
3149507;Pequeri;MG;56;27;48.2
3150109;Piau;MG;41;15;36.6
3155405;Rio Novo;MG;93;35;37.6
3127388;Goianá;MG;83;46;55.4
3155900;Rio Preto;MG;65;25;38.5
3157278;Santa Bárbara do Monte Verde;MG;50;23;46
3156205;Rochedo de Minas;MG;47;23;48.9
3158607;Santana do Deserto;MG;55;14;25.5
3159308;Santa Rita de Jacutinga;MG;63;15;23.8
3162906;São João Nepomuceno;MG;369;108;29.3
3167509;Simão Pereira;MG;38;17;44.7
3165602;Senador Cortes;MG;49;28;57.1
3112901;Caputira;MG;149;117;78.5
3116001;Chalé;MG;124;89;71.8
3117405;Conceição de Ipanema;MG;97;65;67
3137700;Lajinha;MG;315;140;44.4
3138674;Luisburgo;MG;92;50;54.3
3154150;Reduto;MG;95;44;46.3
3162559;São João do Manhuaçu;MG;200;121;60.5
3139508;Manhumirim;MG;306;82;26.8
3123528;Durandé;MG;102;40;39.2
3140530;Martins Soares;MG;119;63;52.9
3140902;Matipó;MG;339;232;68.4
3144003;Mutum;MG;387;208;53.7
3153509;Alto Jequitibá;MG;103;62;60.2
3157906;Santa Margarida;MG;196;107;54.6
3158904;Santana do Manhuaçu;MG;146;87;59.6
3163607;São José do Mantimento;MG;72;48;66.7
3167608;Simonésia;MG;373;220;59
3107307;Bocaiúva;MG;805;343;42.6
3128253;Guaraciama;MG;60;18;30
3145455;Olhos-d'Água;MG;77;34;44.2
3108503;Botumirim;MG;130;79;60.8
3108602;Brasília de Minas;MG;496;271;54.6
3111150;Campo Azul;MG;65;30;46.2
3138682;Luislândia;MG;111;85;76.6
3135357;Japonvar;MG;166;93;56
3109402;Buritizeiro;MG;490;365;74.5
3112703;Capitão Enéas;MG;217;123;56.7
3116506;Claro dos Poções;MG;89;47;52.8
3118809;Coração de Jesus;MG;532;393;73.9
3162658;São João do Pacuí;MG;65;25;38.5
3162252;São João da Lagoa;MG;70;37;52.9
3120300;Cristália;MG;89;41;46.1
3123809;Engenheiro Navarro;MG;85;50;58.8
3124302;Espinosa;MG;490;245;50
3139250;Mamonas;MG;61;31;50.8
3126604;Francisco Dumont;MG;57;36;63.2
3126703;Francisco Sá;MG;356;188;52.8
3146255;Padre Carvalho;MG;85;51;60
3127800;Grão Mogol;MG;249;115;46.2
3136579;Josenópolis;MG;50;27;54
3129608;Ibiaí;MG;134;67;50
3132008;Itacambira;MG;85;59;69.4
3135605;Jequitaí;MG;114;52;45.6
3136801;Juramento;MG;61;37;60.7
3127354;Glaucilândia;MG;66;38;57.6
3137304;Lagoa dos Patos;MG;46;17;37
3138104;Lassance;MG;120;87;72.5
3141009;Mato Verde;MG;199;102;51.3
3115474;Catuti;MG;78;51;65.4
3142007;Mirabela;MG;195;97;49.7
3147956;Patis;MG;91;52;57.1
3142908;Monte Azul;MG;328;144;43.9
3127339;Gameleiras;MG;141;99;70.2
3151206;Pirapora;MG;936;272;29.1
3145059;Nova Porteirinha;MG;141;89;63.1
3166956;Serranópolis de Minas;MG;101;74;73.3
3146552;Pai Pedro;MG;110;45;40.9
3154507;Riacho dos Machados;MG;159;83;52.2
3155603;Rio Pardo de Minas;MG;429;192;44.8
3130655;Indaiabira;MG;103;55;53.4
3143450;Montezuma;MG;105;49;46.7
3160454;Santo Antônio do Retiro;MG;134;79;59
3170651;Vargem Grande do Rio Pardo;MG;66;30;45.5
3156502;Rubelita;MG;91;47;51.6
3157005;Salinas;MG;586;241;41.1
3145372;Novorizonte;MG;85;51;60
3127073;Fruta de Leite;MG;61;36;59
3157377;Santa Cruz de Salinas;MG;83;33;39.8
3157609;Santa Fé de Minas;MG;61;31;50.8
3162401;São João da Ponte;MG;406;255;62.8
3138658;Lontra;MG;156;81;51.9
3144656;Ninheira;MG;115;59;51.3
3162708;São João do Paraíso;MG;277;134;48.4
3164209;São Romão;MG;106;61;57.5
3154457;Riachinho;MG;113;62;54.9
3168002;Taiobeiras;MG;417;165;39.6
3106655;Berizal;MG;66;44;66.7
3170800;Várzea da Palma;MG;492;242;49.2
3101508;Além Paraíba;MG;625;146;23.4
3103108;Antônio Prado de Minas;MG;30;15;50
3104403;Argirita;MG;49;24;49
3105509;Barão do Monte Alto;MG;117;71;60.7
3110103;Caiana;MG;66;12;18.2
3112109;Caparaó;MG;67;31;46.3
3102050;Alto Caparaó;MG;70;35;50
3113305;Carangola;MG;525;175;33.3
3125952;Fervedouro;MG;206;56;27.2
3122009;Divino;MG;292;115;39.4
3145877;Orizânia;MG;129;69;53.5
3124203;Espera Feliz;MG;411;106;25.8
3124609;Estrela Dalva;MG;40;23;57.5
3124906;Eugenópolis;MG;136;58;42.6
3125309;Faria Lemos;MG;66;39;59.1
3132602;Itamarati de Minas;MG;48;20;41.7
3138005;Laranjal;MG;57;15;26.3
3138401;Leopoldina;MG;864;307;35.5
3142106;Miradouro;MG;140;36;25.7
3142205;Miraí;MG;179;63;35.2
3164431;São Sebastião da Vargem Alegre;MG;57;32;56.1
3143906;Muriaé;MG;1521;483;31.8
3156452;Rosário da Limeira;MG;67;38;56.7
3146701;Palma;MG;73;23;31.5
3148202;Patrocínio do Muriaé;MG;62;33;53.2
3149002;Pedra Dourada;MG;52;15;28.8
3151107;Pirapetinga;MG;173;55;31.8
3154101;Recreio;MG;127;55;43.3
3158409;Santana de Cataguases;MG;46;19;41.3
3160009;Santo Antônio do Aventureiro;MG;54;30;55.6
3161403;São Francisco do Glória;MG;63;35;55.6
3169208;Tombos;MG;118;43;36.4
3171402;Vieiras;MG;71;38;53.5
3172103;Volta Grande;MG;69;26;37.7
3106002;Bela Vista de Minas;MG;145;54;37.2
3107703;Bom Jesus do Amparo;MG;82;27;32.9
3121803;Dionísio;MG;79;53;67.1
3125903;Ferros;MG;138;88;63.8
3131703;Itabira;MG;1582;560;35.4
3132800;Itambé do Mato Dentro;MG;26;15;57.7
3136207;João Monlevade;MG;1067;227;21.3
3144706;Nova Era;MG;238;65;27.3
3147501;Passabém;MG;29;24;82.8
3155702;Rio Piracicaba;MG;277;157;56.7
3158003;Santa Maria de Itabira;MG;112;43;38.4
3160504;Santo Antônio do Rio Abaixo;MG;35;19;54.3
3161007;São Domingos do Prata;MG;217;120;55.3
3161908;São Gonçalo do Rio Abaixo;MG;226;135;59.7
3163409;São José do Goiabal;MG;57;20;35.1
3164803;São Sebastião do Rio Preto;MG;26;19;73.1
3100401;Acaiaca;MG;83;38;45.8
3106408;Belo Vale;MG;136;96;70.6
3121704;Diogo de Vasconcelos;MG;73;46;63
3140001;Mariana;MG;1230;427;34.7
3142304;Moeda;MG;72;51;70.8
3146107;Ouro Preto;MG;1404;381;27.1
3104502;Arinos;MG;419;248;59.2
3108206;Bonfinópolis de Minas;MG;96;49;51
3122470;Dom Bosco;MG;76;55;72.4
3144375;Natalândia;MG;65;13;20
3109303;Buritis;MG;564;331;58.7
3126208;Formoso;MG;124;70;56.5
3128600;Guarda-Mor;MG;91;52;57.1
3136306;João Pinheiro;MG;686;354;51.6
3108552;Brasilândia de Minas;MG;227;134;59
3147006;Paracatu;MG;1649;564;34.2
3170404;Unaí;MG;1358;510;37.6
3109451;Cabeceira Grande;MG;117;81;69.2
3171006;Vazante;MG;358;223;62.3
3170479;Uruana de Minas;MG;68;46;67.6
3101904;Alpinópolis;MG;258;110;42.6
3162948;São José da Barra;MG;117;52;44.4
3112802;Capitólio;MG;104;41;39.4
3114402;Carmo do Rio Claro;MG;272;111;40.8
3121209;Delfinópolis;MG;103;30;29.1
3123403;Doresópolis;MG;24;10;41.7
3126109;Formiga;MG;892;326;36.5
3119955;Córrego Fundo;MG;67;31;46.3
3126307;Fortaleza de Minas;MG;48;24;50
3150505;Pimenta;MG;77;38;49.4
3162203;São João Batista do Glória;MG;76;32;42.1
3164308;São Roque de Minas;MG;131;71;54.2
3170602;Vargem Bonita;MG;43;20;46.5
3103801;Arapuá;MG;32;9;28.1
3114303;Carmo do Paranaíba;MG;328;146;44.5
3137106;Lagamar;MG;115;65;56.5
3137502;Lagoa Formosa;MG;233;112;48.1
3141207;Matutina;MG;60;27;45
3153400;Presidente Olegário;MG;343;197;57.4
3137536;Lagoa Grande;MG;107;46;43
3155504;Rio Paranaíba;MG;203;97;47.8
3159704;Santa Rosa da Serra;MG;57;18;31.6
3161700;São Gonçalo do Abaeté;MG;84;47;56
3170750;Varjão de Minas;MG;93;58;62.4
3162104;São Gotardo;MG;620;331;53.4
3168903;Tiros;MG;89;40;44.9
3101409;Albertina;MG;50;34;68
3102001;Alterosa;MG;145;57;39.3
3102605;Andradas;MG;515;102;19.8
3104304;Areado;MG;193;33;17.1
3105301;Bandeira do Sul;MG;91;32;35.2
3107604;Bom Jesus da Penha;MG;49;16;32.7
3108404;Botelhos;MG;177;49;27.7
3109501;Cabo Verde;MG;167;94;56.3
3110301;Caldas;MG;207;125;60.4
3111002;Campestre;MG;267;131;49.1
3117108;Conceição da Aparecida;MG;132;61;46.2
3117900;Congonhal;MG;123;34;27.6
3122405;Divisa Nova;MG;92;19;20.7
3129905;Ibitiúra de Minas;MG;47;16;34
3131505;Ipuiúna;MG;101;22;21.8
3143005;Monte Belo;MG;163;29;17.8
3144102;Muzambinho;MG;416;59;14.2
3145109;Nova Resende;MG;202;49;24.3
3159209;Santa Rita de Caldas;MG;97;28;28.9
3165800;Senador José Bento;MG;26;18;69.2
3166907;Serrania;MG;80;20;25
3171303;Viçosa;MG;1209;334;27.6
3100302;Abre Campo;MG;193;101;52.3
3148756;Pedra Bonita;MG;121;56;46.3
3102308;Alvinópolis;MG;184;64;34.8
3102506;Amparo do Serra;MG;67;40;59.7
3103702;Araponga;MG;91;29;31.9
3105707;Barra Longa;MG;65;28;43.1
3110202;Cajuri;MG;91;34;37.4
3111705;Canaã;MG;65;43;66.2
3116704;Coimbra;MG;82;30;36.6
3122702;Dom Silvério;MG;60;19;31.7
3165560;Sem-Peixe;MG;36;17;47.2
3128204;Guaraciaba;MG;104;48;46.2
3135506;Jequeri;MG;177;73;41.2
3148806;Pedra do Anta;MG;42;16;38.1
3150208;Piedade de Ponte Nova;MG;64;40;62.5
3145851;Oratórios;MG;54;16;29.6
3152303;Porto Firme;MG;120;49;40.8
3154002;Raul Soares;MG;312;138;44.2
3171154;Vermelho Novo;MG;71;23;32.4
3154903;Rio Casca;MG;194;24;12.4
3155009;Rio Doce;MG;47;26;55.3
3157401;Santa Cruz do Escalvado;MG;78;25;32.1
3160108;Santo Antônio do Grama;MG;69;19;27.5
3163805;São Miguel do Anta;MG;101;66;65.3
3164001;São Pedro dos Ferros;MG;109;66;60.6
3166303;Sericita;MG;112;59;52.7
3168507;Teixeiras;MG;177;62;35
3170503;Urucânia;MG;146;69;47.3
3114600;Carrancas;MG;47;16;34
3115201;Conceição da Barra de Minas;MG;53;10;18.9
3119708;Coronel Xavier Chaves;MG;41;11;26.8
3123007;Dores de Campos;MG;115;23;20
3130002;Ibituruna;MG;41;11;26.8
3130408;Ijaci;MG;87;25;28.7
3130804;Ingaí;MG;43;21;48.8
3134301;Itumirim;MG;80;44;55
3134509;Itutinga;MG;57;26;45.6
3137403;Lagoa Dourada;MG;181;40;22.1
3138708;Luminárias;MG;75;18;24
3144508;Nazareno;MG;90;28;31.1
3152709;Prados;MG;88;35;39.8
3154200;Resende Costa;MG;111;18;16.2
3156106;Ritápolis;MG;47;15;31.9
3159902;Santo Antônio do Amparo;MG;242;134;55.4
3162500;São João del Rei;MG;1276;289;22.6
3165008;São Tiago;MG;131;53;40.5
3168804;Tiradentes;MG;103;48;46.6
3157336;Santa Cruz de Minas;MG;85;42;49.4
3104106;Arceburgo;MG;118;27;22.9
3112406;Capetinga;MG;61;33;54.1
3115102;Cássia;MG;208;54;26
3116407;Claraval;MG;64;20;31.2
3128303;Guaranésia;MG;225;65;28.9
3128709;Guaxupé;MG;668;85;12.7
3129707;Ibiraci;MG;156;44;28.2
3132909;Itamogi;MG;161;30;18.6
3134806;Jacuí;MG;85;27;31.8
3136900;Juruaia;MG;120;38;31.7
3143203;Monte Santo de Minas;MG;289;86;29.8
3152907;Pratápolis;MG;101;34;33.7
3133758;Itaú de Minas;MG;156;55;35.3
3163904;São Pedro da União;MG;76;33;43.4
3164704;São Sebastião do Paraíso;MG;929;264;28.4
3165107;São Tomás de Aquino;MG;73;29;39.7
3103207;Araçaí;MG;40;20;50
3104809;Augusto de Lima;MG;46;21;45.7
3105004;Baldim;MG;97;63;64.9
3109204;Buenópolis;MG;127;36;28.3
3109600;Cachoeira da Prata;MG;55;20;36.4
3109907;Caetanópolis;MG;147;31;21.1
3112505;Capim Branco;MG;120;72;60
3118908;Cordisburgo;MG;85;47;55.3
3120904;Curvelo;MG;1112;292;26.3
3125705;Felixlândia;MG;188;101;53.7
3126406;Fortuna de Minas;MG;46;16;34.8
3127206;Funilândia;MG;81;41;50.6
3131000;Inhaúma;MG;83;53;63.9
3131109;Inimutaba;MG;87;40;46
3135704;Jequitibá;MG;67;30;44.8
3136405;Joaquim Felício;MG;54;27;50
3141108;Matozinhos;MG;511;278;54.4
3143609;Morro da Garça;MG;48;36;75
3143708;Morro do Pilar;MG;48;34;70.8
3147402;Paraopeba;MG;269;97;36.1
3152006;Pompéu;MG;407;127;31.2
3153608;Prudente de Morais;MG;151;83;55
3158508;Santana de Pirapama;MG;82;51;62.2
3167202;Sete Lagoas;MG;3405;1189;34.9
3169356;Três Marias;MG;462;178;38.5
3100906;Águas Formosas;MG;245;142;58
3120151;Crisólita;MG;75;41;54.7
3103405;Araçuaí;MG;679;348;51.3
3104700;Ataléia;MG;194;131;67.5
3106606;Bertópolis;MG;138;133;96.4
3157658;Santa Helena de Minas;MG;116;97;83.6
3110806;Campanário;MG;48;33;68.8
3135076;Jampruca;MG;67;37;55.2
3113008;Caraí;MG;330;223;67.6
3113701;Carlos Chagas;MG;291;159;54.6
3119500;Coronel Murta;MG;128;50;39.1
3126802;Frei Gaspar;MG;84;51;60.7
3127057;Fronteira dos Vales;MG;77;52;67.5
3132305;Itaipé;MG;187;93;49.7
3115458;Catuji;MG;112;38;33.9
3132701;Itambacuri;MG;317;147;46.4
3133303;Itaobim;MG;274;119;43.4
3134004;Itinga;MG;223;137;61.4
3152170;Ponto dos Volantes;MG;197;130;66
3137007;Ladainha;MG;187;111;59.4
3138906;Machacalis;MG;92;65;70.7
3139201;Malacacheta;MG;330;221;67
3126752;Franciscópolis;MG;71;32;45.1
3165552;Setubinha;MG;209;165;78.9
3144300;Nanuque;MG;509;242;47.5
3144904;Nova Módica;MG;63;29;46
3145307;Novo Cruzeiro;MG;446;301;67.5
3146206;Ouro Verde de Minas;MG;95;60;63.2
3146305;Padre Paraíso;MG;295;168;56.9
3148509;Pavão;MG;92;68;73.9
3150000;Pescador;MG;44;20;45.5
3152402;Poté;MG;193;114;59.1
3163300;São José do Divino;MG;55;33;60
3166709;Serra dos Aimorés;MG;129;62;48.1
3145356;Novo Oriente de Minas;MG;154;105;68.2
3170305;Umburatiba;MG;50;35;70
3171600;Virgem da Lapa;MG;148;53;35.8
3100708;Água Comprida;MG;29;17;58.6
3104007;Araxá;MG;1992;638;32
3111408;Campo Florido;MG;115;67;58.3
3111507;Campos Altos;MG;193;118;61.1
3116902;Comendador Gomes;MG;40;29;72.5
3117306;Conceição das Alagoas;MG;341;83;24.3
3118205;Conquista;MG;95;63;66.3
3127008;Fronteira;MG;217;70;32.3
3127107;Frutal;MG;724;146;20.2
3129509;Ibiá;MG;340;88;25.9
3133402;Itapagipe;MG;164;74;45.1
3134400;Iturama;MG;571;124;21.7
3114550;Carneirinho;MG;140;46;32.9
3138625;Limeira do Oeste;MG;112;30;26.8
3170438;União de Minas;MG;46;18;39.1
3149200;Pedrinópolis;MG;45;32;71.1
3149804;Perdizes;MG;224;165;73.7
3151602;Planura;MG;118;27;22.9
3153004;Pratinha;MG;51;14;27.5
3156908;Sacramento;MG;487;212;43.5
3157708;Santa Juliana;MG;188;49;26.1
3161304;São Francisco de Sales;MG;90;30;33.3
3168101;Tapira;MG;101;49;48.5
3121258;Delta;MG;150;29;19.3
3171105;Veríssimo;MG;61;26;42.6
3150703;Pirajuba;MG;77;29;37.7
3103504;Araguari;MG;1577;347;22
3130705;Indianópolis;MG;131;92;70.2
3142809;Monte Alegre de Minas;MG;313;81;25.9
3145000;Nova Ponte;MG;215;148;68.8
3152808;Prata;MG;344;164;47.7
3169604;Tupaciguara;MG;407;190;46.7
3103751;Araporã;MG;105;43;41
3139003;Machado;MG;659;144;21.9
3101201;Aiuruoca;MG;75;39;52
3101300;Alagoa;MG;35;16;45.7
3101607;Alfenas;MG;1113;380;34.1
3104908;Baependi;MG;208;62;29.8
3107109;Boa Esperança;MG;529;214;40.5
3110707;Cambuquira;MG;148;41;27.7
3110905;Campanha;MG;271;58;21.4
3111309;Campo do Meio;MG;155;62;40
3111606;Campos Gerais;MG;426;233;54.7
3113909;Carmo da Cachoeira;MG;142;29;20.4
3114709;Carvalhópolis;MG;44;20;45.5
3115508;Caxambu;MG;316;65;20.6
3117702;Conceição do Rio Verde;MG;154;25;16.2
3118700;Coqueiral;MG;114;21;18.4
3119005;Cordislândia;MG;42;10;23.8
3120805;Cruzília;MG;190;52;27.4
3122801;Dom Viçoso;MG;54;30;55.6
3123601;Elói Mendes;MG;380;72;18.9
3125200;Fama;MG;43;8;18.6
3128105;Guapé;MG;202;77;38.1
3129202;Heliodora;MG;65;20;30.8
3130507;Ilicínea;MG;139;72;51.8
3133006;Itamonte;MG;263;84;31.9
3133105;Itanhandu;MG;262;62;23.7
3135902;Jesuânia;MG;68;35;51.5
3137809;Lambari;MG;269;45;16.7
3142601;Monsenhor Paulo;MG;108;39;36.1
3144607;Nepomuceno;MG;393;98;24.9
3145505;Olímpio Noronha;MG;44;23;52.3
3147204;Paraguaçu;MG;306;87;28.4
3147600;Passa Quatro;MG;220;69;31.4
3151701;Poço Fundo;MG;166;47;28.3
3152600;Pouso Alto;MG;83;18;21.7
3158300;Santana da Vargem;MG;88;30;34.1
3160801;São Bento Abade;MG;57;29;50.9
3162005;São Gonçalo do Sapucaí;MG;309;103;33.3
3163706;São Lourenço;MG;632;133;21
3164902;São Sebastião do Rio Verde;MG;44;13;29.5
3165206;São Tomé das Letras;MG;86;48;55.8
3166402;Seritinga;MG;36;30;83.3
3167004;Serranos;MG;34;28;82.4
3167806;Soledade de Minas;MG;64;21;32.8
3169406;Três Pontas;MG;704;281;39.9
3169802;Turvolândia;MG;63;26;41.3
3170701;Varginha;MG;2012;615;30.6
3171709;Virgínia;MG;135;84;62.2
3155801;Rio Pomba;MG;311;53;17
3104601;Astolfo Dutra;MG;158;54;34.2
3108701;Brás Pires;MG;59;17;28.8
3121902;Divinésia;MG;61;36;59
3122900;Dona Euzébia;MG;77;27;35.1
3123304;Dores do Turvo;MG;68;30;44.1
3124005;Ervália;MG;317;105;33.1
3128402;Guarani;MG;96;58;60.4
3128808;Guidoval;MG;78;33;42.3
3129004;Guiricema;MG;77;19;24.7
3148301;Paula Cândido;MG;90;45;50
3151305;Piraúba;MG;147;77;52.4
3153103;Presidente Bernardes;MG;70;39;55.7
3156304;Rodeiro;MG;115;67;58.3
3161502;São Geraldo;MG;129;79;61.2
3165701;Senador Firmino;MG;84;17;20.2
3167301;Silveirânia;MG;44;29;65.9
3167905;Tabuleiro;MG;45;24;53.3
3169000;Tocantins;MG;212;24;11.3
3172004;Visconde do Rio Branco;MG;566;140;24.7
3101003;Águas Vermelhas;MG;197;129;65.5
3120870;Curral de Dentro;MG;106;62;58.5
3122355;Divisa Alegre;MG;96;50;52.1
3101706;Almenara;MG;698;255;36.5
3122454;Divisópolis;MG;110;34;30.9
3140555;Mata Verde;MG;113;55;48.7
3102704;Cachoeira de Pajeú;MG;132;82;62.1
3105202;Bandeira;MG;72;47;65.3
3117009;Comercinho;MG;87;35;40.2
3125606;Felisburgo;MG;100;48;48
3134707;Jacinto;MG;149;86;57.7
3135803;Jequitinhonha;MG;360;194;53.9
3136009;Joaíma;MG;210;72;34.3
3143153;Monte Formoso;MG;61;37;60.7
3136504;Jordânia;MG;161;119;73.9
3141405;Medina;MG;251;136;54.2
3148707;Pedra Azul;MG;340;136;40
3155108;Rio do Prado;MG;75;50;66.7
3146750;Palmópolis;MG;92;53;57.6
3156601;Rubim;MG;115;91;79.1
3157104;Salto da Divisa;MG;91;65;71.4
3158102;Santa Maria do Salto;MG;80;60;75
3160306;Santo Antônio do Jacinto;MG;144;79;54.9
3103009;Antônio Dias;MG;129;70;54.3
3106309;Belo Oriente;MG;324;156;48.1
3108800;Braúnas;MG;71;31;43.7
3119401;Coronel Fabriciano;MG;1279;423;33.1
3131307;Ipatinga;MG;3752;1361;36.3
3135001;Jaguaraçu;MG;67;48;71.6
3136108;Joanésia;MG;68;40;58.8
3140308;Marliéria;MG;72;24;33.3
3141702;Mesquita;MG;84;32;38.1
3158953;Santana do Paraíso;MG;420;272;64.8
3168705;Timóteo;MG;1062;224;21.1
3114907;Casa Grande;MG;41;18;43.9
3115409;Catas Altas da Noruega;MG;69;23;33.3
3118007;Congonhas;MG;1030;311;30.2
3120409;Cristiano Otoni;MG;74;19;25.7
3121407;Desterro de Entre Rios;MG;115;75;65.2
3123908;Entre Rios de Minas;MG;229;147;64.2
3133907;Itaverava;MG;89;56;62.9
3135407;Jeceaba;MG;106;93;87.7
3137908;Lamim;MG;54;8;14.8
3150802;Piranga;MG;228;110;48.2
3153806;Queluzito;MG;33;8;24.2
3155207;Rio Espera;MG;73;25;34.2
3159100;Santana dos Montes;MG;72;27;37.5
3160900;São Brás do Suaçuí;MG;61;48;78.7
3166006;Senhora de Oliveira;MG;71;16;22.5
3109808;Cachoeira Dourada;MG;52;39;75
3111804;Canápolis;MG;131;75;57.3
3112604;Capinópolis;MG;189;80;42.3
3115805;Centralina;MG;123;95;77.2
3129103;Gurinhatã;MG;63;28;44.4
3131406;Ipiaçu;MG;48;32;66.7
3134202;Ituiutaba;MG;1597;660;41.3
3159803;Santa Vitória;MG;260;82;31.5
3120706;Cruzeiro da Fortaleza;MG;101;42;41.6
3128907;Guimarânia;MG;112;43;38.4
3131604;Iraí de Minas;MG;103;26;25.2
3166808;Serra do Salitre;MG;204;99;48.5
3100104;Abadia dos Dourados;MG;79;29;36.7
3115003;Cascalho Rico;MG;53;19;35.8
3119302;Coromandel;MG;395;159;40.3
3124807;Estrela do Sul;MG;87;49;56.3
3127909;Grupiara;MG;20;11;55
3143104;Monte Carmelo;MG;655;266;40.6
3156403;Romaria;MG;48;29;60.4
3100807;Aguanil;MG;56;29;51.8
3110400;Camacho;MG;38;18;47.4
3111200;Campo Belo;MG;649;201;31
3111903;Cana Verde;MG;56;26;46.4
3112000;Candeias;MG;152;46;30.3
3120201;Cristais;MG;144;76;52.8
3133501;Itapecerica;MG;267;119;44.6
3138203;Lavras;MG;1238;222;17.9
3145604;Oliveira;MG;521;138;26.5
3149903;Perdões;MG;330;119;36.1
3154705;Ribeirão Vermelho;MG;57;28;49.1
3158805;Santana do Jacaré;MG;50;15;30
3161205;São Francisco de Paula;MG;83;31;37.3
3150539;Pingo-d'Água;MG;64;28;43.8
3166600;Serra da Saudade;MG;17;16;94.1
3123502;Douradoquara;MG;22;13;59.1
3200169;Água Doce do Norte;ES;196;164;83.7
3200904;Barra de São Francisco;ES;647;341;52.7
3202108;Ecoporanga;ES;346;220;63.6
3203304;Mantenópolis;ES;156;91;58.3
3200136;Águia Branca;ES;216;148;68.5
3201001;Boa Esperança;ES;302;217;71.9
3203908;Nova Venécia;ES;1048;673;64.2
3204906;São Mateus;ES;2313;1343;58.1
3205150;Vila Pavão;ES;169;106;62.7
3204708;São Gabriel da Palha;ES;595;366;61.5
3205176;Vila Valério;ES;250;197;78.8
3200359;Alto Rio Novo;ES;94;70;74.5
3200805;Baixo Guandu;ES;524;203;38.7
3201506;Colatina;ES;1915;861;45
3202256;Governador Lindenberg;ES;207;173;83.6
3203353;Marilândia;ES;219;156;71.2
3204005;Pancas;ES;250;193;77.2
3204658;São Domingos do Norte;ES;134;118;88.1
3203502;Montanha;ES;449;349;77.7
3204252;Ponto Belo;ES;133;108;81.2
3203601;Mucurici;ES;105;95;90.5
3204104;Pinheiros;ES;432;291;67.4
3201605;Conceição da Barra;ES;507;401;79.1
3203056;Jaguaré;ES;570;395;69.3
3204054;Pedro Canário;ES;361;289;80.1
3200607;Aracruz;ES;1671;774;46.3
3202207;Fundão;ES;271;175;64.6
3202504;Ibiraçu;ES;222;132;59.5
3203130;João Neiva;ES;234;140;59.8
3203205;Linhares;ES;2831;1047;37
3205010;Sooretama;ES;530;347;65.5
3204351;Rio Bananal;ES;393;285;72.5
3200102;Afonso Cláudio;ES;480;348;72.5
3201159;Brejetuba;ES;241;195;80.9
3201704;Conceição do Castelo;ES;224;184;82.1
3201902;Domingos Martins;ES;607;466;76.8
3203346;Marechal Floriano;ES;270;215;79.6
3203163;Laranja da Terra;ES;198;154;77.8
3205069;Venda Nova do Imigrante;ES;444;233;52.5
3202702;Itaguaçu;ES;234;142;60.7
3202900;Itarana;ES;183;158;86.3
3204500;Santa Leopoldina;ES;183;88;48.1
3204559;Santa Maria de Jetibá;ES;814;559;68.7
3204609;Santa Teresa;ES;400;260;65
3204955;São Roque do Canaã;ES;156;100;64.1
3201308;Cariacica;ES;5411;2875;53.1
3205002;Serra;ES;7863;4888;62.2
3205101;Viana;ES;1239;947;76.4
3205200;Vila Velha;ES;6643;2303;34.7
3205309;Vitória;ES;5908;2020;34.2
3200300;Alfredo Chaves;ES;246;142;57.7
3200409;Anchieta;ES;758;479;63.2
3202405;Guarapari;ES;2036;1057;51.9
3202603;Iconha;ES;164;136;82.9
3204203;Piúma;ES;407;132;32.4
3204401;Rio Novo do Sul;ES;201;116;57.7
3200201;Alegre;ES;518;274;52.9
3201803;Divino de São Lourenço;ES;59;55;93.2
3202009;Dores do Rio Preto;ES;143;92;64.3
3202306;Guaçuí;ES;482;318;66
3202454;Ibatiba;ES;410;265;64.6
3202553;Ibitirama;ES;210;161;76.7
3202652;Irupi;ES;187;101;54
3203007;Iúna;ES;385;201;52.2
3203700;Muniz Freire;ES;316;259;82
3200508;Apiacá;ES;111;37;33.3
3200706;Atílio Vivácqua;ES;218;144;66.1
3201100;Bom Jesus do Norte;ES;117;56;47.9
3201209;Cachoeiro de Itapemirim;ES;2903;1601;55.1
3201407;Castelo;ES;658;384;58.4
3203106;Jerônimo Monteiro;ES;157;119;75.8
3203403;Mimoso do Sul;ES;305;202;66.2
3203809;Muqui;ES;194;130;67
3204807;São José do Calçado;ES;157;132;84.1
3205036;Vargem Alta;ES;317;175;55.2
3202801;Itapemirim;ES;786;555;70.6
3203320;Marataízes;ES;1090;612;56.1
3204302;Presidente Kennedy;ES;406;354;87.2
3300605;Bom Jesus do Itabapoana;RJ;719;52;7.2
3302056;Italva;RJ;226;72;31.9
3302205;Itaperuna;RJ;1636;317;19.4
3302304;Laje do Muriaé;RJ;126;17;13.5
3303104;Natividade;RJ;264;46;17.4
3304102;Porciúncula;RJ;265;66;24.9
3306156;Varre-Sai;RJ;178;15;8.4
3300159;Aperibé;RJ;207;3;1.4
3300902;Cambuci;RJ;291;47;16.2
3305133;São José de Ubá;RJ;111;0;0
3302106;Itaocara;RJ;415;84;20.2
3303005;Miracema;RJ;493;75;15.2
3304706;Santo Antônio de Pádua;RJ;782;171;21.9
3301009;Campos dos Goytacazes;RJ;8342;1481;17.8
3301157;Cardoso Moreira;RJ;237;94;39.7
3304805;São Fidélis;RJ;821;264;32.2
3305000;São João da Barra;RJ;992;286;28.8
3304755;São Francisco de Itabapoana;RJ;1018;446;43.8
3301405;Conceição de Macabu;RJ;366;73;19.9
3302403;Macaé;RJ;4341;265;6.1
3300936;Carapebus;RJ;273;110;40.3
3304151;Quissamã;RJ;426;15;3.5
3300225;Areal;RJ;161;12;7.5
3306008;Três Rios;RJ;1379;30;2.2
3300951;Comendador Levy Gasparian;RJ;196;8;4.1
3303708;Paraíba do Sul;RJ;635;95;15
3305406;Sapucaia;RJ;329;54;16.4
3301108;Cantagalo;RJ;300;15;5
3301207;Carmo;RJ;322;23;7.1
3301504;Cordeiro;RJ;384;6;1.6
3302452;Macuco;RJ;150;15;10
3300506;Bom Jardim;RJ;449;22;4.9
3301603;Duas Barras;RJ;223;113;50.7
3303401;Nova Friburgo;RJ;3297;157;4.8
3305703;Sumidouro;RJ;195;62;31.8
3304607;Santa Maria Madalena;RJ;159;44;27.7
3305307;São Sebastião do Alto;RJ;121;16;13.2
3305901;Trajano de Moraes;RJ;215;75;34.9
3301306;Casimiro de Abreu;RJ;849;20;2.4
3304524;Rio das Ostras;RJ;2509;140;5.6
3305604;Silva Jardim;RJ;402;17;4.2
3300209;Araruama;RJ;2732;765;28
3300258;Arraial do Cabo;RJ;882;469;53.2
3300704;Cabo Frio;RJ;3911;1146;29.3
3300233;Armação dos Búzios;RJ;1107;650;58.7
3305208;São Pedro da Aldeia;RJ;2027;194;9.6
3301876;Iguaba Grande;RJ;629;305;48.5
3305505;Saquarema;RJ;2175;462;21.2
3300407;Barra Mansa;RJ;2492;219;8.8
3302254;Itatiaia;RJ;503;51;10.1
3304003;Piraí;RJ;617;6;1
3303955;Pinheiral;RJ;525;6;1.1
3306305;Volta Redonda;RJ;4004;365;9.1
3304128;Quatis;RJ;244;2;0.8
3304201;Resende;RJ;2111;28;1.3
3304110;Porto Real;RJ;352;15;4.3
3304409;Rio Claro;RJ;306;32;10.5
3300308;Barra do Piraí;RJ;1114;71;6.4
3304508;Rio das Flores;RJ;208;26;12.5
3306107;Valença;RJ;1195;288;24.1
3300100;Angra dos Reis;RJ;2625;57;2.2
3303807;Paraty;RJ;767;158;20.6
3301801;Engenheiro Paulo de Frontin;RJ;220;69;31.4
3302809;Mendes;RJ;259;28;10.8
3302908;Miguel Pereira;RJ;429;23;5.4
3303609;Paracambi;RJ;739;207;28
3303856;Paty do Alferes;RJ;415;1;0.2
3306206;Vassouras;RJ;564;83;14.7
3303906;Petrópolis;RJ;4668;669;14.3
3305158;São José do Vale do Rio Preto;RJ;311;10;3.2
3305802;Teresópolis;RJ;2548;319;12.5
3300803;Cachoeiras de Macacu;RJ;996;75;7.5
3304300;Rio Bonito;RJ;995;184;18.5
3302007;Itaguaí;RJ;2274;292;12.8
3305554;Seropédica;RJ;1554;350;22.5
3302601;Mangaratiba;RJ;897;27;3
3300456;Belford Roxo;RJ;5043;1662;33
3303500;Nova Iguaçu;RJ;9569;159;1.7
3305109;São João de Meriti;RJ;4782;394;8.2
3301702;Duque de Caxias;RJ;11039;1815;16.4
3301850;Guapimirim;RJ;939;573;61
3302502;Magé;RJ;4048;1318;32.6
3301900;Itaboraí;RJ;3466;1367;39.4
3305752;Tanguá;RJ;575;271;47.1
3302270;Japeri;RJ;1174;39;3.3
3302700;Maricá;RJ;3563;183;5.1
3303203;Nilópolis;RJ;2228;51;2.3
3303302;Niterói;RJ;7848;197;2.5
3302858;Mesquita;RJ;2339;747;31.9
3304144;Queimados;RJ;1640;141;8.6
3304557;Rio de Janeiro;RJ;76588;1658;2.2
3304904;São Gonçalo;RJ;9620;701;7.3
3550308;São Paulo;SP;153145;26366;17.2
3549904;São José dos Campos;SP;8679;2023;23.3
3526407;Laranjal Paulista;SP;476;141;29.6
3510500;Caraguatatuba;SP;2095;342;16.3
3539004;Pirangi;SP;134;35;26.1
3513009;Cotia;SP;3847;1117;29
3552502;Suzano;SP;4237;1199;28.3
3544202;Riolândia;SP;199;90;45.2
3514908;Elias Fausto;SP;251;116;46.2
3506003;Bauru;SP;4782;946;19.8
3523107;Itaquaquecetuba;SP;3823;1327;34.7
3525904;Jundiaí;SP;5723;738;12.9
3513801;Diadema;SP;4735;1230;26
3549805;São José do Rio Preto;SP;6264;930;14.8
3534401;Osasco;SP;9799;2209;22.5
3531803;Monte Mor;SP;928;360;38.8
3505807;Bastos;SP;264;97;36.7
3509502;Campinas;SP;12948;3225;24.9
3552551;Suzanápolis;SP;57;23;40.4
3530409;Mirassolândia;SP;67;34;50.7
3548708;São Bernardo do Campo;SP;10181;1517;14.9
3523503;Itatinga;SP;232;89;38.4
3554508;Tietê;SP;706;211;29.9
3557006;Votorantim;SP;1317;392;29.8
3537909;Pilar do Sul;SP;373;143;38.3
3554102;Taubaté;SP;3594;710;19.8
3506508;Birigui;SP;1642;422;25.7
3538006;Pindamonhangaba;SP;2562;694;27.1
3509205;Cajamar;SP;1351;290;21.5
3506102;Bebedouro;SP;1409;375;26.6
3512506;Coroados;SP;83;27;32.5
3536703;Pederneiras;SP;627;116;18.5
3546702;Santa Gertrudes;SP;341;109;32
3511102;Catanduva;SP;1994;405;20.3
3518503;Guareí;SP;210;89;42.4
3515509;Fernandópolis;SP;1058;233;22
3539103;Pirapora do Bom Jesus;SP;214;113;52.8
3551702;Sertãozinho;SP;1757;559;31.8
3503802;Artur Nogueira;SP;604;259;42.9
3503208;Araraquara;SP;3285;743;22.6
3552403;Sumaré;SP;3070;971;31.6
3541406;Presidente Prudente;SP;3025;754;24.9
3502101;Andradina;SP;835;157;18.8
3543402;Ribeirão Preto;SP;9676;2736;28.3
3519709;Ibiúna;SP;1104;137;12.4
3532009;Morungaba;SP;203;29;14.3
3504107;Atibaia;SP;2217;667;30.1
3530805;Mogi Mirim;SP;1369;372;27.2
3520400;Ilhabela;SP;751;358;47.7
3547809;Santo André;SP;8250;1462;17.7
3503901;Arujá;SP;1486;308;20.7
3510609;Carapicuíba;SP;3945;1457;36.9
3507704;Braúna;SP;78;33;42.3
3545308;Salto de Pirapora;SP;562;134;23.8
3530706;Mogi Guaçu;SP;2220;530;23.9
3550704;São Sebastião;SP;1564;449;28.7
3523404;Itatiba;SP;1984;448;22.6
3530607;Mogi das Cruzes;SP;4841;1016;21
3540507;Porangaba;SP;88;32;36.4
3525300;Jaú;SP;2010;445;22.1
3552205;Sorocaba;SP;8310;1659;20
3543907;Rio Claro;SP;2760;805;29.2
3520509;Indaiatuba;SP;3166;944;29.8
3515202;Estrela d'Oeste;SP;136;42;30.9
3516408;Franco da Rocha;SP;1827;751;41.1
3546405;Santa Cruz do Rio Pardo;SP;628;87;13.9
3518800;Guarulhos;SP;16628;2735;16.4
3543303;Ribeirão Pires;SP;1903;610;32.1
3550407;São Pedro;SP;467;132;28.3
3545605;Santa Adélia;SP;228;87;38.2
3540200;Pontal;SP;597;285;47.7
3554003;Tatuí;SP;2119;482;22.7
3550209;São Miguel Arcanjo;SP;434;153;35.3
3541000;Praia Grande;SP;6165;801;13
3501608;Americana;SP;2902;576;19.8
3535002;Palestina;SP;134;64;47.8
3549508;São José da Bela Vista;SP;110;27;24.5
3514106;Dois Córregos;SP;370;124;33.5
3529807;Mineiros do Tietê;SP;181;59;32.6
3515707;Ferraz de Vasconcelos;SP;1848;607;32.8
3556206;Valinhos;SP;1649;139;8.4
3533601;Nuporanga;SP;116;18;15.5
3548500;Santos;SP;6621;553;8.4
3526902;Limeira;SP;3669;852;23.2
3500303;Aguaí;SP;454;122;26.9
3553302;Tambaú;SP;350;55;15.7
3545803;Santa Bárbara d'Oeste;SP;2135;597;28
3547304;Santana de Parnaíba;SP;2591;393;15.2
3513702;Descalvado;SP;431;163;37.8
3523602;Itirapina;SP;222;90;40.5
3507506;Botucatu;SP;2129;215;10.1
3502754;Araçariguama;SP;465;302;64.9
3501004;Altinópolis;SP;243;95;39.1
3545209;Salto;SP;1535;404;26.3
3529401;Mauá;SP;4097;1510;36.9
3500402;Águas da Prata;SP;66;33;50
3551603;Serra Negra;SP;377;99;26.3
3503000;Aramina;SP;72;25;34.7
3530508;Mococa;SP;1055;155;14.7
3552106;Socorro;SP;646;74;11.5
3510401;Capivari;SP;896;158;17.6
3522604;Itapira;SP;1091;191;17.5
3538709;Piracicaba;SP;5896;966;16.4
3557105;Votuporanga;SP;1246;137;11
3557303;Estiva Gerbi;SP;192;90;46.9
3522109;Itanhaém;SP;1529;632;41.3
3515400;Fartura;SP;244;67;27.5
3501806;Américo de Campos;SP;88;39;44.3
3537107;Pedreira;SP;484;104;21.5
3534757;Ouroeste;SP;156;51;32.7
3507902;Brotas;SP;414;101;24.4
3548807;São Caetano do Sul;SP;2620;432;16.5
3518305;Guararema;SP;456;94;20.6
3504305;Avaí;SP;115;94;81.7
3536901;Pedranópolis;SP;31;7;22.6
3506359;Bertioga;SP;1043;326;31.3
3515608;Fernando Prestes;SP;123;57;46.3
3530102;Mirandópolis;SP;245;44;18
3505906;Batatais;SP;860;180;20.9
3527603;Luís Antônio;SP;226;75;33.2
3535507;Paraguaçu Paulista;SP;696;107;15.4
3531100;Mongaguá;SP;957;319;33.3
3531308;Monte Alto;SP;652;233;35.7
3523909;Itu;SP;2559;1195;46.7
3505708;Barueri;SP;5163;1398;27.1
3537305;Penápolis;SP;1061;437;41.2
3524303;Jaboticabal;SP;1159;341;29.4
3508108;Buritama;SP;191;50;26.2
3556503;Várzea Paulista;SP;1077;290;26.9
3526803;Lençóis Paulista;SP;967;183;18.9
3551009;São Vicente;SP;3730;550;14.7
3510203;Capão Bonito;SP;596;173;29
3503307;Araras;SP;1958;488;24.9
3505609;Barrinha;SP;454;234;51.5
3501103;Alto Alegre;SP;44;16;36.4
3528809;Maracaí;SP;211;42;19.9
3540606;Porto Feliz;SP;719;85;11.8
3531902;Morro Agudo;SP;440;127;28.9
3524402;Jacareí;SP;2831;969;34.2
3521804;Itaí;SP;317;84;26.5
3549102;São João da Boa Vista;SP;1253;145;11.6
3536505;Paulínia;SP;1796;248;13.8
3550100;São Manuel;SP;515;156;30.3
3533908;Olímpia;SP;847;178;21
3519808;Icém;SP;120;29;24.2
3527108;Lins;SP;972;320;32.9
3548906;São Carlos;SP;3792;936;24.7
3526209;Juquitiba;SP;427;167;39.1
3532900;Nova Europa;SP;165;45;27.3
3528106;Macaubal;SP;73;23;31.5
3509809;Campos Novos Paulista;SP;69;31;44.9
3507605;Bragança Paulista;SP;2711;422;15.6
3527009;Lindóia;SP;105;19;18.1
3545159;Saltinho;SP;86;32;37.2
3501905;Amparo;SP;1123;300;26.7
3519071;Hortolândia;SP;2872;960;33.4
3504602;Bady Bassitt;SP;292;128;43.8
3515152;Engenheiro Coelho;SP;318;99;31.1
3556453;Vargem Grande Paulista;SP;693;177;25.5
3519105;Iacanga;SP;150;54;36
3555505;Ubirajara;SP;83;33;39.8
3504800;Bálsamo;SP;106;37;34.9
3500204;Adolfo;SP;72;13;18.1
3513405;Cruzeiro;SP;1266;359;28.4
3504008;Assis;SP;1665;444;26.7
3510807;Casa Branca;SP;480;77;16
3516200;Franca;SP;5498;944;17.2
3528502;Mairiporã;SP;963;228;23.7
3518602;Guariba;SP;697;71;10.2
3509304;Cajobi;SP;127;52;40.9
3554805;Tremembé;SP;691;417;60.3
3515186;Espírito Santo do Pinhal;SP;684;235;34.4
3522307;Itapetininga;SP;2040;552;27.1
3536604;Paulo de Faria;SP;102;39;38.2
3543600;Rifaina;SP;59;16;27.1
3518404;Guaratinguetá;SP;1776;468;26.4
3522208;Itapecerica da Serra;SP;2181;785;36
3518701;Guarujá;SP;3599;961;26.7
3534708;Ourinhos;SP;1540;259;16.8
3554300;Teodoro Sampaio;SP;474;160;33.8
3518909;Guzolândia;SP;65;27;41.5
3546108;Santa Clara d'Oeste;SP;42;15;35.7
3507001;Boituva;SP;918;141;15.4
3511607;Cesário Lange;SP;300;91;30.3
3524709;Jaguariúna;SP;1118;200;17.9
3540705;Porto Ferreira;SP;781;245;31.4
3513603;Cunha;SP;289;70;24.2
3508504;Caçapava;SP;1173;288;24.6
3518107;Guarantã;SP;79;31;39.2
3537602;Peruíbe;SP;1105;185;16.7
3541208;Presidente Bernardes;SP;230;57;24.8
3529005;Marília;SP;3011;688;22.8
3507803;Brodowski;SP;387;136;35.1
3512308;Conchas;SP;266;32;12
3505500;Barretos;SP;1597;592;37.1
3532603;Nhandeara;SP;151;32;21.2
3522901;Itapuí;SP;221;87;39.4
3526100;Juquiá;SP;296;83;28
3553005;Taguaí;SP;174;48;27.6
3552809;Taboão da Serra;SP;3047;1102;36.2
3509007;Caieiras;SP;1298;478;36.8
3550902;São Simão;SP;280;101;36.1
3525003;Jandira;SP;1680;483;28.8
3549409;São Joaquim da Barra;SP;581;124;21.3
3540309;Pontes Gestal;SP;51;17;33.3
3555000;Tupã;SP;922;319;34.6
3546306;Santa Cruz das Palmeiras;SP;478;119;24.9
3550605;São Roque;SP;1491;461;30.9
3516705;Garça;SP;781;356;45.6
3537800;Piedade;SP;660;203;30.8
3539905;Poloni;SP;70;43;61.4
3547601;Santa Rosa de Viterbo;SP;422;93;22
3543105;Ribeirão Corrente;SP;85;22;25.9
3544103;Rio Grande da Serra;SP;525;241;45.9
3557204;Chavantes;SP;202;62;30.7
3513504;Cubatão;SP;1955;203;10.4
3520103;Igarapava;SP;380;42;11.1
3538600;Piracaia;SP;416;153;36.8
3501152;Alumínio;SP;280;112;40
3504503;Avaré;SP;1251;376;30.1
3516309;Francisco Morato;SP;1903;593;31.2
3508405;Cabreúva;SP;691;212;30.7
3556404;Vargem Grande do Sul;SP;562;159;28.3
3547502;Santa Rita do Passa Quatro;SP;308;46;14.9
3546603;Santa Fé do Sul;SP;555;185;33.3
3521200;Iporanga;SP;90;61;67.8
3507159;Bom Sucesso de Itararé;SP;61;16;26.2
3538808;Piraju;SP;616;200;32.5
3546900;Santa Lúcia;SP;91;40;44
3556701;Vinhedo;SP;1320;339;25.7
3553104;Taiaçu;SP;78;7;9
3527405;Lucélia;SP;266;108;40.6
3512001;Colina;SP;327;127;38.8
3551900;Severínia;SP;192;35;18.2
3502903;Araçoiaba da Serra;SP;433;135;31.2
3535903;Paranapuã;SP;55;9;16.4
3503109;Arandu;SP;81;32;39.5
3532207;Narandiba;SP;113;44;38.9
3542008;Quintana;SP;105;31;29.5
3540002;Pompéia;SP;378;75;19.8
3536307;Patrocínio Paulista;SP;149;36;24.2
3522158;Itaoca;SP;83;43;51.8
3547908;Santo Antônio da Alegria;SP;113;41;36.3
3546801;Santa Isabel;SP;629;215;34.2
3554706;Torrinha;SP;122;45;36.9
3539301;Pirassununga;SP;1099;343;31.2
3511003;Castilho;SP;275;111;40.4
3530904;Mombuca;SP;82;22;26.8
3539806;Poá;SP;1336;495;37.1
3556909;Vista Alegre do Alto;SP;120;28;23.3
3519055;Holambra;SP;304;93;30.6
3535804;Paranapanema;SP;395;50;12.7
3537206;Pedro de Toledo;SP;143;48;33.6
3526704;Leme;SP;1666;538;32.3
3541653;Quadra;SP;51;15;29.4
3516002;Flórida Paulista;SP;123;53;43.1
3501707;Américo Brasiliense;SP;473;160;33.8
3526001;Junqueirópolis;SP;257;108;42
3524105;Ituverava;SP;618;116;18.8
3538907;Pirajuí;SP;282;137;48.6
3506300;Bernardino de Campos;SP;166;25;15.1
3513108;Cravinhos;SP;467;114;24.4
3515004;Embu das Artes;SP;3031;1172;38.7
3546504;Santa Ernestina;SP;77;28;36.4
3545407;Salto Grande;SP;137;28;20.4
3507407;Borborema;SP;189;51;27
3535101;Palmares Paulista;SP;141;55;39
3533403;Nova Odessa;SP;933;207;22.2
3540754;Potim;SP;252;115;45.6
3537008;Pedregulho;SP;251;108;43
3553401;Tanabi;SP;341;68;19.9
3534203;Orindiúva;SP;73;26;35.6
3511409;Cerqueira César;SP;396;147;37.1
3533502;Novo Horizonte;SP;537;122;22.7
3519303;Ibaté;SP;565;188;33.3
3500501;Águas de Lindóia;SP;317;63;19.9
3519402;Ibirá;SP;210;74;35.2
3546256;Santa Cruz da Esperança;SP;46;14;30.4
3532702;Nipoã;SP;57;14;24.6
3502804;Araçatuba;SP;2400;301;12.5
3527306;Louveira;SP;639;225;35.2
3534302;Orlândia;SP;695;233;33.5
3515103;Embu-Guaçu;SP;1025;471;46
3542602;Registro;SP;932;250;26.8
3533205;Nova Independência;SP;108;53;49.1
3512209;Conchal;SP;408;111;27.2
3503950;Aspásia;SP;30;5;16.7
3506607;Biritiba Mirim;SP;351;126;35.9
3505005;Barão de Antonina;SP;75;47;62.7
3553906;Tarabai;SP;114;20;17.5
3557154;Zacarias;SP;38;15;39.5
3524006;Itupeva;SP;937;298;31.8
3547007;Santa Maria da Serra;SP;107;46;43
3505203;Bariri;SP;533;153;28.7
3540804;Potirendaba;SP;254;19;7.5
3523206;Itararé;SP;728;230;31.6
3506805;Bocaina;SP;157;59;37.6
3552601;Tabapuã;SP;141;43;30.5
3542206;Rancharia;SP;520;247;47.5
3525201;Jarinu;SP;538;212;39.4
3508207;Buritizal;SP;80;32;40
3529708;Miguelópolis;SP;245;67;27.3
3512605;Coronel Macedo;SP;55;26;47.3
3545001;Salesópolis;SP;179;51;28.5
3546207;Santa Cruz da Conceição;SP;67;22;32.8
3555604;Uchoa;SP;149;82;55
3527207;Lorena;SP;1184;206;17.4
3523800;Itobi;SP;100;31;31
3521101;Ipeúna;SP;106;51;48.1
3512803;Cosmópolis;SP;674;87;12.9
3548054;Santo Antônio do Aracanguá;SP;123;35;28.5
3521309;Ipuã;SP;219;54;24.7
3541505;Presidente Venceslau;SP;609;186;30.5
3502200;Angatuba;SP;304;63;20.7
3534906;Pacaembu;SP;162;88;54.3
3540903;Pradópolis;SP;337;108;32
3528403;Mairinque;SP;716;215;30
3525102;Jardinópolis;SP;725;291;40.1
3536000;Parapuã;SP;116;45;38.8
3508603;Cachoeira Paulista;SP;549;83;15.1
3528601;Manduri;SP;135;42;31.1
3514205;Dolcinópolis;SP;44;4;9.1
3518859;Guatapará;SP;137;39;28.5
3519006;Herculândia;SP;100;46;46
3511508;Cerquilho;SP;805;318;39.5
3553203;Taiúva;SP;89;51;57.3
3512100;Colômbia;SP;98;39;39.8
3531506;Monte Azul Paulista;SP;256;38;14.8
3526506;Lavínia;SP;97;58;59.8
3543006;Ribeirão Branco;SP;254;104;40.9
3509403;Cajuru;SP;380;115;30.3
3549607;São José do Barreiro;SP;100;55;55
3553955;Tarumã;SP;196;60;30.6
3516853;Gavião Peixoto;SP;113;29;25.7
3542701;Restinga;SP;114;36;31.6
3539400;Piratininga;SP;188;47;25
3525706;José Bonifácio;SP;578;181;31.3
3535408;Panorama;SP;251;90;35.9
3551108;Sarapuí;SP;125;52;41.6
3544905;Sales Oliveira;SP;149;42;28.2
3556800;Viradouro;SP;279;67;24
3509106;Caiuá;SP;71;39;54.9
3510005;Cândido Mota;SP;520;241;46.3
3509908;Cananéia;SP;197;91;46.2
3548005;Santo Antônio de Posse;SP;342;55;16.1
3528858;Marapoama;SP;53;13;24.5
3554409;Terra Roxa;SP;107;20;18.7
3511201;Catiguá;SP;88;17;19.3
3502705;Apiaí;SP;410;181;44.1
3550506;São Pedro do Turvo;SP;143;55;38.5
3517000;Getulina;SP;115;71;61.7
3552007;Silveiras;SP;96;36;37.5
3551306;Sebastianópolis do Sul;SP;60;32;53.3
3549953;São Lourenço da Serra;SP;234;67;28.6
3520004;Igaraçu do Tietê;SP;314;76;24.2
3553807;Taquarituba;SP;416;99;23.8
3555406;Ubatuba;SP;1331;449;33.7
3534104;Oriente;SP;75;44;58.7
3548203;Santo Antônio do Pinhal;SP;137;44;32.1
3509700;Campos do Jordão;SP;680;124;18.2
3519501;Ibirarema;SP;81;29;35.8
3556008;Urupês;SP;206;73;35.4
3510153;Canitar;SP;104;37;35.6
3539608;Planalto;SP;57;23;40.4
3514957;Embaúba;SP;37;17;45.9
3543204;Ribeirão do Sul;SP;73;24;32.9
3554607;Timburi;SP;44;24;54.5
3504404;Avanhandava;SP;136;52;38.2
3529302;Matão;SP;1053;289;27.4
3509601;Campo Limpo Paulista;SP;1322;435;32.9
3536257;Parisi;SP;45;19;42.2
3530300;Mirassol;SP;749;151;20.2
3555901;Uru;SP;36;13;36.1
3501400;Álvaro de Carvalho;SP;69;38;55.1
3530201;Mirante do Paranapanema;SP;254;72;28.3
3500709;Agudos;SP;549;180;32.8
3532504;Neves Paulista;SP;122;23;18.9
3535309;Palmital;SP;305;116;38
3536208;Pariquera-Açu;SP;254;80;31.5
3529104;Marinópolis;SP;35;15;42.9
3522505;Itapevi;SP;2488;591;23.8
3553856;Taquarivaí;SP;138;58;42
3549250;São João de Iracema;SP;34;12;35.3
3519600;Ibitinga;SP;805;149;18.5
3541703;Quatá;SP;272;68;25
3522703;Itápolis;SP;686;184;26.8
3525508;Joanópolis;SP;138;42;30.4
3520426;Ilha Comprida;SP;182;22;12.1
3501202;Álvares Florence;SP;60;22;36.7
3522802;Itaporanga;SP;214;54;25.2
3542909;Ribeirão Bonito;SP;189;50;26.5
3515657;Fernão;SP;27;17;63
3520301;Iguape;SP;430;207;48.1
3505351;Barra do Chapéu;SP;101;57;56.4
3509452;Campina do Monte Alegre;SP;85;33;38.8
3520202;Igaratá;SP;192;57;29.7
3502507;Aparecida;SP;608;186;30.6
3543808;Rinópolis;SP;96;42;43.8
3541307;Presidente Epitácio;SP;660;193;29.2
3531407;Monte Aprazível;SP;350;82;23.4
3532405;Nazaré Paulista;SP;238;99;41.6
3546009;Santa Branca;SP;200;79;39.5
3520442;Ilha Solteira;SP;453;95;21
3517505;Guapiaçu;SP;270;81;30
3520905;Ipaussu;SP;264;101;38.3
3521408;Iracemápolis;SP;274;71;25.9
3506904;Bofete;SP;163;35;21.5
3507100;Bom Jesus dos Perdões;SP;290;114;39.3
3554656;Torre de Pedra;SP;40;17;42.5
3508702;Caconde;SP;225;68;30.2
3532058;Motuca;SP;53;11;20.8
3513207;Cristais Paulista;SP;131;37;28.2
3501301;Álvares Machado;SP;356;97;27.2
3521705;Itaberá;SP;332;143;43.1
3516606;Gália;SP;98;55;56.1
3553708;Taquaritinga;SP;704;128;18.2
3519907;Iepê;SP;106;53;50
3511300;Cedral;SP;146;16;11
3533254;Novais;SP;79;18;22.8
3514304;Dourado;SP;116;34;29.3
3517208;Guaiçara;SP;140;74;52.9
3518008;Guarani d'Oeste;SP;40;22;55
3534807;Ouro Verde;SP;120;27;22.5
3529658;Mesópolis;SP;38;12;31.6
3541604;Promissão;SP;434;116;26.7
3502309;Anhembi;SP;100;43;43
3511706;Charqueada;SP;216;29;13.4
3548609;São Bento do Sapucaí;SP;141;58;41.1
3547403;Santa Rita d'Oeste;SP;39;17;43.6
3555109;Tupi Paulista;SP;232;67;28.9
3534609;Osvaldo Cruz;SP;418;90;21.5
3500550;Águas de Santa Bárbara;SP;109;50;45.9
3550001;São Luiz do Paraitinga;SP;163;49;30.1
3524808;Jales;SP;605;100;16.5
3521002;Iperó;SP;437;143;32.7
3544004;Rio das Pedras;SP;487;227;46.6
3509254;Cajati;SP;380;91;23.9
3523305;Itariri;SP;204;89;43.6
3526605;Lavrinhas;SP;124;47;37.9
3532306;Natividade da Serra;SP;111;66;59.5
3525854;Jumirim;SP;62;11;17.7
3505401;Barra do Turvo;SP;124;65;52.4
3556305;Valparaíso;SP;299;116;38.8
3517406;Guaíra;SP;680;228;33.5
3512902;Cosmorama;SP;114;63;55.3
3540259;Pontalinda;SP;62;23;37.1
3521507;Irapuã;SP;82;32;39
3521903;Itajobi;SP;316;25;7.9
3522406;Itapeva;SP;1334;343;25.7
3504206;Auriflama;SP;194;63;32.5
3555307;Turmalina;SP;34;9;26.5
3556107;Valentim Gentil;SP;128;38;29.7
3505302;Barra Bonita;SP;611;108;17.7
3517604;Guapiara;SP;368;182;49.5
3502002;Analândia;SP;110;13;11.8
3516903;General Salgado;SP;165;74;44.8
3548104;Santo Antônio do Jardim;SP;103;39;37.9
3517703;Guará;SP;318;57;17.9
3552700;Tabatinga;SP;216;57;26.4
3524501;Jaci;SP;94;31;33
3539202;Pirapozinho;SP;361;98;27.1
3525607;João Ramalho;SP;72;45;62.5
3521150;Ipiguá;SP;74;19;25.7
3545704;Santa Albertina;SP;65;19;29.2
3512407;Cordeirópolis;SP;437;164;37.5
3549706;São José do Rio Pardo;SP;875;196;22.4
3515194;Espírito Santo do Turvo;SP;56;20;35.7
3542107;Rafard;SP;152;54;35.5
3538501;Piquete;SP;115;37;32.2
3503703;Ariranha;SP;110;48;43.6
3515905;Floreal;SP;34;10;29.4
3544400;Rubiácea;SP;55;29;52.7
3536406;Paulicéia;SP;114;38;33.3
3541901;Queluz;SP;134;54;40.3
3504909;Bananal;SP;132;38;28.8
3503158;Arapeí;SP;38;11;28.9
3503505;Areias;SP;53;15;28.3
3544301;Roseira;SP;224;98;43.8
3526308;Lagoinha;SP;70;26;37.1
3509957;Canas;SP;108;50;46.3
3531704;Monteiro Lobato;SP;72;21;29.2
3524907;Jambeiro;SP;125;60;48
3535606;Paraibuna;SP;239;113;47.3
3542305;Redenção da Serra;SP;51;22;43.1
3542800;Ribeira;SP;56;32;57.1
3519253;Iaras;SP;129;79;61.2
3536109;Pardinho;SP;95;38;40
3503604;Areiópolis;SP;128;34;26.6
3543253;Ribeirão Grande;SP;123;40;32.5
3543501;Riversul;SP;97;38;39.2
3532827;Nova Campina;SP;163;96;58.9
3508009;Buri;SP;281;47;16.7
3537503;Pereiras;SP;100;49;49
3553500;Tapiraí;SP;84;27;32.1
3510302;Capela do Alto;SP;302;114;37.7
3531209;Monte Alegre do Sul;SP;115;23;20
3554953;Tuiuti;SP;86;19;22.1
3556354;Vargem;SP;116;14;12.1
3536802;Pedra Bela;SP;96;48;50
3538204;Pinhalzinho;SP;223;70;31.4
3553609;Tapiratiba;SP;153;51;33.3
3550803;São Sebastião da Grama;SP;178;77;43.3
3513900;Divinolândia;SP;172;71;41.3
3500600;Águas de São Pedro;SP;77;8;10.4
3512704;Corumbataí;SP;63;19;30.2
3506706;Boa Esperança do Sul;SP;240;106;44.2
3543709;Rincão;SP;157;57;36.3
3554755;Trabiju;SP;44;20;45.5
3524204;Jaborandi;SP;92;30;32.6
3539509;Pitangueiras;SP;505;144;28.5
3553658;Taquaral;SP;44;15;34.1
3523701;Itirapuã;SP;64;24;37.5
3525409;Jeriquara;SP;73;24;32.9
3514601;Dumont;SP;149;33;22.1
3551504;Serrana;SP;672;240;35.7
3551405;Serra Azul;SP;150;84;56
3510906;Cássia dos Coqueiros;SP;50;19;38
3510104;Cândido Rodrigues;SP;57;25;43.9
3514007;Dobrada;SP;151;64;42.4
3527504;Lucianópolis;SP;39;12;30.8
3503406;Arealva;SP;108;32;29.6
3508306;Cabrália Paulista;SP;110;20;18.2
3514502;Duartina;SP;164;22;13.4
3542503;Reginópolis;SP;77;33;42.9
3507308;Boracéia;SP;88;35;39.8
3522000;Itaju;SP;59;17;28.8
3507456;Borebi;SP;55;26;47.3
3536570;Paulistânia;SP;37;15;40.5
3528007;Macatuba;SP;281;70;24.9
3544608;Sabino;SP;63;25;39.7
3540101;Pongaí;SP;59;22;37.3
3504701;Balbinos;SP;42;30;71.4
3508801;Cafelândia;SP;318;107;33.6
3517307;Guaimbê;SP;57;13;22.8
3525805;Júlio Mesquita;SP;59;30;50.8
3514924;Elisiário;SP;63;13;20.6
3535705;Paraíso;SP;71;14;19.7
3538105;Pindorama;SP;172;43;25
3549201;São João das Duas Pontes;SP;35;10;28.6
3528205;Macedônia;SP;45;13;28.9
3520707;Indiaporã;SP;64;11;17.2
3530003;Mira Estrela;SP;36;14;38.9
3529609;Meridiano;SP;58;12;20.7
3549003;São Francisco;SP;33;8;24.2
3540408;Populina;SP;58;42;72.4
3547650;Santa Salete;SP;40;11;27.5
3556958;Vitória Brasil;SP;32;8;25
3513850;Dirce Reis;SP;30;12;40
3555802;Urânia;SP;83;41;49.4
3555356;Ubarana;SP;66;24;36.4
3532801;Nova Aliança;SP;116;47;40.5
3529500;Mendonça;SP;87;35;40.2
3555703;União Paulista;SP;36;21;58.3
3533304;Nova Luzitânia;SP;44;8;18.2
3531001;Monções;SP;37;1;2.7
3534005;Onda Verde;SP;79;20;25.3
3533007;Nova Granada;SP;268;94;35.1
3544806;Sales;SP;70;28;40
3517901;Guaraci;SP;151;46;30.5
3500907;Altair;SP;60;24;40
3547205;Santana da Ponte Pensa;SP;28;3;10.7
3554904;Três Fronteiras;SP;76;30;39.5
3532843;Nova Canaã Paulista;SP;32;11;34.4
3535200;Palmeira d'Oeste;SP;113;22;19.5
3544509;Rubinéia;SP;71;19;26.8
3502606;Aparecida d'Oeste;SP;51;11;21.6
3510708;Cardoso;SP;176;63;35.8
3523008;Itapura;SP;49;23;46.9
3517802;Guaraçaí;SP;120;40;33.3
3532108;Murutinga do Sul;SP;51;10;19.6
3518206;Guararapes;SP;488;87;17.8
3506201;Bento de Abreu;SP;36;13;36.1
3507753;Brejo Alegre;SP;51;18;35.3
3517109;Glicério;SP;61;23;37.7
3527256;Lourdes;SP;39;11;28.2
3516507;Gabriel Monteiro;SP;42;19;45.2
3506409;Bilac;SP;75;41;54.7
3555208;Turiúba;SP;31;6;19.4
3505104;Barbosa;SP;87;22;25.3
3548401;Santópolis do Aguapeí;SP;70;30;42.9
3527702;Luiziânia;SP;67;12;17.9
3537701;Piacatu;SP;60;21;35
3511904;Clementina;SP;96;38;39.6
3528304;Magda;SP;37;8;21.6
3537404;Pereira Barreto;SP;378;111;29.4
3516804;Gastão Vidigal;SP;52;24;46.2
3552304;Sud Mennucci;SP;109;60;55
3532868;Nova Castilho;SP;35;23;65.7
3500105;Adamantina;SP;557;122;21.9
3540853;Pracinha;SP;49;30;61.2
3528908;Mariápolis;SP;75;33;44
3521606;Irapuru;SP;89;48;53.9
3515806;Flora Rica;SP;44;26;59.1
3514403;Dracena;SP;915;297;32.5
3547106;Santa Mercedes;SP;58;26;44.8
3533106;Nova Guataporanga;SP;41;19;46.3
3549300;São João do Pau d'Alho;SP;43;22;51.2
3531605;Monte Castelo;SP;59;34;57.6
3545100;Salmourão;SP;66;23;34.8
3544707;Sagres;SP;47;21;44.7
3520806;Inúbia Paulista;SP;52;15;28.8
3500808;Alfredo Marcondes;SP;51;14;27.5
3548302;Santo Expedito;SP;51;28;54.9
3544251;Rosana;SP;338;124;36.7
3515350;Euclides da Cunha Paulista;SP;161;87;54
3538303;Piquerobi;SP;58;20;34.5
3528700;Marabá Paulista;SP;79;34;43
3529203;Martinópolis;SP;389;135;34.7
3532157;Nantes;SP;46;16;34.8
3508900;Caiabu;SP;65;27;41.5
3515301;Estrela do Norte;SP;53;24;45.3
3520608;Indiana;SP;68;33;48.5
3502408;Anhumas;SP;52;23;44.2
3542404;Regente Feijó;SP;295;104;35.3
3545506;Sandovalina;SP;79;15;19
3552908;Taciba;SP;85;46;54.1
3543238;Ribeirão dos Índios;SP;42;21;50
3515129;Emilianópolis;SP;65;17;26.2
3547700;Santo Anastácio;SP;253;76;30
3527900;Lutécia;SP;61;30;49.2
3513306;Cruzália;SP;27;10;37
3537156;Pedrinhas Paulista;SP;47;13;27.7
3516101;Florínea;SP;52;23;44.2
3539707;Platina;SP;58;22;37.9
3501509;Alvinlândia;SP;54;25;46.3
3527801;Lupércio;SP;72;34;47.2
3533700;Ocauçu;SP;66;21;31.8
3556602;Vera Cruz;SP;136;42;30.9
3534500;Oscar Bressane;SP;42;15;35.7
3554201;Tejupá;SP;103;56;54.4
3533809;Óleo;SP;61;14;23
3551207;Sarutaiá;SP;56;15;26.8
3519204;Iacri;SP;55;20;36.4
3541802;Queiroz;SP;56;15;26.8
3503356;Arco-Íris;SP;43;22;51.2
3529906;Miracatu;SP;345;159;46.1
3524600;Jacupiranga;SP;207;72;34.8
3551801;Sete Barras;SP;190;92;48.4
3514809;Eldorado;SP;256;136;53.1
3500758;Alambari;SP;71;35;49.3
3541059;Pratânia;SP;85;19;22.4
3522653;Itapirapuã Paulista;SP;72;28;38.9
3541109;Presidente Alves;SP;69;28;40.6
3507209;Borá;SP;29;10;34.5
3514700;Echaporã;SP;82;39;47.6
4100608;Alto Paraná;PR;231;71;30.7
4100905;Amaporã;PR;81;22;27.2
4106704;Cruzeiro do Sul;PR;75;18;24
4107108;Diamante do Norte;PR;104;29;27.9
4108908;Guairaçá;PR;109;26;23.9
4110300;Inajá;PR;78;40;51.3
4111308;Itaúna do Sul;PR;75;22;29.3
4112603;Jardim Olinda;PR;40;18;45
4113502;Loanda;PR;446;80;17.9
4115002;Marilena;PR;110;21;19.1
4115903;Mirador;PR;51;21;41.2
4116505;Nova Aliança do Ivaí;PR;27;20;74.1
4117107;Nova Londrina;PR;257;60;23.3
4118006;Paraíso do Norte;PR;208;19;9.1
4118105;Paranacity;PR;178;48;27
4124020;Santa Tereza do Oeste;PR;221;80;36.2
4118303;Paranapoema;PR;53;25;47.2
4118402;Paranavaí;PR;1828;439;24
4119707;Planaltina do Paraná;PR;72;20;27.8
4120200;Porto Rico;PR;81;25;30.9
4121000;Querência do Norte;PR;188;80;42.6
4123303;Santa Cruz de Monte Castelo;PR;191;67;35.1
4123709;Santa Isabel do Ivaí;PR;197;62;31.5
4123956;Santa Mônica;PR;73;39;53.4
4124202;Santo Antônio do Caiuá;PR;56;14;25
4124608;São Carlos do Ivaí;PR;112;17;15.2
4124905;São João do Caiuá;PR;100;34;34
4125902;São Pedro do Paraná;PR;85;42;49.4
4126702;Tamboara;PR;83;30;36.1
4127304;Terra Rica;PR;289;96;33.2
4100509;Altônia;PR;417;122;29.3
4100707;Alto Piquiri;PR;242;119;49.2
4103370;Brasilândia do Sul;PR;81;41;50.6
4103479;Cafezal do Sul;PR;115;60;52.2
4106605;Cruzeiro do Oeste;PR;372;155;41.7
4107256;Douradina;PR;177;80;45.2
4108320;Francisco Alves;PR;144;86;59.7
4109906;Icaraíma;PR;190;62;32.6
4110607;Iporã;PR;276;104;37.7
4111555;Ivaté;PR;151;75;49.7
4114708;Maria Helena;PR;108;36;33.3
4115101;Mariluz;PR;138;35;25.4
4117206;Nova Olímpia;PR;87;28;32.2
4118907;Pérola;PR;206;82;39.8
4107520;Esperança Nova;PR;40;19;47.5
4125357;São Jorge do Patrocínio;PR;94;38;40.4
4126900;Tapira;PR;115;24;20.9
4128104;Umuarama;PR;2447;821;33.6
4118857;Perobal;PR;118;37;31.4
4128625;Alto Paraíso;PR;74;24;32.4
4128807;Xambrê;PR;140;61;43.6
4105508;Cianorte;PR;1569;403;25.7
4105607;Cidade Gaúcha;PR;217;76;35
4109104;Guaporema;PR;45;19;42.2
4110409;Indianópolis;PR;76;19;25
4112405;Japurá;PR;129;47;36.4
4113007;Jussara;PR;108;28;25.9
4122602;Rondon;PR;151;40;26.5
4125555;São Manoel do Paraná;PR;52;10;19.2
4126108;São Tomé;PR;102;39;38.2
4126801;Tapejara;PR;228;63;27.6
4127908;Tuneiras do Oeste;PR;172;57;33.1
4100459;Altamira do Paraná;PR;58;13;22.4
4103008;Boa Esperança;PR;96;26;27.1
4103909;Campina da Lagoa;PR;270;86;31.9
4108601;Goioerê;PR;737;189;25.6
4120655;Quarto Centenário;PR;96;25;26
4112207;Janiópolis;PR;108;42;38.9
4112959;Juranda;PR;166;77;46.4
4116109;Moreira Sales;PR;185;75;40.5
4116802;Nova Cantu;PR;146;45;30.8
4121356;Rancho Alegre D'Oeste;PR;48;37;77.1
4128005;Ubiratã;PR;509;136;26.7
4101705;Araruna;PR;253;112;44.3
4102505;Barbosa Ferraz;PR;236;55;23.3
4104303;Campo Mourão;PR;2057;468;22.8
4106555;Corumbataí do Sul;PR;52;34;65.4
4107504;Engenheiro Beltrão;PR;277;128;46.2
4107553;Farol;PR;52;10;19.2
4107702;Fênix;PR;99;15;15.2
4110805;Iretama;PR;210;116;55.2
4113734;Luiziana;PR;79;17;21.5
4114005;Mamborê;PR;210;56;26.7
4118808;Peabiru;PR;201;72;35.8
4121109;Quinta do Sol;PR;80;15;18.8
4122503;Roncador;PR;202;71;35.1
4127205;Terra Boa;PR;247;58;23.5
4101150;Ângulo;PR;72;18;25
4102109;Astorga;PR;476;85;17.9
4102208;Atalaia;PR;63;13;20.6
4103404;Cafeara;PR;56;11;19.6
4105102;Centenário do Sul;PR;184;43;23.4
4105904;Colorado;PR;407;213;52.3
4108106;Flórida;PR;48;21;43.8
4109203;Guaraci;PR;102;37;36.3
4110003;Iguaraçu;PR;112;25;22.3
4110904;Itaguajé;PR;94;3;3.2
4111902;Jaguapitã;PR;188;58;30.9
4113601;Lobato;PR;94;39;41.5
4113809;Lupionópolis;PR;107;15;14
4114104;Mandaguaçu;PR;394;126;32
4116307;Munhoz de Melo;PR;68;13;19.1
4116406;Nossa Senhora das Graças;PR;70;16;22.9
4116901;Nova Esperança;PR;394;93;23.6
4120408;Presidente Castelo Branco;PR;66;38;57.6
4123402;Santa Fé;PR;182;42;23.1
4123600;Santa Inês;PR;38;20;52.6
4124509;Santo Inácio;PR;124;73;58.9
4128302;Uniflor;PR;46;15;32.6
4100806;Alvorada do Sul;PR;142;61;43
4102802;Bela Vista do Paraíso;PR;307;105;34.2
4108007;Florestópolis;PR;209;74;35.4
4116000;Miraselva;PR;39;11;28.2
4120333;Prado Ferreira;PR;67;21;31.3
4120002;Porecatu;PR;271;84;31
4120507;Primeiro de Maio;PR;206;30;14.6
4126504;Sertanópolis;PR;252;47;18.7
4107306;Doutor Camargo;PR;110;16;14.5
4107801;Floraí;PR;90;28;31.1
4107900;Floresta;PR;211;54;25.6
4111100;Itambé;PR;99;38;38.4
4111605;Ivatuba;PR;79;14;17.7
4117404;Ourizona;PR;49;21;42.9
4125308;São Jorge do Ivaí;PR;75;25;33.3
4114203;Mandaguari;PR;528;181;34.3
4114807;Marialva;PR;608;175;28.8
4115200;Maringá;PR;6294;650;10.3
4117503;Paiçandu;PR;716;319;44.6
4126256;Sarandi;PR;1344;255;19
4101408;Apucarana;PR;2574;455;17.7
4101507;Arapongas;PR;2065;445;21.5
4103503;Califórnia;PR;176;31;17.6
4103800;Cambira;PR;161;31;19.3
4112108;Jandaia do Sul;PR;435;88;20.2
4114906;Marilândia do Sul;PR;149;44;29.5
4115754;Mauá da Serra;PR;188;47;25
4117297;Novo Itacolomi;PR;66;20;30.3
4122701;Sabáudia;PR;177;42;23.7
4103701;Cambé;PR;1693;375;22.2
4109807;Ibiporã;PR;985;147;14.9
4113700;Londrina;PR;9360;2003;21.4
4126678;Tamarana;PR;180;78;43.3
4119657;Pitangueiras;PR;66;29;43.9
4122404;Rolândia;PR;1003;383;38.2
4103206;Bom Sucesso;PR;107;66;61.7
4103305;Borrazópolis;PR;127;32;25.2
4107603;Faxinal;PR;328;113;34.5
4106852;Cruzmaltina;PR;55;27;49.1
4113106;Kaloré;PR;129;44;34.1
4115507;Marumbi;PR;79;22;27.8
4122107;Rio Bom;PR;55;15;27.3
4104402;Cândido de Abreu;PR;283;116;41
4108551;Godoy Moreira;PR;61;18;29.5
4122172;Rio Branco do Ivaí;PR;110;31;28.2
4108700;Grandes Rios;PR;148;59;39.9
4111506;Ivaiporã;PR;916;210;22.9
4101655;Arapuã;PR;83;40;48.2
4101853;Ariranha do Ivaí;PR;63;16;25.4
4112504;Jardim Alegre;PR;273;92;33.7
4113429;Lidianópolis;PR;104;45;43.3
4113759;Lunardelli;PR;81;22;27.2
4114500;Manoel Ribas;PR;349;124;35.5
4117271;Nova Tebas;PR;202;88;43.6
4122651;Rosário do Ivaí;PR;154;63;40.9
4125001;São João do Ivaí;PR;248;104;41.9
4125803;São Pedro do Ivaí;PR;195;92;47.2
4101903;Assaí;PR;340;113;33.2
4112702;Jataizinho;PR;217;60;27.6
4117214;Nova Santa Bárbara;PR;121;32;26.4
4121307;Rancho Alegre;PR;57;14;24.6
4123204;Santa Cecília do Pavão;PR;72;20;27.8
4124707;São Jerônimo da Serra;PR;308;131;42.5
4126009;São Sebastião da Amoreira;PR;201;53;26.4
4128401;Uraí;PR;246;43;17.5
4100103;Abatiá;PR;153;33;21.6
4101101;Andirá;PR;326;69;21.2
4102406;Bandeirantes;PR;778;188;24.2
4106001;Congonhinhas;PR;214;64;29.9
4106407;Cornélio Procópio;PR;1031;246;23.9
4111001;Itambaracá;PR;118;24;20.3
4113403;Leópolis;PR;117;38;32.5
4116604;Nova América da Colina;PR;61;28;45.9
4117008;Nova Fátima;PR;146;29;19.9
4121901;Ribeirão do Pinhal;PR;336;100;29.8
4123105;Santa Amélia;PR;103;39;37.9
4123907;Santa Mariana;PR;237;66;27.8
4124301;Santo Antônio do Paraíso;PR;64;29;45.3
4126405;Sertaneja;PR;164;45;27.4
4102703;Barra do Jacaré;PR;62;13;21
4103602;Cambará;PR;530;215;40.6
4111803;Jacarezinho;PR;998;223;22.3
4112900;Jundiaí do Sul;PR;68;22;32.4
4121802;Ribeirão Claro;PR;252;79;31.3
4124103;Santo Antônio da Platina;PR;870;161;18.5
4106100;Conselheiro Mairinck;PR;77;18;23.4
4107009;Curiúva;PR;254;83;32.7
4107751;Figueira;PR;132;61;46.2
4109708;Ibaiti;PR;611;251;41.1
4111704;Jaboti;PR;108;25;23.1
4112306;Japira;PR;92;21;22.8
4119202;Pinhalão;PR;161;80;49.7
4126207;Sapopema;PR;181;81;44.8
4104709;Carlópolis;PR;289;80;27.7
4109005;Guapirama;PR;90;25;27.8
4112801;Joaquim Távora;PR;273;61;22.3
4120705;Quatiguá;PR;136;42;30.9
4122909;Salto do Itararé;PR;95;13;13.7
4124004;Santana do Itararé;PR;106;24;22.6
4125407;São José da Boa Vista;PR;95;40;42.1
4126603;Siqueira Campos;PR;500;168;33.6
4127809;Tomazina;PR;226;83;36.7
4128500;Wenceslau Braz;PR;406;121;29.8
4117305;Ortigueira;PR;543;321;59.1
4121703;Reserva;PR;433;155;35.8
4127106;Telêmaco Borba;PR;1388;425;30.6
4110078;Imbaú;PR;194;109;56.2
4127502;Tibagi;PR;273;128;46.9
4128534;Ventania;PR;153;48;31.4
4101606;Arapoti;PR;498;159;31.9
4112009;Jaguariaíva;PR;528;135;25.6
4119400;Piraí do Sul;PR;353;102;28.9
4126306;Sengés;PR;290;104;35.9
4104907;Castro;PR;1415;332;23.5
4104659;Carambeí;PR;487;127;26.1
4117701;Palmeira;PR;697;176;25.3
4119905;Ponta Grossa;PR;5719;1212;21.2
4102000;Assis Chateaubriand;PR;845;199;23.6
4107157;Diamante D'Oeste;PR;94;57;60.6
4107538;Entre Rios do Oeste;PR;124;30;24.2
4108205;Formosa do Oeste;PR;157;56;35.7
4108809;Guaíra;PR;629;220;35
4110656;Iracema do Oeste;PR;60;18;30
4112751;Jesuítas;PR;170;34;20
4114609;Marechal Cândido Rondon;PR;1211;275;22.7
4115358;Maripá;PR;111;36;32.4
4115853;Mercedes;PR;109;41;37.6
4117222;Nova Santa Rosa;PR;162;60;37
4117453;Ouro Verde do Oeste;PR;87;10;11.5
4117909;Palotina;PR;726;224;30.9
4118451;Pato Bragado;PR;164;44;26.8
4120853;Quatro Pontes;PR;114;20;17.5
4123501;Santa Helena;PR;529;206;38.9
4125456;São José das Palmeiras;PR;67;13;19.4
4125753;São Pedro do Iguaçu;PR;121;49;40.5
4127403;Terra Roxa;PR;361;132;36.6
4127700;Toledo;PR;2886;704;24.4
4127957;Tupãssi;PR;170;42;24.7
4101051;Anahy;PR;54;19;35.2
4103057;Boa Vista da Aparecida;PR;197;105;53.3
4103354;Braganey;PR;141;34;24.1
4103453;Cafelândia;PR;344;143;41.6
4104055;Campo Bonito;PR;94;35;37.2
4104600;Capitão Leônidas Marques;PR;322;155;48.1
4104808;Cascavel;PR;5905;1443;24.4
4105003;Catanduvas;PR;201;91;45.3
4106308;Corbélia;PR;364;92;25.3
4107124;Diamante do Sul;PR;82;46;56.1
4109302;Guaraniaçu;PR;282;120;42.6
4109757;Ibema;PR;130;33;25.4
4110052;Iguatu;PR;48;11;22.9
4113452;Lindoeste;PR;148;97;65.5
4116703;Nova Aurora;PR;244;67;27.5
4123824;Santa Lúcia;PR;71;29;40.8
4127858;Três Barras do Paraná;PR;216;104;48.1
4105300;Céu Azul;PR;232;64;27.6
4108304;Foz do Iguaçu;PR;4508;916;20.3
4110953;Itaipulândia;PR;250;99;39.6
4115606;Matelândia;PR;378;71;18.8
4115804;Medianeira;PR;981;215;21.9
4126355;Serranópolis do Iguaçu;PR;86;34;39.5
4116059;Missal;PR;242;110;45.5
4121257;Ramilândia;PR;64;32;50
4124053;Santa Terezinha de Itaipu;PR;415;88;21.2
4125704;São Miguel do Iguaçu;PR;614;309;50.3
4128559;Vera Cruz do Oeste;PR;175;67;38.3
4101002;Ampére;PR;420;156;37.1
4104501;Capanema;PR;517;253;48.9
4102752;Bela Vista da Caroba;PR;82;34;41.5
4119004;Pérola d'Oeste;PR;154;44;28.6
4119806;Planalto;PR;273;145;53.1
4120358;Pranchita;PR;160;54;33.8
4121406;Realeza;PR;396;119;30.1
4123808;Santa Izabel do Oeste;PR;276;79;28.6
4102604;Barracão;PR;298;61;20.5
4103156;Bom Jesus do Sul;PR;98;39;39.8
4103024;Boa Esperança do Iguaçu;PR;63;29;46
4106571;Cruzeiro do Iguaçu;PR;109;45;41.3
4107207;Dois Vizinhos;PR;934;311;33.3
4107405;Enéas Marques;PR;121;34;28.1
4107850;Flor da Serra do Sul;PR;120;38;31.7
4108403;Francisco Beltrão;PR;2004;723;36.1
4115408;Marmeleiro;PR;256;72;28.1
4116950;Nova Esperança do Sudoeste;PR;139;35;25.2
4117255;Nova Prata do Iguaçu;PR;177;72;40.7
4119251;Pinhal de São Bento;PR;57;16;28.1
4121604;Renascença;PR;108;20;18.5
4122800;Salgado Filho;PR;88;15;17
4114351;Manfrinópolis;PR;62;20;32.3
4123006;Salto do Lontra;PR;262;94;35.9
4124400;Santo Antônio do Sudoeste;PR;458;211;46.1
4125209;São Jorge d'Oeste;PR;235;66;28.1
4128609;Verê;PR;176;94;53.4
4103222;Bom Sucesso do Sul;PR;46;10;21.7
4105409;Chopinzinho;PR;562;172;30.6
4106506;Coronel Vivida;PR;418;123;29.4
4111209;Itapejara d'Oeste;PR;207;57;27.5
4115309;Mariópolis;PR;107;22;20.6
4118501;Pato Branco;PR;1871;324;17.3
4124806;São João;PR;252;66;26.2
4126272;Saudade do Iguaçu;PR;116;24;20.7
4126652;Sulina;PR;56;14;25
4128708;Vitorino;PR;150;29;19.3
4113254;Laranjal;PR;139;57;41
4115739;Mato Rico;PR;76;22;28.9
4117800;Palmital;PR;338;116;34.3
4103040;Boa Ventura de São Roque;PR;149;87;58.4
4119608;Pitanga;PR;919;417;45.4
4123857;Santa Maria do Oeste;PR;234;102;43.6
4104428;Candói;PR;346;116;33.5
4108452;Foz do Jordão;PR;113;26;23
4108650;Goioxim;PR;100;27;27
4115457;Marquinho;PR;89;47;52.8
4104451;Cantagalo;PR;280;128;45.7
4109401;Guarapuava;PR;3400;474;13.9
4103958;Campina do Simão;PR;72;28;38.9
4110201;Inácio Martins;PR;240;110;45.8
4113304;Laranjeiras do Sul;PR;841;185;22
4120150;Porto Barreiro;PR;76;41;53.9
4117057;Nova Laranjeiras;PR;347;179;51.6
4119301;Pinhão;PR;625;178;28.5
4121752;Reserva do Iguaçu;PR;145;73;50.3
4120903;Quedas do Iguaçu;PR;761;261;34.3
4107546;Espigão Alto do Iguaçu;PR;130;51;39.2
4122156;Rio Bonito do Iguaçu;PR;330;146;44.2
4127965;Turvo;PR;290;103;35.5
4128658;Virmond;PR;65;29;44.6
4105706;Clevelândia;PR;403;217;53.8
4109658;Honório Serpa;PR;82;25;30.5
4114401;Mangueirinha;PR;356;175;49.2
4117602;Palmas;PR;873;268;30.7
4106456;Coronel Domingos Soares;PR;165;92;55.8
4108957;Guamiranga;PR;146;46;31.5
4110102;Imbituva;PR;518;111;21.4
4110706;Irati;PR;1161;398;34.3
4110508;Ipiranga;PR;256;74;28.9
4111407;Ivaí;PR;230;84;36.5
4120606;Prudentópolis;PR;1038;236;22.7
4127007;Teixeira Soares;PR;179;105;58.7
4107736;Fernandes Pinheiro;PR;145;84;57.9
4113908;Mallet;PR;222;48;21.6
4121505;Rebouças;PR;265;68;25.7
4122008;Rio Azul;PR;248;99;39.9
4102901;Bituruna;PR;317;88;27.8
4106803;Cruz Machado;PR;275;122;44.4
4108502;General Carneiro;PR;277;150;54.2
4118600;Paula Freitas;PR;135;45;33.3
4118709;Paulo Frontin;PR;116;37;31.9
4120309;Porto Vitória;PR;74;18;24.3
4128203;União da Vitória;PR;1268;155;12.2
4101309;Antônio Olinto;PR;134;43;32.1
4125100;São João do Triunfo;PR;208;81;38.9
4125605;São Mateus do Sul;PR;915;299;32.7
4100202;Adrianópolis;PR;131;46;35.1
4105201;Cerro Azul;PR;187;95;50.8
4128633;Doutor Ulysses;PR;78;42;53.8
4113205;Lapa;PR;751;203;27
4120101;Porto Amazonas;PR;82;19;23.2
4104253;Campo Magro;PR;386;103;26.7
4100400;Almirante Tamandaré;PR;1385;550;39.7
4101804;Araucária;PR;3085;659;21.4
4102307;Balsa Nova;PR;276;160;58
4103107;Bocaiúva do Sul;PR;182;49;26.9
4104006;Campina Grande do Sul;PR;720;237;32.9
4104204;Campo Largo;PR;2096;422;20.1
4105805;Colombo;PR;3384;846;25
4106209;Contenda;PR;303;97;32
4106902;Curitiba;PR;27469;4077;14.8
4107652;Fazenda Rio Grande;PR;2159;644;29.8
4111258;Itaperuçu;PR;492;128;26
4114302;Mandirituba;PR;425;228;53.6
4119152;Pinhais;PR;2256;430;19.1
4119509;Piraquara;PR;1564;485;31
4120804;Quatro Barras;PR;394;146;37.1
4122206;Rio Branco do Sul;PR;624;252;40.4
4125506;São José dos Pinhais;PR;4655;1082;23.2
4127882;Tunas do Paraná;PR;107;45;42.1
4101200;Antonina;PR;338;154;45.6
4109500;Guaraqueçaba;PR;214;168;78.5
4109609;Guaratuba;PR;734;119;16.2
4115705;Matinhos;PR;670;114;17
4116208;Morretes;PR;301;114;37.9
4118204;Paranaguá;PR;2875;609;21.2
4119954;Pontal do Paraná;PR;557;104;18.7
4100301;Agudos do Sul;PR;151;66;43.7
4104105;Campo do Tenente;PR;147;29;19.7
4119103;Piên;PR;241;81;33.6
4121208;Quitandinha;PR;336;111;33
4122305;Rio Negro;PR;656;220;33.5
4127601;Tijucas do Sul;PR;236;59;25
4205407;Florianópolis;SC;8542;3418;40
4210506;Maravilha;SC;555;349;62.9
4202305;Biguaçu;SC;1198;619;51.7
4206009;Governador Celso Ramos;SC;287;208;72.5
4201208;Antônio Carlos;SC;177;80;45.2
4216602;São José;SC;4063;1711;42.1
4217253;São Pedro de Alcântara;SC;129;88;68.2
4211900;Palhoça;SC;3946;2026;51.3
4200903;Angelina;SC;108;78;72.2
4215901;São Bonifácio;SC;58;24;41.4
4200606;Águas Mornas;SC;104;62;59.6
4201109;Anitápolis;SC;73;45;61.6
4214300;Rancho Queimado;SC;78;39;50
4218707;Tubarão;SC;2274;1151;50.6
4212304;Paulo Lopes;SC;189;133;70.4
4215703;Santo Amaro da Imperatriz;SC;568;250;44
4208104;Itaiópolis;SC;494;258;52.2
4203956;Capivari de Baixo;SC;552;272;49.3
4214805;Rio do Sul;SC;1363;386;28.3
4203808;Canoinhas;SC;1158;638;55.1
4211702;Orleans;SC;416;204;49
4204400;Coronel Freitas;SC;185;114;61.6
4202800;Braço do Norte;SC;654;356;54.4
4207304;Imbituba;SC;1117;599;53.6
4217006;São Ludgero;SC;234;95;40.6
4201505;Armazém;SC;253;181;71.5
4201307;Araquari;SC;969;382;39.4
4209300;Lages;SC;3349;1915;57.2
4206108;Grão-Pará;SC;142;79;55.6
4218400;Treze de Maio;SC;132;54;40.9
4212403;Pedras Grandes;SC;92;64;69.6
4215604;Santa Rosa de Lima;SC;70;35;50
4214904;Rio Fortuna;SC;118;80;67.8
4208807;Jaguaruna;SC;392;289;73.7
4215455;Sangão;SC;292;194;66.4
4219507;Xanxerê;SC;964;321;33.3
4206207;Gravatal;SC;258;169;65.5
4205704;Garopaba;SC;615;301;48.9
4204608;Criciúma;SC;4668;1226;26.3
4208906;Jaraguá do Sul;SC;2933;1324;45.1
4205456;Forquilhinha;SC;567;219;38.6
4210100;Mafra;SC;1157;625;54
4217204;São Miguel do Oeste;SC;918;334;36.4
4200051;Abdon Batista;SC;104;62;59.6
4207007;Içara;SC;1010;663;65.6
4206900;Ibirama;SC;388;194;50
4217600;Siderópolis;SC;262;116;44.3
4218350;Treviso;SC;79;31;39.2
4216206;São Francisco do Sul;SC;1267;421;33.2
4207502;Indaial;SC;1265;532;42.1
4220000;Balneário Rincão;SC;253;175;69.2
4211603;Nova Veneza;SC;239;141;59
4204301;Concórdia;SC;1657;735;44.4
4204251;Cocal do Sul;SC;364;190;52.2
4219002;Urussanga;SC;430;282;65.6
4209607;Lauro Müller;SC;282;190;67.4
4211207;Morro da Fumaça;SC;362;200;55.2
4202404;Blumenau;SC;7307;3078;42.1
4203600;Campos Novos;SC;682;402;58.9
4213203;Pomerode;SC;576;141;24.5
4205902;Gaspar;SC;1046;264;25.2
4201257;Apiúna;SC;151;76;50.3
4215109;Rodeio;SC;245;156;63.7
4201703;Ascurra;SC;172;91;52.9
4218202;Timbó;SC;908;449;49.4
4214706;Rio dos Cedros;SC;128;85;66.4
4202206;Benedito Novo;SC;179;72;40.2
4205159;Doutor Pedrinho;SC;49;30;61.2
4209102;Joinville;SC;7827;2580;33
4217402;Schroeder;SC;314;147;46.8
4205803;Garuva;SC;285;73;25.6
4208450;Itapoá;SC;418;246;58.9
4202057;Balneário Barra do Sul;SC;175;69;39.4
4201406;Araranguá;SC;1476;736;49.9
4202107;Barra Velha;SC;654;322;49.2
4216354;São João do Itaperiú;SC;84;62;73.8
4206652;Guatambú;SC;148;77;52
4217709;Sombrio;SC;719;457;63.6
4201901;Aurora;SC;158;104;65.8
4200309;Agronômica;SC;123;52;42.3
4200200;Agrolândia;SC;165;51;30.9
4218608;Trombudo Central;SC;132;83;62.9
4202859;Braço do Trombudo;SC;88;35;39.8
4201604;Arroio Trinta;SC;55;25;45.5
4209151;José Boiteux;SC;177;127;71.8
4219358;Vitor Meireles;SC;98;65;66.3
4217808;Taió;SC;431;190;44.1
4210852;Mirim Doce;SC;68;29;42.6
4207577;Iomerê;SC;70;26;37.1
4214003;Presidente Getúlio;SC;344;178;51.7
4219408;Witmarsum;SC;90;61;67.8
4209508;Laurentino;SC;156;81;51.9
4214607;Rio do Oeste;SC;126;57;45.2
4209904;Lontras;SC;223;85;38.1
4214102;Presidente Nereu;SC;46;25;54.3
4215307;Salete;SC;164;118;72
4214508;Rio do Campo;SC;127;87;68.5
4207809;Irani;SC;200;83;41.5
4213708;Pouso Redondo;SC;325;204;62.8
4205100;Dona Emma;SC;113;75;66.4
4203253;Capão Alto;SC;63;27;42.9
4202438;Bocaina do Sul;SC;103;59;57.3
4211892;Painel;SC;72;34;47.2
4202008;Balneário Camboriú;SC;2410;631;26.2
4211751;Otacílio Costa;SC;411;230;56
4212056;Palmeira;SC;72;31;43.1
4216800;São José do Cerrito;SC;197;145;73.6
4201000;Anita Garibaldi;SC;160;86;53.8
4215802;São Bento do Sul;SC;1357;382;28.2
4204152;Celso Ramos;SC;70;27;38.6
4218954;Urupema;SC;79;39;49.4
4216503;São Joaquim;SC;669;333;49.8
4216305;São João Batista;SC;496;238;48
4202503;Bom Jardim da Serra;SC;106;75;70.8
4205555;Frei Rogério;SC;62;22;35.5
4204806;Curitibanos;SC;761;389;51.1
4213351;Ponte Alta do Norte;SC;78;35;44.9
4216057;São Cristóvão do Sul;SC;159;105;66
4203709;Canelinha;SC;298;95;31.9
4202602;Bom Retiro;SC;194;86;44.3
4218905;Urubici;SC;191;115;60.2
4215059;Rio Rufino;SC;71;52;73.2
4203402;Campo Belo do Sul;SC;130;89;68.5
4215505;Santa Cecília;SC;292;193;66.1
4204178;Cerro Negro;SC;88;43;48.9
4213302;Ponte Alta;SC;102;60;58.8
4213807;Praia Grande;SC;185;151;81.6
4204558;Correia Pinto;SC;311;172;55.3
4215679;Santa Terezinha;SC;142;71;50
4212205;Papanduva;SC;342;238;69.6
4211108;Monte Castelo;SC;225;200;88.9
4209003;Joaçaba;SC;646;198;30.7
4210035;Luzerna;SC;163;49;30.1
4219705;Xaxim;SC;692;324;46.8
4200408;Água Doce;SC;145;74;51
4213609;Porto União;SC;796;278;34.9
4204004;Catanduvas;SC;190;123;64.7
4219176;Vargem Bonita;SC;118;66;55.9
4208609;Jaborá;SC;59;35;59.3
4203907;Capinzal;SC;376;140;37.2
4206702;Herval d'Oeste;SC;295;146;49.5
4211058;Monte Carlo;SC;131;48;36.6
4219853;Zortéa;SC;68;36;52.9
4219150;Vargem;SC;41;20;48.8
4202875;Brunópolis;SC;88;70;79.5
4209409;Laguna;SC;1058;698;66
4206751;Ibiam;SC;43;21;48.8
4217907;Tangará;SC;129;78;60.5
4206801;Ibicaré;SC;44;23;52.3
4218509;Treze Tílias;SC;131;54;41.2
4205209;Erval Velho;SC;76;44;57.9
4209201;Lacerdópolis;SC;48;21;43.8
4211801;Ouro;SC;143;76;53.1
4201273;Arabutã;SC;97;67;69.1
4209854;Lindóia do Sul;SC;62;32;51.6
4213906;Presidente Castello Branco;SC;45;31;68.9
4200754;Alto Bela Vista;SC;36;19;52.8
4212601;Peritiba;SC;55;33;60
4207700;Ipumirim;SC;148;87;58.8
4217501;Seara;SC;382;172;45
4201653;Arvoredo;SC;61;40;65.6
4207601;Ipira;SC;117;73;62.4
4213104;Piratuba;SC;159;66;41.5
4208005;Itá;SC;149;76;51
4211876;Paial;SC;36;28;77.8
4219606;Xavantina;SC;74;40;54.1
4204202;Chapecó;SC;4459;2909;65.2
4204350;Cordilheira Alta;SC;110;72;65.5
4211306;Navegantes;SC;1733;709;40.9
4211454;Nova Itaberaba;SC;70;40;57.1
4204103;Caxambu do Sul;SC;90;61;67.8
4213153;Planalto Alegre;SC;58;34;58.6
4200507;Águas de Chapecó;SC;135;75;55.6
4212106;Palmitos;SC;354;197;55.6
4203105;Caibi;SC;121;74;61.2
4217303;Saudades;SC;166;109;65.7
4216008;São Carlos;SC;246;116;47.2
4204756;Cunhataí;SC;61;42;68.9
4211405;Nova Erechim;SC;67;34;50.7
4212908;Pinhalzinho;SC;378;185;48.9
4210902;Modelo;SC;122;92;75.4
4202578;Bom Jesus do Oeste;SC;56;34;60.7
4217758;Sul Brasil;SC;65;44;67.7
4217550;Serra Alta;SC;92;66;71.7
4208955;Jardinópolis;SC;46;23;50
4218855;União do Oeste;SC;55;22;40
4200556;Águas Frias;SC;61;40;65.6
4214201;Quilombo;SC;163;80;49.1
4207858;Irati;SC;53;20;37.7
4205431;Formosa do Sul;SC;45;19;42.2
4215695;Santiago do Sul;SC;38;16;42.1
4216909;São Lourenço do Oeste;SC;539;302;56
4211652;Novo Horizonte;SC;52;23;44.2
4202099;Barra Bonita;SC;37;25;67.6
4212239;Paraíso;SC;76;42;55.3
4202081;Bandeirante;SC;73;42;57.5
4208401;Itapiranga;SC;365;172;47.1
4216255;São João do Oeste;SC;131;75;57.3
4218756;Tunápolis;SC;88;48;54.5
4217154;São Miguel da Boa Vista;SC;50;40;80
4217956;Tigrinhos;SC;64;57;89.1
4205357;Flor do Sertão;SC;50;27;54
4205001;Dionísio Cerqueira;SC;275;188;68.4
4215208;Romelândia;SC;93;75;80.6
4200804;Anchieta;SC;120;67;55.8
4204707;Cunha Porã;SC;239;123;51.5
4207759;Iraceminha;SC;114;79;69.3
4216701;São José do Cedro;SC;261;149;57.1
4214151;Princesa;SC;65;36;55.4
4206603;Guarujá do Sul;SC;100;27;27
4211009;Mondaí;SC;153;78;51
4207650;Iporã do Oeste;SC;159;104;65.4
4208203;Itajaí;SC;4626;1627;35.2
4215075;Riqueza;SC;106;68;64.2
4215687;Santa Terezinha do Progresso;SC;62;50;80.6
4203501;Campo Erê;SC;243;138;56.8
4215356;Saltinho;SC;98;69;70.4
4215752;São Bernardino;SC;52;31;59.6
4203006;Caçador;SC;1541;698;45.3
4212007;Palma Sola;SC;127;71;55.9
4215554;Santa Helena;SC;50;26;52
4202156;Belmonte;SC;60;28;46.7
4204905;Descanso;SC;145;73;50.3
4213401;Ponte Serrada;SC;198;90;45.5
4206405;Guaraciaba;SC;204;140;68.6
4207106;Ilhota;SC;293;149;50.9
4212502;Penha;SC;668;272;40.7
4203204;Camboriú;SC;1356;571;42.1
4213500;Porto Belo;SC;565;134;23.7
4202453;Bombinhas;SC;457;252;55.1
4208302;Itapema;SC;1315;521;39.6
4200101;Abelardo Luz;SC;348;169;48.6
4205191;Ermo;SC;62;31;50
4215653;Santa Rosa do Sul;SC;235;124;52.8
4210001;Luiz Alves;SC;260;170;65.4
4212809;Balneário Piçarras;SC;487;89;18.3
4210050;Macieira;SC;38;26;68.4
4214409;Rio das Antas;SC;93;54;58.1
4203154;Calmon;SC;91;72;79.1
4210704;Matos Costa;SC;62;40;64.5
4219309;Videira;SC;995;430;43.2
4215406;Salto Veloso;SC;61;28;45.9
4213005;Pinheiro Preto;SC;71;31;43.7
4207908;Irineópolis;SC;132;47;35.6
4218251;Timbó Grande;SC;159;135;84.9
4205506;Fraiburgo;SC;682;272;39.9
4209706;Lebon Régis;SC;239;165;69
4216404;São João do Sul;SC;173;113;65.3
4218806;Turvo;SC;246;184;74.8
4218004;Tijucas;SC;899;514;57.2
4201950;Balneário Arroio do Silva;SC;238;125;52.5
4210407;Maracajá;SC;122;70;57.4
4208708;Jacinto Machado;SC;193;146;75.6
4219200;Vidal Ramos;SC;148;80;54.1
4218103;Timbé do Sul;SC;86;44;51.2
4202073;Balneário Gaivota;SC;216;128;59.3
4211256;Morro Grande;SC;56;34;60.7
4210803;Meleiro;SC;105;71;67.6
4212254;Passo de Torres;SC;155;106;68.4
4202909;Brusque;SC;2387;969;40.6
4206306;Guabiruba;SC;375;155;41.3
4202701;Botuverá;SC;108;72;66.7
4210209;Major Gercino;SC;73;49;67.1
4211504;Nova Trento;SC;189;83;43.9
4207684;Ipuaçu;SC;210;160;76.2
4202537;Bom Jesus;SC;75;65;86.7
4205308;Faxinal dos Guedes;SC;202;106;52.5
4205175;Entre Rios;SC;82;49;59.8
4210555;Marema;SC;43;21;48.8
4209458;Lajeado Grande;SC;53;25;47.2
4204459;Coronel Martins;SC;40;16;40
4216107;São Domingos;SC;173;135;78
4209177;Jupiá;SC;43;20;46.5
4205605;Galvão;SC;68;27;39.7
4211850;Ouro Verde;SC;49;28;57.1
4210605;Massaranduba;SC;301;135;44.9
4212270;Passos Maia;SC;102;67;65.7
4219101;Vargeão;SC;83;47;56.6
4202131;Bela Vista do Toldo;SC;98;49;50
4218301;Três Barras;SC;393;193;49.1
4210308;Major Vieira;SC;126;91;72.2
4206504;Guaramirim;SC;786;345;43.9
4204509;Corupá;SC;210;117;55.7
4212650;Pescaria Brava;SC;190;120;63.2
4217105;São Martinho;SC;103;68;66
4207205;Imaruí;SC;242;189;78.1
4208500;Ituporanga;SC;591;298;50.4
4204194;Chapadão do Lageado;SC;57;35;61.4
4201802;Atalanta;SC;66;37;56.1
4212700;Petrolândia;SC;142;107;75.4
4209805;Leoberto Leal;SC;83;48;57.8
4207403;Imbuia;SC;106;67;63.2
4200705;Alfredo Wagner;SC;178;120;67.4
4215000;Rio Negrinho;SC;756;227;30
4203303;Campo Alegre;SC;211;104;49.3
4322400;Uruguaiana;RS;1796;586;32.6
4319901;Sapiranga;RS;1220;180;14.8
4305108;Caxias do Sul;RS;6001;1123;18.7
4321451;Teutônia;RS;510;77;15.1
4301602;Bagé;RS;1620;395;24.4
4313508;Osório;RS;758;264;34.8
4317103;Sant'Ana do Livramento;RS;1195;360;30.1
4314407;Pelotas;RS;5400;879;16.3
4309308;Guaíba;RS;1293;479;37
4303004;Cachoeira do Sul;RS;1332;380;28.5
4319000;São Marcos;RS;355;119;33.5
4302402;Bom Retiro do Sul;RS;187;118;63.1
4312658;Não-Me-Toque;RS;271;95;35.1
4313904;Panambi;RS;673;174;25.9
4310603;Itaqui;RS;568;234;41.2
4314902;Porto Alegre;RS;16619;3971;23.9
4303103;Cachoeirinha;RS;1907;425;22.3
4309209;Gravataí;RS;3640;787;21.6
4322202;Tupanciretã;RS;381;69;18.1
4320008;Sapucaia do Sul;RS;1729;350;20.2
4320909;Tapejara;RS;473;171;36.2
4314100;Passo Fundo;RS;2847;659;23.1
4307906;Farroupilha;RS;1029;270;26.2
4307708;Esteio;RS;1370;178;13
4307500;Espumoso;RS;292;108;37
4301305;Arroio Grande;RS;354;167;47.2
4320800;Soledade;RS;563;277;49.2
4302006;Barros Cassal;RS;148;89;60.1
4323002;Viamão;RS;2783;772;27.7
4300604;Alvorada;RS;2197;514;23.4
4318903;São Luiz Gonzaga;RS;522;167;32
4301909;Barra do Ribeiro;RS;175;76;43.4
4305355;Charqueadas;RS;552;236;42.8
4313060;Nova Hartz;RS;282;154;54.6
4322806;Veranópolis;RS;417;115;27.6
4302105;Bento Gonçalves;RS;1694;429;25.3
4304804;Carlos Barbosa;RS;406;145;35.7
4312906;Nova Bassano;RS;95;28;29.5
4319711;São Valentim do Sul;RS;34;25;73.5
4318705;São Leopoldo;RS;2857;801;28
4317202;Santa Rosa;RS;1115;286;25.7
4317905;Santo Cristo;RS;244;41;16.8
4304606;Canoas;RS;3567;886;24.8
4321501;Torres;RS;710;380;53.5
4310330;Imbé;RS;368;46;12.5
4307609;Estância Velha;RS;721;61;8.5
4310108;Igrejinha;RS;536;248;46.3
4301057;Arroio do Sal;RS;201;44;21.9
4310801;Ivoti;RS;339;32;9.4
4322509;Vacaria;RS;953;290;30.4
4307450;Esperança do Sul;RS;62;17;27.4
4316808;Santa Cruz do Sul;RS;1759;419;23.8
4313409;Novo Hamburgo;RS;3069;491;16
4314027;Paraíso do Sul;RS;95;36;37.9
4306973;Erebango;RS;61;31;50.8
4316105;Ronda Alta;RS;133;72;54.1
4304200;Candelária;RS;405;91;22.5
4316907;Santa Maria;RS;4247;1134;26.7
4312138;Mato Castelhano;RS;78;51;65.4
4308854;Gentil;RS;51;30;58.8
4311429;Lajeado do Bugre;RS;70;46;65.7
4303509;Camaquã;RS;847;330;39
4311775;Maquiné;RS;149;88;59.1
4300208;Ajuricaba;RS;134;35;26.1
4302808;Caçapava do Sul;RS;536;110;20.5
4304713;Caraá;RS;78;28;35.9
4309555;Harmonia;RS;86;30;34.9
4315800;Roca Sales;RS;147;20;13.6
4320701;Sobradinho;RS;249;94;37.8
4314050;Parobé;RS;760;323;42.5
4321204;Taquara;RS;980;448;45.7
4309407;Guaporé;RS;329;70;21.3
4307005;Erechim;RS;1578;406;25.7
4315107;Porto Xavier;RS;162;66;40.7
4306601;Dom Pedrito;RS;564;150;26.6
4301636;Balneário Pinhal;RS;225;89;39.6
4317608;Santo Antônio da Patrulha;RS;736;288;39.1
4316006;Rolante;RS;345;114;33
4315750;Riozinho;RS;70;49;70
4313003;Nova Bréscia;RS;36;11;30.6
4304697;Capitão;RS;61;32;52.5
4314423;Picada Café;RS;69;24;34.8
4318002;São Borja;RS;935;429;45.9
4317400;Santiago;RS;726;154;21.2
4310207;Ijuí;RS;1426;528;37
4317756;Santo Antônio do Planalto;RS;37;15;40.5
4304705;Carazinho;RS;960;321;33.4
4305801;Constantina;RS;176;93;52.8
4321956;Trindade do Sul;RS;164;99;60.4
4322103;Tucunduva;RS;75;31;41.3
4310009;Ibirubá;RS;347;76;21.9
4306106;Cruz Alta;RS;949;293;30.9
4311809;Marau;RS;750;282;37.6
4311304;Lagoa Vermelha;RS;450;221;49.1
4315552;Rio dos Índios;RS;70;35;50
4308102;Feliz;RS;275;90;32.7
4306403;Dois Irmãos;RS;492;101;20.5
4303905;Campo Bom;RS;1007;156;15.5
4319505;São Sebastião do Caí;RS;381;121;31.8
4322707;Vera Cruz;RS;345;98;28.4
4322608;Venâncio Aires;RS;1017;288;28.3
4311239;Lagoa Bonita do Sul;RS;45;17;37.8
4315305;Quaraí;RS;382;131;34.3
4320206;Seberi;RS;182;91;50
4313706;Palmeira das Missões;RS;568;260;45.8
4302154;Boa Vista das Missões;RS;51;36;70.6
4302055;Benjamin Constant do Sul;RS;50;39;78
4321105;Tapes;RS;208;48;23.1
4311403;Lajeado;RS;1549;290;18.7
4308508;Frederico Westphalen;RS;729;340;46.6
4300638;Amaral Ferrador;RS;88;41;46.6
4321402;Tenente Portela;RS;308;187;60.7
4306320;Derrubadas;RS;53;27;50.9
4306767;Eldorado do Sul;RS;439;75;17.1
4312476;Morro Reuter;RS;112;45;40.2
4321469;Tio Hugo;RS;100;65;65
4303202;Cacique Doble;RS;98;80;81.6
4302659;Brochier;RS;77;36;46.8
4304507;Canguçu;RS;717;335;46.7
4314605;Piratini;RS;373;169;45.3
4314803;Portão;RS;565;82;14.5
4321709;Três Coroas;RS;387;63;16.3
4322541;Vale Real;RS;71;28;39.4
4315131;Pouso Novo;RS;42;14;33.3
4315602;Rio Grande;RS;3003;649;21.6
4314555;Pirapó;RS;46;9;19.6
4309050;Glorinha;RS;89;16;18
4311205;Júlio de Castilhos;RS;401;124;30.9
4300059;Água Santa;RS;65;25;38.5
4303558;Camargo;RS;52;15;28.8
4305871;Coronel Barros;RS;55;16;29.1
4314498;Pinheirinho do Vale;RS;104;45;43.3
4313805;Palmitinho;RS;149;56;37.6
4300505;Alpestre;RS;122;39;32
4306072;Cristal do Sul;RS;53;31;58.5
4305207;Cerro Largo;RS;202;34;16.8
4321907;Três Passos;RS;384;99;25.8
4302378;Bom Progresso;RS;69;55;79.7
4323705;Vista Gaúcha;RS;50;14;28
4313201;Nova Petrópolis;RS;353;105;29.7
4314506;Pinheiro Machado;RS;170;41;24.1
4301107;Arroio dos Ratos;RS;218;46;21.1
4318309;São Gabriel;RS;774;187;24.2
4306452;Dois Lajeados;RS;38;13;34.2
4308607;Garibaldi;RS;459;206;44.9
4313300;Nova Prata;RS;386;168;43.5
4305454;Cidreira;RS;271;75;27.7
4304671;Capivari do Sul;RS;106;29;27.4
4321600;Tramandaí;RS;663;112;16.9
4312609;Muçum;RS;92;27;29.3
4319752;São Vendelino;RS;41;17;41.5
4311643;Linha Nova;RS;40;11;27.5
4311122;Jaquirana;RS;53;37;69.8
4308201;Flores da Cunha;RS;498;73;14.7
4319737;São Valério do Sul;RS;70;32;45.7
4316600;Sananduva;RS;196;63;32.1
4303806;Campinas do Sul;RS;86;48;55.8
4308904;Getúlio Vargas;RS;272;106;39
4306809;Encantado;RS;325;119;36.6
4313607;Paim Filho;RS;47;20;42.6
4304630;Capão da Canoa;RS;1309;309;23.6
4311106;Jaguari;RS;156;35;22.4
4312708;Nonoai;RS;187;49;26.2
4323804;Xangri-lá;RS;313;146;46.6
4319109;São Martinho;RS;77;7;9.1
4320230;Sede Nova;RS;48;21;43.8
4319372;São Pedro do Butiá;RS;46;18;39.1
4304408;Canela;RS;744;141;19
4309100;Gramado;RS;781;141;18.1
4303400;Caiçara;RS;71;34;47.9
4313391;Novo Cabrais;RS;63;19;30.2
4307815;Estrela Velha;RS;62;38;61.3
4307203;Erval Grande;RS;90;60;66.7
4319703;São Valentim;RS;50;29;58
4322533;Vale do Sol;RS;140;62;44.3
4303673;Campestre da Serra;RS;48;29;60.4
4323754;Vitória das Missões;RS;51;28;54.9
4320107;Sarandi;RS;352;158;44.9
4304952;Caseiros;RS;73;18;24.7
4305009;Catuípe;RS;163;43;26.4
4303707;Campina das Missões;RS;95;38;40
4322301;Tuparendi;RS;102;28;27.5
4318499;São José do Inhacorá;RS;49;32;65.3
4319307;São Paulo das Missões;RS;93;19;20.4
4314456;Pinhal;RS;55;39;70.9
4310850;Jaboticaba;RS;81;58;71.6
4312401;Montenegro;RS;923;349;37.8
4300877;Araricá;RS;173;63;36.4
4321832;Três Forquilhas;RS;66;36;54.5
4312443;Morrinhos do Sul;RS;71;36;50.7
4312500;Mostardas;RS;190;92;48.4
4313656;Palmares do Sul;RS;165;55;33.3
4321477;Tiradentes do Sul;RS;90;45;50
4306502;Dom Feliciano;RS;164;93;56.7
4319406;São Pedro do Sul;RS;227;64;28.2
4313102;Nova Palma;RS;83;36;43.4
4312351;Montauri;RS;29;7;24.1
4315172;Protásio Alves;RS;36;9;25
4312807;Nova Araçá;RS;94;20;21.3
4322525;Vale Verde;RS;58;22;37.9
4321006;Tapera;RS;182;60;33
4317509;Santo Ângelo;RS;1173;294;25.1
4309506;Guarani das Missões;RS;147;60;40.8
4313425;Novo Machado;RS;39;18;46.2
4316451;Salto do Jacuí;RS;235;101;43
4308300;Fontoura Xavier;RS;169;75;44.4
4312252;Minas do Leão;RS;129;89;69
4311007;Jaguarão;RS;461;74;16.1
4300109;Agudo;RS;257;107;41.6
4319364;São Pedro das Missões;RS;56;12;21.4
4311700;Machadinho;RS;93;34;36.6
4315503;Restinga Sêca;RS;237;105;44.3
4307807;Estrela;RS;548;212;38.7
4322186;Tupanci do Sul;RS;26;7;26.9
4314464;Pinhal da Serra;RS;48;32;66.7
4310579;Itapuca;RS;40;25;62.5
4313334;Nova Ramada;RS;41;15;36.6
4300307;Alecrim;RS;76;33;43.4
4300406;Alegrete;RS;1030;357;34.7
4322004;Triunfo;RS;541;114;21.1
4301404;Arvorezinha;RS;147;80;54.4
4302584;Bozano;RS;36;26;72.2
4323358;Vila Lângaro;RS;32;9;28.1
4312054;Marques de Souza;RS;75;33;44
4306205;Cruzeiro do Sul;RS;170;42;24.7
4304663;Capão do Leão;RS;377;89;23.6
4313375;Nova Santa Rita;RS;410;53;12.9
4300455;Alegria;RS;70;38;54.3
4312302;Miraguaí;RS;115;94;81.7
4314704;Planalto;RS;188;111;59
4321808;Três de Maio;RS;494;61;12.3
4309605;Horizontina;RS;299;15;5
4300554;Alto Alegre;RS;32;21;65.6
4300661;André da Rocha;RS;28;11;39.3
4300703;Anta Gorda;RS;103;30;29.1
4300802;Antônio Prado;RS;161;59;36.6
4300901;Aratiba;RS;84;38;45.2
4301925;Barra do Rio Azul;RS;30;18;60
4320552;Sertão Santana;RS;77;25;32.5
4301008;Arroio do Meio;RS;383;115;30
4321626;Travesseiro;RS;52;18;34.6
4301206;Arroio do Tigre;RS;216;66;30.6
4305173;Cerro Grande do Sul;RS;151;69;45.7
4302451;Boqueirão do Leão;RS;116;56;48.3
4301503;Augusto Pestana;RS;112;31;27.7
4301552;Áurea;RS;58;25;43.1
4305116;Centenário;RS;48;31;64.6
4309654;Hulha Negra;RS;129;67;51.9
4304358;Candiota;RS;158;122;77.2
4300034;Aceguá;RS;85;43;50.6
4306304;David Canabarro;RS;85;33;38.8
4301651;Barão;RS;91;48;52.7
4304622;Capão Bonito do Sul;RS;41;27;65.9
4301701;Barão de Cotegipe;RS;96;17;17.7
4301800;Barracão;RS;76;9;11.8
4311981;Mariana Pimentel;RS;56;33;58.9
4309159;Gramado Xavier;RS;74;29;39.2
4314548;Pinto Bandeira;RS;41;23;56.1
4317251;Santa Tereza;RS;31;12;38.7
4312385;Monte Belo do Sul;RS;39;13;33.3
4319604;São Sepé;RS;350;121;34.6
4318804;São Lourenço do Sul;RS;555;232;41.8
4313011;Nova Candelária;RS;60;18;30
4302204;Boa Vista do Buricá;RS;100;28;28
4318622;São José dos Ausentes;RS;84;26;31
4302303;Bom Jesus;RS;163;66;40.5
4321352;Tavares;RS;57;29;50.9
4302352;Bom Princípio;RS;225;63;28
4308078;Fazenda Vilanova;RS;67;29;43.3
4302501;Bossoroca;RS;123;47;38.2
4302600;Braga;RS;79;31;39.2
4311791;Maratá;RS;56;24;42.9
4302709;Butiá;RS;271;81;29.9
4313441;Novo Tiradentes;RS;55;32;58.2
4318457;São José das Missões;RS;50;36;72
4320578;Sete de Setembro;RS;37;22;59.5
4302907;Cacequi;RS;170;122;71.8
4311627;Lindolfo Collor;RS;103;26;25.2
4316758;Santa Clara do Sul;RS;109;42;38.5
4317954;Santo Expedito do Sul;RS;50;18;36
4312179;Mato Queimado;RS;41;14;34.1
4303301;Caibaté;RS;79;19;24.1
4300851;Arambaré;RS;77;27;35.1
4305447;Chuvisca;RS;65;15;23.1
4303608;Cambará do Sul;RS;133;34;25.6
4306130;Cruzaltense;RS;40;8;20
4304614;Canudos do Vale;RS;26;7;26.9
4304002;Campo Novo;RS;81;50;61.7
4304101;Campos Borges;RS;52;13;25
4304309;Cândido Godói;RS;108;28;25.9
4304689;Capela de Santana;RS;179;60;33.5
4300471;Almirante Tamandaré do Sul;RS;57;26;45.6
4305850;Coqueiros do Sul;RS;54;18;33.3
4304903;Casca;RS;152;51;33.6
4317558;Santo Antônio do Palma;RS;31;19;61.3
4305132;Cerro Branco;RS;65;16;24.6
4305157;Cerro Grande;RS;68;32;47.1
4316477;Salvador das Missões;RS;43;19;44.2
4305306;Chapada;RS;183;86;47
4305405;Chiapetta;RS;72;17;23.6
4310413;Inhacorá;RS;40;21;52.5
4305504;Ciríaco;RS;71;39;54.9
4312625;Muliterno;RS;35;24;68.6
4305603;Colorado;RS;57;16;28.1
4305702;Condor;RS;108;30;27.8
4306924;Engenho Velho;RS;38;29;76.3
4313466;Novo Xingu;RS;36;8;22.2
4305900;Coronel Bicaco;RS;108;36;33.3
4302238;Boa Vista do Incra;RS;59;19;32.2
4305959;Cotiporã;RS;53;12;22.6
4306007;Crissiumal;RS;222;70;31.5
4306056;Cristal;RS;99;38;38.4
4302220;Boa Vista do Cadeado;RS;54;17;31.5
4323457;Vila Nova do Sul;RS;57;19;33.3
4306353;Dezesseis de Novembro;RS;54;32;59.3
4317301;Santa Vitória do Palmar;RS;499;169;33.9
4301875;Barra do Quaraí;RS;68;35;51.5
4306700;Dona Francisca;RS;47;14;29.8
4306734;Doutor Maurício Cardoso;RS;51;6;11.8
4306759;Doutor Ricardo;RS;37;13;35.1
4312203;Maximiliano de Almeida;RS;73;15;20.5
4306908;Encruzilhada do Sul;RS;357;153;42.9
4306932;Entre-Ijuís;RS;132;61;46.2
4306957;Entre Rios do Sul;RS;52;41;78.8
4314134;Paulo Bento;RS;27;8;29.6
4315313;Quatro Irmãos;RS;35;13;37.1
4307054;Ernestina;RS;68;27;39.7
4305439;Chuí;RS;69;41;59.4
4305371;Charrua;RS;65;43;66.2
4318101;São Francisco de Assis;RS;228;108;47.4
4307104;Herval;RS;118;36;30.5
4314175;Pedras Altas;RS;69;5;7.2
4306429;Dois Irmãos das Missões;RS;55;31;56.4
4307302;Erval Seco;RS;111;56;50.5
4314472;Pinhal Grande;RS;64;35;54.7
4307401;Esmeralda;RS;49;21;42.9
4305934;Coronel Pilar;RS;28;11;39.3
4310876;Jacuizinho;RS;55;14;25.5
4307559;Estação;RS;90;40;44.4
4305587;Colinas;RS;46;19;41.3
4307831;Eugênio de Castro;RS;44;10;22.7
4307864;Fagundes Varela;RS;42;15;35.7
4315008;Porto Lucena;RS;51;26;51
4318432;São João do Polêsine;RS;59;27;45.8
4308003;Faxinal do Soturno;RS;90;25;27.8
4308052;Faxinalzinho;RS;36;25;69.4
4300570;Alto Feliz;RS;37;9;24.3
4322855;Vespasiano Corrêa;RS;26;9;34.6
4320859;Tabaí;RS;91;36;39.6
4313086;Nova Pádua;RS;38;13;34.2
4308409;Formigueiro;RS;97;28;28.9
4308458;Fortaleza dos Valos;RS;68;34;50
4302253;Boa Vista do Sul;RS;36;7;19.4
4308706;Gaurama;RS;66;31;47
4308805;General Câmara;RS;110;41;37.3
4308250;Floriano Peixoto;RS;32;20;62.5
4309001;Giruá;RS;257;84;32.7
4320321;Senador Salgado Filho;RS;30;15;50
4322343;Ubiretama;RS;25;7;28
4311130;Jari;RS;55;14;25.5
4309258;Guabiju;RS;25;7;28
4313953;Pantano Grande;RS;155;37;23.9
4309571;Herveiras;RS;54;31;57.4
4312153;Mato Leitão;RS;73;31;42.5
4322350;União da Serra;RS;19;11;57.9
4309704;Humaitá;RS;92;24;26.1
4309753;Ibarama;RS;77;11;14.3
4309803;Ibiaçá;RS;63;22;34.9
4309902;Ibiraiaras;RS;99;40;40.4
4309951;Ibirapuitã;RS;71;24;33.8
4310306;Ilópolis;RS;61;22;36.1
4310363;Imigrante;RS;67;16;23.9
4323770;Westfália;RS;73;29;39.7
4310405;Independência;RS;88;23;26.1
4310439;Ipê;RS;94;22;23.4
4310462;Ipiranga do Sul;RS;28;12;42.9
4310504;Iraí;RS;162;85;52.5
4310553;Itacurubi;RS;51;7;13.7
4311718;Maçambará;RS;119;43;36.1
4310702;Itatiba do Sul;RS;64;49;76.6
4310751;Ivorá;RS;33;19;57.6
4315149;Presidente Lucena;RS;72;20;27.8
4314787;Ponte Preta;RS;29;17;58.6
4310900;Jacutinga;RS;43;9;20.9
4311155;Jóia;RS;149;85;57
4315321;Quevedos;RS;53;19;35.8
4318606;São José do Ouro;RS;93;37;39.8
4311254;Lagoão;RS;82;46;56.1
4308433;Forquetinha;RS;61;13;21.3
4320453;Sério;RS;31;6;19.4
4311502;Lavras do Sul;RS;146;52;35.6
4311601;Liberato Salzano;RS;105;65;61.9
4312674;Nicolau Vergueiro;RS;31;20;64.5
4311908;Marcelino Ramos;RS;67;33;49.3
4312005;Mariano Moro;RS;24;12;50
4312104;Mata;RS;84;20;23.8
4314035;Pareci Novo;RS;83;25;30.1
4318614;São José do Sul;RS;52;11;21.2
4312450;Morro Redondo;RS;104;49;47.1
4311270;Lagoa dos Três Cantos;RS;29;12;41.4
4309126;Gramado dos Loureiros;RS;60;37;61.7
4315701;Rio Pardo;RS;446;231;51.8
4312757;Nova Alvorada;RS;62;29;46.8
4305835;Coqueiro Baixo;RS;35;13;37.1
4313037;Nova Esperança do Sul;RS;64;27;42.2
4313359;Nova Roma do Sul;RS;37;15;40.5
4321303;Taquari;RS;394;148;37.6
4313490;Novo Barreiro;RS;61;18;29.5
4316428;Sagrada Família;RS;42;6;14.3
4314001;Paraí;RS;126;55;43.7
4314779;Pontão;RS;70;46;65.7
4305975;Coxilha;RS;56;32;57.1
4321667;Três Cachoeiras;RS;185;124;67
4314159;Paverama;RS;99;36;36.4
4314209;Pedro Osório;RS;134;22;16.4
4305124;Cerrito;RS;128;39;30.5
4314308;Pejuçara;RS;65;10;15.4
4301073;Arroio do Padre;RS;60;20;33.3
4322327;Turuçu;RS;70;14;20
4300646;Ametista do Sul;RS;113;34;30.1
4314753;Poço das Antas;RS;31;8;25.8
4315073;Porto Vera Cruz;RS;29;12;41.4
4315156;Progresso;RS;97;35;36.1
4315206;Putinga;RS;56;19;33.9
4315354;Quinze de Novembro;RS;73;26;35.6
4315404;Redentora;RS;207;132;63.8
4315453;Relvado;RS;42;6;14.3
4314076;Passo do Sobrado;RS;83;30;36.1
4316402;Rosário do Sul;RS;485;155;32
4315909;Rodeio Bonito;RS;121;48;39.7
4316204;Rondinha;RS;71;26;36.6
4316303;Roque Gonzales;RS;114;27;23.7
4316436;Saldanha Marinho;RS;42;24;57.1
4316501;Salvador do Sul;RS;103;30;29.1
4319356;São Pedro da Serra;RS;53;12;22.6
4316709;Santa Bárbara do Sul;RS;142;28;19.7
4320677;Sinimbu;RS;111;17;15.3
4319125;São Martinho da Serra;RS;51;15;29.4
4310538;Itaara;RS;83;14;16.9
4306379;Dilermando de Aguiar;RS;53;16;30.2
4319802;São Vicente do Sul;RS;249;91;36.5
4316956;Santa Maria do Herval;RS;116;28;24.1
4317004;Santana da Boa Vista;RS;109;31;28.4
4322376;Unistalda;RS;48;18;37.5
4304655;Capão do Cipó;RS;82;39;47.6
4317707;Santo Antônio das Missões;RS;170;61;35.9
4308656;Garruchos;RS;60;36;60
4317806;Santo Augusto;RS;308;81;26.3
4318051;São Domingos do Sul;RS;41;26;63.4
4311759;Manoel Viana;RS;127;56;44.1
4318200;São Francisco de Paula;RS;288;133;46.2
4316972;Santa Margarida do Sul;RS;35;8;22.9
4318408;São Jerônimo;RS;273;152;55.7
4301750;Barão do Triunfo;RS;78;16;20.5
4318424;São João da Urtiga;RS;53;13;24.5
4318440;São Jorge;RS;40;17;42.5
4318465;São José do Herval;RS;47;32;68.1
4318481;São José do Hortêncio;RS;79;21;26.6
4318507;São José do Norte;RS;386;84;21.8
4315958;Rolador;RS;47;31;66
4319158;São Miguel das Missões;RS;136;25;18.4
4319208;São Nicolau;RS;86;51;59.3
4321493;Toropi;RS;46;18;39.1
4301958;Barra Funda;RS;53;31;58.5
4312955;Nova Boa Vista;RS;47;26;55.3
4320263;Segredo;RS;109;62;56.9
4320305;Selbach;RS;72;28;38.9
4320404;Serafina Corrêa;RS;296;50;16.9
4310652;Itati;RS;60;48;80
4320503;Sertão;RS;183;75;41
4320602;Severiano de Almeida;RS;51;14;27.5
4320651;Silveira Martins;RS;42;7;16.7
4314068;Passa Sete;RS;72;47;65.3
4312427;Mormaço;RS;63;40;63.5
4316733;Santa Cecília do Sul;RS;30;16;53.3
4320354;Sentinela do Sul;RS;74;23;31.1
4321329;Taquaruçu do Sul;RS;57;21;36.8
4301859;Barra do Guarita;RS;93;40;43
4321436;Terra de Areia;RS;167;86;51.5
4306551;Dom Pedro de Alcântara;RS;52;43;82.7
4311734;Mampituba;RS;53;30;56.6
4321634;Três Arroios;RS;29;21;72.4
4321857;Três Palmeiras;RS;99;66;66.7
4323408;Vila Maria;RS;69;17;24.6
4322152;Tunas;RS;64;44;68.8
4322251;Tupandi;RS;85;9;10.6
4315057;Porto Mauá;RS;37;30;81.1
4312377;Monte Alegre dos Campos;RS;68;34;50
4312617;Muitos Capões;RS;60;39;65
4322558;Vanini;RS;36;17;47.2
4304853;Carlos Gomes;RS;37;10;27
4322905;Viadutos;RS;63;26;41.3
4323101;Vicente Dutra;RS;98;49;50
4323200;Victor Graeff;RS;78;25;32.1
4323309;Vila Flores;RS;61;14;23
4323507;Vista Alegre;RS;51;16;31.4
4323606;Vista Alegre do Prata;RS;34;14;41.2
5003207;Corumbá;MS;1706;639;37.5
5005202;Ladário;MS;403;280;69.5
5006903;Porto Murtinho;MS;292;216;74
5000708;Anastácio;MS;466;315;67.6
5002704;Campo Grande;MS;15586;7299;46.8
5001102;Aquidauana;MS;968;541;55.9
5003488;Dois Irmãos do Buriti;MS;284;225;79.2
5005608;Miranda;MS;641;465;72.5
5000252;Alcinópolis;MS;82;56;68.3
5002605;Camapuã;MS;246;170;69.1
5003900;Figueirão;MS;48;32;66.7
5003306;Coxim;MS;577;361;62.6
5006408;Pedro Gomes;MS;144;107;74.3
5007406;Rio Verde de Mato Grosso;MS;339;249;73.5
5007695;São Gabriel do Oeste;MS;518;147;28.4
5007935;Sonora;MS;281;162;57.7
5001508;Bandeirantes;MS;150;99;66
5003108;Corguinho;MS;89;66;74.2
5004908;Jaraguari;MS;98;63;64.3
5007307;Rio Negro;MS;80;61;76.2
5007505;Rochedo;MS;84;60;71.4
5007901;Sidrolândia;MS;1006;642;63.8
5008008;Terenos;MS;341;219;64.2
5002902;Cassilândia;MS;375;126;33.6
5002951;Chapadão do Sul;MS;704;420;59.7
5003256;Costa Rica;MS;457;303;66.3
5006275;Paraíso das Águas;MS;128;83;64.8
5001003;Aparecida do Taboado;MS;410;206;50.2
5004403;Inocência;MS;135;102;75.6
5006309;Paranaíba;MS;636;367;57.7
5007802;Selvíria;MS;137;112;81.8
5000203;Água Clara;MS;240;136;56.7
5002308;Brasilândia;MS;182;97;53.3
5007109;Ribas do Rio Pardo;MS;517;220;42.6
5007554;Santa Rita do Pardo;MS;124;74;59.7
5008305;Três Lagoas;MS;2302;832;36.1
5000807;Anaurilândia;MS;118;65;55.1
5001904;Bataguassu;MS;446;252;56.5
5002001;Batayporã;MS;164;121;73.8
5006200;Nova Andradina;MS;919;453;49.3
5007976;Taquarussu;MS;64;42;65.6
5002100;Bela Vista;MS;492;308;62.6
5002159;Bodoquena;MS;175;137;78.3
5002209;Bonito;MS;453;254;56.1
5002803;Caracol;MS;89;66;74.2
5004106;Guia Lopes da Laguna;MS;156;108;69.2
5005004;Jardim;MS;490;210;42.9
5005806;Nioaque;MS;235;186;79.1
5000609;Amambai;MS;667;435;65.2
5000906;Antônio João;MS;178;152;85.4
5001243;Aral Moreira;MS;192;161;83.9
5002407;Caarapó;MS;527;301;57.1
5003504;Douradina;MS;97;82;84.5
5003702;Dourados;MS;4251;2107;49.6
5003801;Fátima do Sul;MS;333;138;41.4
5004502;Itaporã;MS;347;254;73.2
5005152;Juti;MS;103;71;68.9
5005251;Laguna Carapã;MS;129;92;71.3
5005400;Maracaju;MS;662;303;45.8
5006002;Nova Alvorada do Sul;MS;345;208;60.3
5006606;Ponta Porã;MS;1703;911;53.5
5007208;Rio Brilhante;MS;599;381;63.6
5008404;Vicentina;MS;151;124;82.1
5000856;Angélica;MS;186;156;83.9
5003157;Coronel Sapucaia;MS;275;237;86.2
5003454;Deodápolis;MS;305;239;78.4
5003751;Eldorado;MS;224;168;75
5004007;Glória de Dourados;MS;175;100;57.1
5004304;Iguatemi;MS;270;169;62.6
5004601;Itaquiraí;MS;251;139;55.4
5004700;Ivinhema;MS;473;261;55.2
5004809;Japorã;MS;173;137;79.2
5005103;Jateí;MS;96;79;82.3
5005681;Mundo Novo;MS;358;226;63.1
5005707;Naviraí;MS;1022;495;48.4
5006259;Novo Horizonte do Sul;MS;76;55;72.4
5006358;Paranhos;MS;260;202;77.7
5007703;Sete Quedas;MS;169;126;74.6
5007950;Tacuru;MS;177;144;81.4
5103304;Comodoro;MT;279;123;44.1
5101407;Aripuanã;MT;349;149;42.7
5103254;Colniza;MT;365;227;62.2
5107578;Rondolândia;MT;89;50;56.2
5101902;Brasnorte;MT;253;161;63.6
5102850;Castanheira;MT;106;68;64.2
5103379;Cotriguaçu;MT;136;67;49.3
5105150;Juína;MT;611;347;56.8
5105176;Juruena;MT;135;105;77.8
5100250;Alta Floresta;MT;776;446;57.5
5102793;Carlinda;MT;119;83;69.7
5100805;Apiacás;MT;116;72;62.1
5106158;Nova Bandeirantes;MT;147;72;49
5106299;Paranaíta;MT;151;111;73.5
5108956;Nova Monte Verde;MT;97;57;58.8
5103205;Colíder;MT;368;156;42.4
5104104;Guarantã do Norte;MT;494;331;67
5106265;Novo Mundo;MT;91;69;75.8
5105606;Matupá;MT;363;200;55.1
5106216;Nova Canaã do Norte;MT;142;78;54.9
5106422;Peixoto de Azevedo;MT;387;200;51.7
5108055;Terra Nova do Norte;MT;159;95;59.7
5108808;Nova Guarita;MT;51;24;47.1
5102637;Campo Novo do Parecis;MT;633;291;46
5107875;Sapezal;MT;373;148;39.7
5102686;Campos de Júlio;MT;138;50;36.2
5103502;Diamantino;MT;370;209;56.5
5105101;Juara;MT;453;292;64.5
5106273;Novo Horizonte do Norte;MT;42;20;47.6
5106802;Porto dos Gaúchos;MT;76;48;63.2
5107305;São José do Rio Claro;MT;166;62;37.3
5107941;Tabaporã;MT;133;55;41.4
5108907;Nova Maringá;MT;56;29;51.8
5105259;Lucas do Rio Verde;MT;1084;234;21.6
5105903;Nobres;MT;210;112;53.3
5106224;Nova Mutum;MT;769;196;25.5
5107768;Santa Rita do Trivelato;MT;55;32;58.2
5107925;Sorriso;MT;1477;461;31.2
5101837;Boa Esperança do Norte;MT;92;64;69.6
5106240;Nova Ubiratã;MT;122;71;58.2
5104526;Ipiranga do Norte;MT;105;42;40
5104542;Itanhangá;MT;89;42;47.2
5108006;Tapurah;MT;177;87;49.2
5103056;Cláudia;MT;137;66;48.2
5108303;União do Sul;MT;63;26;41.3
5104559;Itaúba;MT;75;48;64
5106190;Nova Santa Helena;MT;42;25;59.5
5105580;Marcelândia;MT;171;98;57.3
5107248;Santa Carmem;MT;78;32;41
5107909;Sinop;MT;2106;872;41.4
5108501;Vera;MT;134;57;42.5
5103700;Feliz Natal;MT;155;59;38.1
5106208;Nova Brasilândia;MT;48;20;41.7
5106307;Paranatinga;MT;368;248;67.4
5103858;Gaúcha do Norte;MT;224;142;63.4
5106455;Planalto da Serra;MT;45;31;68.9
5101852;Bom Jesus do Araguaia;MT;106;80;75.5
5107883;Serra Nova Dourada;MT;32;8;25
5100359;Alto Boa Vista;MT;73;50;68.5
5102694;Canabrava do Norte;MT;74;32;43.2
5103353;Confresa;MT;574;411;71.6
5105309;Luciara;MT;61;44;72.1
5106778;Porto Alegre do Norte;MT;144;111;77.1
5107180;Ribeirão Cascalheira;MT;136;99;72.8
5107354;São José do Xingu;MT;99;75;75.8
5107743;Santa Cruz do Xingu;MT;49;35;71.4
5107776;Santa Terezinha;MT;131;103;78.6
5107859;São Félix do Araguaia;MT;164;101;61.6
5108600;Vila Rica;MT;261;138;52.9
5100201;Água Boa;MT;396;188;47.5
5106174;Nova Nazaré;MT;109;83;76.1
5102603;Campinápolis;MT;383;316;82.5
5102702;Canarana;MT;356;151;42.4
5106257;Nova Xavantina;MT;250;100;40
5106281;Novo São Joaquim;MT;88;61;69.3
5107792;Santo Antônio do Leste;MT;57;32;56.1
5107065;Querência;MT;376;199;52.9
5101001;Araguaiana;MT;42;31;73.8
5101803;Barra do Garças;MT;1017;393;38.6
5103106;Cocalinho;MT;72;43;59.7
5105507;Vila Bela da Santíssima Trindade;MT;201;97;48.3
5106182;Nova Lacerda;MT;84;43;51.2
5106752;Pontes e Lacerda;MT;559;276;49.4
5108352;Vale de São Domingos;MT;41;31;75.6
5101704;Barra do Bugres;MT;387;224;57.9
5106851;Porto Estrela;MT;42;19;45.2
5103452;Denise;MT;67;28;41.8
5106232;Nova Olímpia;MT;215;108;50.2
5107958;Tangará da Serra;MT;1174;504;42.9
5101258;Araputanga;MT;199;77;38.7
5103809;Figueirópolis D'Oeste;MT;35;14;40
5103957;Glória D'Oeste;MT;41;29;70.7
5104500;Indiavaí;MT;30;7;23.3
5105002;Jauru;MT;88;55;62.5
5105234;Lambari D'Oeste;MT;60;43;71.7
5105622;Mirassol d'Oeste;MT;330;176;53.3
5106828;Porto Esperidião;MT;148;109;73.6
5107107;São José dos Quatro Marcos;MT;228;90;39.5
5107156;Reserva do Cabaçal;MT;32;14;43.8
5107206;Rio Branco;MT;60;43;71.7
5107750;Salto do Céu;MT;40;30;75
5100508;Alto Paraguai;MT;96;64;66.7
5101308;Arenápolis;MT;124;75;60.5
5106000;Nortelândia;MT;71;43;60.6
5107263;Santo Afonso;MT;48;22;45.8
5108857;Nova Marilândia;MT;48;30;62.5
5100102;Acorizal;MT;88;54;61.4
5104906;Jangada;MT;113;91;80.5
5107701;Rosário Oeste;MT;184;135;73.4
5103007;Chapada dos Guimarães;MT;266;129;48.5
5103403;Cuiabá;MT;7264;1779;24.5
5107800;Santo Antônio de Leverger;MT;282;218;77.3
5106109;Nossa Senhora do Livramento;MT;256;194;75.8
5108402;Várzea Grande;MT;3002;1741;58
5101605;Barão de Melgaço;MT;93;67;72
5102504;Cáceres;MT;1152;390;33.9
5103437;Curvelândia;MT;54;35;64.8
5106505;Poconé;MT;421;243;57.7
5102678;Campo Verde;MT;652;244;37.4
5107040;Primavera do Leste;MT;1240;500;40.3
5101209;Araguainha;MT;16;15;93.8
5103908;General Carneiro;MT;152;126;82.9
5104203;Guiratinga;MT;92;59;64.1
5106653;Pontal do Araguaia;MT;54;40;74.1
5106703;Ponte Branca;MT;26;16;61.5
5107008;Poxoréu;MT;248;190;76.6
5107198;Ribeirãozinho;MT;34;22;64.7
5108105;Tesouro;MT;27;21;77.8
5108204;Torixoréu;MT;35;10;28.6
5103601;Dom Aquino;MT;85;50;58.8
5104609;Itiquira;MT;144;78;54.2
5104807;Jaciara;MT;374;168;44.9
5105200;Juscimeira;MT;165;93;56.4
5106372;Pedra Preta;MT;200;117;58.5
5107297;São José do Povo;MT;27;19;70.4
5107404;São Pedro da Cipa;MT;52;30;57.7
5107602;Rondonópolis;MT;3149;1339;42.5
5100300;Alto Araguaia;MT;205;77;37.6
5100409;Alto Garças;MT;125;39;31.2
5100607;Alto Taquari;MT;140;57;40.7
5103361;Conquista D'Oeste;MT;58;41;70.7
5106315;Novo Santo Antônio;MT;33;16;48.5
5206404;Crixás;GO;225;83;36.9
5214002;Mozarlândia;GO;162;61;37.7
5214051;Mundo Novo;GO;76;25;32.9
5214838;Nova Crixás;GO;154;60;39
5215256;Novo Planalto;GO;38;25;65.8
5220207;São Miguel do Araguaia;GO;222;89;40.1
5221577;Uirapuru;GO;56;22;39.3
5202155;Araguapaz;GO;83;36;43.4
5202502;Aruanã;GO;85;28;32.9
5203807;Britânia;GO;57;27;47.4
5207535;Faina;GO;81;26;32.1
5208905;Goiás;GO;318;99;31.1
5211008;Itapirapuã;GO;86;18;20.9
5212204;Jussara;GO;233;82;35.2
5212956;Matrinchã;GO;58;30;51.7
5219258;Santa Fé de Goiás;GO;45;22;48.9
5201702;Aragarças;GO;177;47;26.6
5202353;Arenópolis;GO;61;24;39.3
5203104;Baliza;GO;52;21;40.4
5203401;Bom Jardim de Goiás;GO;73;22;30.1
5207105;Diorama;GO;31;7;22.6
5213707;Montes Claros de Goiás;GO;93;44;47.3
5217203;Piranhas;GO;123;45;36.6
5200555;Alto Horizonte;GO;88;6;6.8
5204656;Campinaçu;GO;43;14;32.6
5204706;Campinorte;GO;135;47;34.8
5204953;Campos Verdes;GO;40;6;15
5207501;Estrela do Norte;GO;40;24;60
5208103;Formoso;GO;43;8;18.6
5212808;Mara Rosa;GO;137;52;38
5200829;Amaralina;GO;60;15;25
5213087;Minaçu;GO;356;162;45.5
5213772;Montividiu do Norte;GO;63;25;39.7
5214101;Mutunópolis;GO;34;11;32.4
5214606;Niquelândia;GO;431;116;26.9
5214879;Nova Iguaçu de Goiás;GO;35;16;45.7
5218003;Porangatu;GO;478;62;13
5203575;Bonópolis;GO;48;12;25
5219605;Santa Tereza de Goiás;GO;36;10;27.8
5219704;Santa Terezinha de Goiás;GO;118;45;38.1
5221452;Trombas;GO;39;13;33.3
5221601;Uruaçu;GO;535;70;13.1
5200605;Alto Paraíso de Goiás;GO;121;44;36.4
5204904;Campos Belos;GO;315;63;20
5205307;Cavalcante;GO;176;98;55.7
5205521;Colinas do Sul;GO;88;51;58
5213509;Monte Alegre de Goiás;GO;138;79;57.2
5214903;Nova Roma;GO;38;14;36.8
5220009;São João d'Aliança;GO;185;56;30.3
5221080;Teresina de Goiás;GO;53;20;37.7
5203203;Barro Alto;GO;171;31;18.1
5219456;Santa Rita do Novo Destino;GO;48;17;35.4
5220280;São Patrício;GO;35;13;37.1
5205000;Carmo do Rio Verde;GO;101;43;42.6
5205406;Ceres;GO;365;40;11
5210158;Ipiranga de Goiás;GO;31;8;25.8
5208608;Goianésia;GO;761;125;16.4
5209291;Guaraíta;GO;24;8;33.3
5209457;Guarinos;GO;38;7;18.4
5209804;Hidrolina;GO;29;19;65.5
5210901;Itapaci;GO;252;77;30.6
5211206;Itapuranga;GO;270;43;15.9
5213855;Morro Agudo de Goiás;GO;43;26;60.5
5214705;Nova América;GO;36;24;66.7
5214861;Nova Glória;GO;147;48;32.7
5216908;Pilar de Goiás;GO;33;7;21.2
5218607;Rialma;GO;106;14;13.2
5218706;Rianápolis;GO;39;14;35.9
5218904;Rubiataba;GO;220;45;20.5
5219357;Santa Isabel;GO;46;11;23.9
5220157;São Luiz do Norte;GO;74;23;31.1
5221700;Uruana;GO;161;51;31.7
5201108;Anápolis;GO;4024;294;7.3
5204854;Campo Limpo de Goiás;GO;83;23;27.7
5201603;Araçu;GO;34;10;29.4
5203609;Brazabrantes;GO;34;6;17.6
5205208;Caturaí;GO;39;12;30.8
5206800;Damolândia;GO;32;18;56.2
5209606;Heitoraí;GO;33;7;21.2
5210000;Inhumas;GO;667;65;9.7
5210406;Itaberaí;GO;417;194;46.5
5210562;Itaguari;GO;46;18;39.1
5210604;Itaguaru;GO;49;17;34.7
5211404;Itauçu;GO;82;13;15.9
5211800;Jaraguá;GO;457;111;24.3
5212055;Jesúpolis;GO;26;6;23.1
5215009;Nova Veneza;GO;103;51;49.5
5215405;Ouro Verde de Goiás;GO;40;12;30
5216809;Petrolina de Goiás;GO;73;17;23.3
5219506;Santa Rosa de Goiás;GO;28;12;42.9
5219902;São Francisco de Goiás;GO;82;20;24.4
5221007;Taquaral de Goiás;GO;32;25;78.1
5200902;Amorinópolis;GO;31;14;45.2
5204201;Cachoeira de Goiás;GO;15;6;40
5205703;Córrego do Ouro;GO;28;6;21.4
5207600;Fazenda Nova;GO;57;33;57.9
5210208;Iporá;GO;502;79;15.7
5210307;Israelândia;GO;22;4;18.2
5211602;Ivolândia;GO;25;10;40
5212006;Jaupaci;GO;30;10;33.3
5213400;Moiporá;GO;45;22;48.9
5215207;Novo Brasil;GO;60;25;41.7
5200159;Adelândia;GO;19;6;31.6
5200852;Americano do Brasil;GO;48;22;45.8
5201306;Anicuns;GO;185;72;38.9
5202601;Aurilândia;GO;24;3;12.5
5202809;Avelinópolis;GO;38;20;52.6
5203939;Buriti de Goiás;GO;27;9;33.3
5207808;Firminópolis;GO;107;25;23.4
5213905;Mossâmedes;GO;50;3;6
5214408;Nazário;GO;83;36;43.4
5219001;Sanclerlândia;GO;80;41;51.2
5219100;Santa Bárbara de Goiás;GO;61;33;54.1
5220108;São Luís de Montes Belos;GO;430;103;24
5221502;Turvânia;GO;56;10;17.9
5201405;Aparecida de Goiânia;GO;4714;1035;22
5208707;Goiânia;GO;15574;2145;13.8
5201801;Aragoiânia;GO;97;36;37.1
5200050;Abadia de Goiás;GO;193;89;46.1
5203302;Bela Vista de Goiás;GO;310;82;26.5
5203559;Bonfinópolis;GO;80;14;17.5
5204557;Caldazinha;GO;33;16;48.5
5208400;Goianápolis;GO;160;47;29.4
5208806;Goianira;GO;676;256;37.9
5209200;Guapó;GO;200;69;34.5
5209705;Hidrolândia;GO;288;117;40.6
5212303;Leopoldo de Bulhões;GO;131;65;49.6
5214507;Nerópolis;GO;347;108;31.1
5219738;Santo Antônio de Goiás;GO;85;47;55.3
5220454;Senador Canedo;GO;1576;123;7.8
5221197;Terezópolis de Goiás;GO;85;36;42.4
5221403;Trindade;GO;1468;321;21.9
5200803;Alvorada do Norte;GO;98;46;46.9
5203962;Buritinópolis;GO;35;10;28.6
5206701;Damianópolis;GO;45;10;22.2
5207907;Flores de Goiás;GO;154;40;26
5208301;Divinópolis de Goiás;GO;74;35;47.3
5209408;Guarani de Goiás;GO;54;26;48.1
5209903;Iaciara;GO;150;59;39.3
5212709;Mambaí;GO;89;32;36
5218300;Posse;GO;453;200;44.2
5219803;São Domingos;GO;155;26;16.8
5220686;Simolândia;GO;64;20;31.2
5220702;Sítio d'Abadia;GO;53;14;26.4
5200100;Abadiânia;GO;184;38;20.7
5200175;Água Fria de Goiás;GO;76;33;43.4
5200308;Alexânia;GO;284;45;15.8
5204003;Cabeceiras;GO;124;32;25.8
5205497;Cidade Ocidental;GO;864;451;52.2
5205513;Cocalzinho de Goiás;GO;204;74;36.3
5205802;Corumbá de Goiás;GO;101;45;44.6
5206206;Cristalina;GO;828;300;36.2
5208004;Formosa;GO;1428;168;11.8
5212501;Luziânia;GO;2272;544;23.9
5221858;Valparaíso de Goiás;GO;1976;915;46.3
5215231;Novo Gama;GO;772;222;28.8
5213053;Mimoso de Goiás;GO;44;20;45.5
5215603;Padre Bernardo;GO;304;96;31.6
5217302;Pirenópolis;GO;288;75;26
5222302;Vila Propício;GO;72;30;41.7
5217609;Planaltina;GO;1207;453;37.5
5200258;Águas Lindas de Goiás;GO;1870;340;18.2
5219753;Santo Antônio do Descoberto;GO;638;84;13.2
5222203;Vila Boa;GO;69;18;26.1
5201454;Aparecida do Rio Doce;GO;47;13;27.7
5201504;Aporé;GO;76;34;44.7
5204409;Caiapônia;GO;178;78;43.8
5205059;Castelândia;GO;35;7;20
5205471;Chapadão do Céu;GO;155;27;17.4
5207253;Doverlândia;GO;93;17;18.3
5211909;Jataí;GO;1193;221;18.5
5213004;Maurilândia;GO;100;46;46
5213103;Mineiros;GO;841;284;33.8
5213756;Montividiu;GO;158;20;12.7
5215652;Palestina de Goiás;GO;33;8;24.2
5216452;Perolândia;GO;59;28;47.5
5218102;Portelândia;GO;38;12;31.6
5218805;Rio Verde;GO;2466;369;15
5219308;Santa Helena de Goiás;GO;407;42;10.3
5219407;Santa Rita do Araguaia;GO;68;31;45.6
5219712;Santo Antônio da Barra;GO;48;32;66.7
5220504;Serranópolis;GO;94;52;55.3
5200134;Acreúna;GO;231;40;17.3
5204607;Campestre de Goiás;GO;43;24;55.8
5205455;Cezarina;GO;99;37;37.4
5207352;Edealina;GO;37;10;27
5207402;Edéia;GO;120;46;38.3
5209952;Indiara;GO;170;40;23.5
5211701;Jandaia;GO;62;23;37.1
5215702;Palmeiras de Goiás;GO;348;17;4.9
5215900;Palminópolis;GO;40;15;37.5
5216403;Paraúna;GO;125;9;7.2
5220058;São João da Paraúna;GO;38;15;39.5
5221551;Turvelândia;GO;58;8;13.8
5221908;Varjão;GO;28;6;21.4
5200209;Água Limpa;GO;40;11;27.5
5200506;Aloândia;GO;15;1;6.7
5203500;Bom Jesus de Goiás;GO;268;49;18.3
5209101;Goiatuba;GO;356;51;14.3
5203906;Buriti Alegre;GO;95;6;6.3
5204250;Cachoeira Dourada;GO;74;21;28.4
5204508;Caldas Novas;GO;1011;304;30.1
5206503;Cromínia;GO;47;13;27.7
5218052;Porteirão;GO;43;15;34.9
5209937;Inaciolândia;GO;70;10;14.3
5211503;Itumbiara;GO;1333;147;11
5212105;Joviânia;GO;73;14;19.2
5212600;Mairipotaba;GO;28;13;46.4
5212907;Marzagão;GO;35;6;17.1
5213806;Morrinhos;GO;478;28;5.9
5216007;Panamá;GO;23;6;26.1
5217104;Piracanjuba;GO;240;28;11.7
5217708;Pontalina;GO;184;43;23.4
5218391;Professor Jamil;GO;34;13;38.2
5218789;Rio Quente;GO;70;26;37.1
5222054;Vicentinópolis;GO;74;8;10.8
5206305;Cristianópolis;GO;38;13;34.2
5215306;Orizona;GO;235;20;8.5
5215801;Palmelo;GO;27;3;11.1
5217401;Pires do Rio;GO;352;98;27.8
5219209;Santa Cruz de Goiás;GO;31;6;19.4
5220264;São Miguel do Passa Quatro;GO;49;16;32.7
5220603;Silvânia;GO;232;72;31
5208152;Gameleira de Goiás;GO;46;24;52.2
5221809;Urutaí;GO;111;14;12.6
5222005;Vianópolis;GO;193;41;21.2
5201207;Anhanguera;GO;20;5;25
5204805;Campo Alegre de Goiás;GO;78;8;10.3
5210109;Ipameri;GO;359;71;19.8
5205109;Catalão;GO;1504;247;16.4
5205901;Corumbaíba;GO;124;33;26.6
5206602;Cumari;GO;25;4;16
5206909;Davinópolis;GO;28;8;28.6
5208509;Goiandira;GO;66;7;10.6
5214804;Nova Aurora;GO;23;4;17.4
5215504;Ouvidor;GO;76;51;67.1
5221304;Três Ranchos;GO;29;17;58.6
5204102;Cachoeira Alta;GO;103;44;42.7
5204300;Caçu;GO;148;38;25.7
5209150;Gouvelândia;GO;52;3;5.8
5212253;Lagoa Santa;GO;42;17;40.5
5210802;Itajá;GO;73;24;32.9
5211305;Itarumã;GO;83;39;47
5216304;Paranaiguara;GO;79;30;38
5218508;Quirinópolis;GO;545;65;11.9
5220405;São Simão;GO;184;33;17.9
5300108;Brasília;DF;34683;12680;36.6
