CO_MUNICIPIO;doc_bas;doc_vinculo_contrat;pct_contratados
1100205;5160;1007;19.5
1100254;265;88;33.2
1100346;153;34;22.2
1100338;356;54;15.2
1100700;136;41;30.1
1100452;304;94;30.9
1100809;200;135;67.5
1101104;102;26;25.5
1100080;210;28;13.3
1101492;225;55;24.4
1100106;675;153;22.7
1100023;1036;170;16.4
1100130;442;192;43.4
1101757;72;33;45.8
1100940;161;18;11.2
1100262;39;3;7.7
1100403;160;63;39.4
1100601;84;40;47.6
1101401;163;82;50.3
1100114;724;88;12.2
1100122;1327;301;22.7
1100155;316;42;13.3
1101435;71;32;45.1
1101559;39;8;20.5
1101005;130;8;6.2
1101302;114;13;11.4
1101609;125;39;31.2
1101708;112;8;7.1
1101807;87;21;24.1
1100148;185;54;29.2
1100320;273;111;40.7
1100015;426;159;37.3
1101500;108;30;27.8
1100379;172;51;29.7
1100049;1089;308;28.3
1100098;365;98;26.8
1100288;609;171;28.1
1100296;67;5;7.5
1100502;119;23;19.3
1100908;32;5;15.6
1101203;83;22;26.5
1100189;382;72;18.8
1101450;63;16;25.4
1101476;64;10;15.6
1101484;51;10;19.6
1100924;167;35;21
1100304;1036;180;17.4
1100031;102;34;33.3
1100056;201;40;19.9
1101468;50;16;32
1100064;247;37;15
1100072;159;32;20.1
1200203;1760;1311;74.5
1200336;379;296;78.1
1200609;863;581;67.3
1200427;497;446;89.7
1200351;398;268;67.3
1200393;305;263;86.2
1200302;781;682;87.3
1200328;218;137;62.8
1200344;188;169;89.9
1200435;190;181;95.3
1200054;181;114;63
1200500;688;600;87.2
1200013;144;104;72.2
1200401;4399;2326;52.9
1200138;221;185;83.7
1200179;122;78;63.9
1200385;231;157;68
1200450;314;189;60.2
1200807;235;119;50.6
1200104;297;192;64.6
1200252;189;127;67.2
1200708;289;201;69.6
1300409;515;309;60
1303205;352;140;39.8
1303601;548;373;68.1
1303809;1584;801;50.6
1302108;415;223;53.7
1302801;642;468;72.9
1300060;347;166;47.8
1300201;482;249;51.7
1300607;1041;608;58.4
1301605;731;401;54.9
1302306;656;473;72.1
1303700;1072;754;70.3
1303908;919;469;51
1304062;1263;451;35.7
1304237;602;385;64
1301001;586;254;43.3
1301407;662;256;38.7
1301506;324;101;31.2
1301654;290;105;36.2
1301803;375;189;50.4
1301951;323;180;55.7
1302207;337;176;52.2
1300029;455;294;64.6
1304260;517;350;67.7
1304203;1864;1224;65.7
1300086;344;164;47.7
1300102;322;226;70.2
1300631;476;270;56.7
1300839;354;168;47.5
1301209;1257;405;32.2
1301308;548;303;55.3
1300300;828;447;54
1301100;737;413;56
1302553;386;224;58
1301159;431;158;36.7
1301852;870;125;14.4
1302504;1764;916;51.9
1302603;23104;797;3.4
1303536;672;353;52.5
1303569;460;300;65.2
1301902;1740;594;34.1
1302009;302;117;38.7
1303106;651;472;72.5
1304005;408;200;49
1304401;519;185;35.6
1300508;1037;500;48.2
1300680;492;303;61.6
1302900;1438;879;61.1
1303007;441;231;52.4
1303403;1832;710;38.8
1303957;263;118;44.9
1304302;323;159;49.2
1300706;729;329;45.1
1303502;409;114;27.9
1300904;283;187;66.1
1302405;899;634;70.5
1304104;514;304;59.1
1300144;277;75;27.1
1300805;1190;624;52.4
1301704;993;360;36.3
1302702;1202;739;61.5
1303304;459;158;34.4
1400050;371;248;66.8
1400308;298;91;30.5
1400456;597;328;54.9
1400100;5590;1104;19.7
1400027;348;186;53.4
1400704;634;473;74.6
1400159;387;90;23.3
1400175;396;131;33.1
1400407;621;365;58.8
1400209;359;100;27.9
1400282;142;75;52.8
1400506;138;59;42.8
1400233;164;102;62.2
1400605;133;106;79.7
1400472;507;224;44.2
1503002;190;80;42.1
1503903;890;301;33.8
1505106;915;377;41.2
1505304;1014;346;34.1
1507979;284;86;30.3
1500404;879;155;17.6
1502855;272;77;28.3
1504802;878;134;15.3
1506005;584;280;47.9
1505908;753;508;67.5
1506807;5250;2413;46
1505650;306;184;60.1
1501451;295;168;56.9
1504752;363;258;71.1
1500503;749;441;58.9
1501105;459;368;80.2
1503101;881;687;78
1504505;793;648;81.7
1505809;1330;827;62.2
1500305;952;479;50.3
1500701;709;402;56.7
1501808;2849;1962;68.9
1502806;536;346;64.6
1507706;452;281;62.2
1502004;417;362;86.8
1502509;923;648;70.2
1504901;658;571;86.8
1505700;510;291;57.1
1506302;440;275;62.5
1506401;131;94;71.8
1507904;335;209;62.4
1500800;5067;1305;25.8
1504422;1235;1037;84
1501402;14796;1988;13.4
1501303;1630;522;32
1501501;831;506;60.9
1506351;250;137;54.8
1501907;569;367;64.5
1502400;3173;1054;33.2
1503408;141;36;25.5
1506500;928;515;55.5
1507003;496;184;37.1
1502608;244;58;23.8
1502905;600;341;56.8
1507961;221;144;65.2
1504109;203;130;64
1504307;616;380;61.7
1504406;386;241;62.4
1506203;541;234;43.3
1507474;303;86;28.4
1507466;123;79;64.2
1507102;254;119;46.9
1508209;741;362;48.9
1500909;636;266;41.8
1501600;159;88;55.3
1501709;2117;796;37.6
1508035;422;281;66.6
1502202;793;202;25.5
1503200;613;311;50.7
1505007;235;126;53.6
1505601;168;113;67.3
1506104;145;66;45.5
1506112;143;58;40.6
1506609;361;173;47.9
1506906;138;76;55.1
1507409;220;102;46.4
1500107;2774;1258;45.3
1501204;585;198;33.8
1502103;2342;786;33.6
1503309;695;75;10.8
1504000;677;328;48.4
1504604;552;146;26.4
1505205;518;315;60.8
1500206;792;274;34.6
1502756;685;391;57.1
1507201;569;234;41.1
1504703;1104;506;45.8
1507953;1060;488;46
1508001;1127;771;68.4
1500958;356;185;52
1502301;1040;760;73.1
1503077;491;279;56.8
1503457;572;279;48.8
1505502;1455;655;45
1503507;531;226;42.6
1504059;531;234;44.1
1504950;400;192;48
1505403;281;206;73.3
1506559;253;157;62.1
1507607;1115;560;50.2
1503754;507;447;88.2
1502152;909;635;69.9
1504455;311;176;56.6
1505536;2653;448;16.9
1508308;1249;753;60.3
1505486;606;261;43.1
1505064;787;274;34.8
1501956;387;179;46.3
1506708;460;253;55
1503606;1697;1041;61.3
1506195;368;192;52.2
1504208;3265;700;21.4
1500347;190;120;63.2
1507805;372;263;70.7
1503804;468;45;9.6
1505031;405;195;48.1
1506138;987;195;19.8
1503093;453;171;37.7
1501782;503;259;51.5
1501006;315;190;60.3
1508050;212;128;60.4
1503705;606;330;54.5
1500602;2094;1424;68
1500859;602;431;71.6
1508357;356;285;80.1
1502764;235;137;58.3
1501725;319;271;85
1508159;497;354;71.2
1504976;151;63;41.7
1508100;1376;683;49.6
1500131;83;39;47
1501576;386;142;36.8
1502939;544;198;36.4
1506187;353;31;8.8
1508126;338;243;71.9
1505437;494;258;52.2
1501253;62;35;56.5
1502707;559;151;27
1507300;799;315;39.4
1508084;547;325;59.4
1502772;408;286;70.1
1502954;375;59;15.7
1501758;137;47;34.3
1507151;309;45;14.6
1505494;98;14;14.3
1507508;193;55;28.5
1505551;106;36;34
1506161;229;77;33.6
1507458;319;105;32.9
1505635;317;246;77.6
1508407;749;305;40.7
1507755;121;99;81.8
1503044;240;72;30
1506583;221;144;65.2
1600204;220;141;64.1
1600501;721;395;54.8
1600105;170;112;65.9
1600550;100;40;40
1600709;331;167;50.5
1600055;102;53;52
1600154;318;202;63.5
1600212;135;71;52.6
1600238;170;34;20
1600253;218;140;64.2
1600303;6590;1465;22.2
1600535;451;139;30.8
1600600;1827;603;33
1600279;811;439;54.1
1600808;250;129;51.6
1600402;636;453;71.2
1701002;137;86;62.8
1701051;57;27;47.4
1702208;477;169;35.4
1702554;321;150;46.7
1702901;194;43;22.2
1703800;152;74;48.7
1703826;32;9;28.1
1703891;63;37;58.7
1706506;80;39;48.8
1707405;162;68;42
1710706;81;23;28.4
1712801;55;32;58.2
1713809;80;59;73.8
1714302;91;38;41.8
1720002;52;38;73.1
1718303;194;102;52.6
1718550;61;41;67.2
1718808;61;32;52.5
1720101;143;111;77.6
1720200;205;127;62
1720309;63;22;34.9
1720804;217;124;57.1
1721208;385;209;54.3
1700301;78;34;43.6
1712454;47;29;61.7
1701309;78;41;52.6
1702109;2241;893;39.8
1702158;65;34;52.3
1702307;70;27;38.6
1703057;74;42;56.8
1703008;103;32;31.1
1703883;44;33;75
1705508;521;244;46.8
1707702;100;44;44
1713957;65;47;72.3
1718865;128;65;50.8
1714880;162;69;42.6
1715705;83;52;62.7
1716307;62;29;46.8
1717206;36;11;30.6
1722081;123;59;48
1722107;157;66;42
1700251;48;28;58.3
1701903;96;62;64.6
1703107;97;43;44.3
1703206;84;44;52.4
1703602;31;14;45.2
1703909;74;51;68.9
1706001;105;72;68.6
1707108;101;74;73.3
1713700;35;26;74.3
1707207;95;75;78.9
1708304;84;46;54.8
1709302;303;124;40.9
1716703;119;37;31.1
1721257;29;20;69
1711100;32;12;37.5
1711803;50;37;74
1712504;68;42;61.8
1713205;261;104;39.8
1713304;178;117;65.7
1716653;83;44;53
1718402;34;18;52.9
1718709;44;30;68.2
1721307;31;21;67.7
1702000;108;43;39.8
1706100;70;30;42.9
1718899;43;22;51.2
1707306;47;40;85.1
1707553;61;43;70.5
1715507;21;17;81
1708205;333;191;57.4
1711902;262;160;61.1
1715002;49;21;42.9
1716109;685;318;46.4
1718451;47;25;53.2
1717503;109;71;65.1
1718840;75;52;69.3
1700350;80;53;66.2
1700707;128;71;55.5
1720978;47;10;21.3
1703701;74;42;56.8
1703867;71;29;40.8
1707652;61;43;70.5
1709500;1268;404;31.9
1718204;1001;395;39.5
1711506;47;18;38.3
1715754;113;51;45.1
1716604;96;27;28.1
1720259;86;34;39.5
1720853;25;14;56
1701101;61;36;59
1703305;53;26;49.1
1712009;66;40;60.6
1713601;104;66;63.5
1716505;218;129;59.2
1709807;36;21;58.3
1718881;43;32;74.4
1720655;87;49;56.3
1721000;3819;909;23.8
1721109;281;246;87.5
1703842;161;95;59
1704105;22;8;36.4
1709005;292;200;68.5
1703073;87;60;69
1710508;168;116;69
1710904;41;24;58.5
1711951;69;31;44.9
1712405;45;27;60
1712702;45;31;68.9
1715101;55;31;56.4
1717909;108;34;31.5
1718501;65;39;60
1718758;90;65;72.2
1719004;50;30;60
1720150;31;21;67.7
1700400;124;68;54.8
1702406;201;91;45.3
1702703;43;22;51.2
1712157;34;19;55.9
1705557;83;36;43.4
1705607;64;49;76.6
1707009;277;130;46.9
1714203;153;83;54.2
1705102;34;21;61.8
1715150;23;13;56.5
1715259;39;28;71.8
1716208;183;111;60.7
1717008;70;41;58.6
1717800;85;66;77.6
1718006;43;24;55.8
1718659;38;26;68.4
1718907;85;62;72.9
1720499;83;54;65.1
1720903;183;78;42.6
1720937;36;25;69.4
1708254;62;22;35.5
1706258;28;18;64.3
1704600;20;14;70
2100204;415;250;60.2
2101301;364;196;53.8
2100832;375;179;47.7
2101905;331;200;60.4
2102408;187;97;51.9
2101350;96;53;55.2
2109056;141;83;58.9
2103109;163;89;54.6
2103703;510;214;42
2111789;288;143;49.7
2104909;188;77;41
2106805;313;105;33.5
2103125;204;183;89.7
2107506;2107;513;24.3
2109452;561;276;49.2
2111201;3463;1302;37.6
2111300;14770;2576;17.4
2101103;281;152;54.1
2105104;612;292;47.7
2107100;434;187;43.1
2102374;250;129;51.6
2109205;257;127;49.4
2109601;851;382;44.9
2101251;430;283;65.8
2110203;795;607;76.4
2101707;1300;891;68.5
2108058;506;302;59.7
2110104;855;456;53.3
2105005;563;366;65
2110278;384;171;44.5
2109403;393;308;78.4
2112506;982;347;35.3
2100709;382;288;75.4
2101004;694;326;47
2102507;451;312;69.2
2106508;470;214;45.5
2107456;294;180;61.2
2106904;651;283;43.5
2107605;416;239;57.5
2108306;585;370;63.2
2108256;658;396;60.2
2108405;237;80;33.8
2108603;1604;701;43.7
2109270;511;330;64.6
2109809;846;479;56.6
2112456;622;408;65.6
2110500;669;440;65.8
2111003;386;126;32.6
2111706;410;266;64.9
2112803;898;590;65.7
2101772;353;219;62
2112902;551;306;55.5
2103554;354;186;52.5
2105153;505;446;88.3
2106631;304;189;62.2
2102705;486;307;63.2
2105401;1223;836;68.4
2106755;335;255;76.1
2107209;344;238;69.2
2108801;245;104;42.4
2103604;1088;545;50.1
2109304;309;237;76.7
2112704;1101;610;55.4
2106375;372;334;89.8
2104677;488;182;37.3
2102606;504;402;79.8
2102903;524;294;56.1
2103174;448;215;48
2101970;232;122;52.6
2106326;404;256;63.4
2103158;415;395;95.2
2104305;227;163;71.8
2100550;279;221;79.2
2105658;161;107;66.5
2106201;157;52;33.1
2112407;886;491;55.4
2100402;176;88;50
2102150;275;202;73.5
2102002;859;513;59.7
2111029;247;165;66.8
2105708;955;426;44.6
2105963;300;149;49.7
2108108;512;308;60.2
2106359;178;96;53.9
2108504;805;320;39.8
2112274;163;90;55.2
2109908;1735;384;22.1
2110005;1033;511;49.5
2100477;695;475;68.3
2102325;1318;944;71.6
2102036;525;369;70.3
2110039;478;168;35.1
2107357;317;181;57.1
2109239;268;143;53.4
2113009;658;217;33
2104651;253;179;70.8
2114007;987;400;40.5
2100873;287;246;85.7
2100055;1579;670;42.4
2110856;163;94;57.7
2105427;368;115;31.2
2100600;895;598;66.8
2105302;3443;460;13.4
2103752;291;131;45
2103257;258;120;46.5
2104552;249;140;56.2
2111532;192;115;59.9
2112852;156;95;60.9
2111763;289;51;17.6
2105500;527;299;56.7
2102358;216;78;36.1
2109551;101;68;67.3
2107001;157;102;65
2105989;163;106;65
2101202;1628;906;55.7
2102077;248;116;46.8
2100436;391;291;74.4
2111672;168;79;47
2104008;430;210;48.8
2111631;197;115;58.4
2101939;110;53;48.2
2105203;205;137;66.8
2105807;298;169;56.7
2105948;209;106;50.7
2105906;343;142;41.4
2106003;244;122;50
2108454;484;335;69.2
2102754;231;114;49.4
2107407;407;209;51.4
2108207;543;189;34.8
2112233;358;223;62.3
2108702;683;421;61.6
2111722;262;231;88.2
2108900;364;133;36.5
2110302;563;412;73.2
2111409;378;181;47.9
2111508;622;348;55.9
2100956;651;362;55.6
2101608;2070;940;45.4
2105476;656;496;75.6
2104081;278;197;70.9
2105351;393;271;69
2104800;1643;852;51.9
2104099;384;227;59.1
2105609;292;151;51.7
2111805;393;210;53.4
2112308;667;354;53.1
2109759;143;73;51
2103802;436;133;30.5
2104206;356;165;46.3
2104404;331;154;46.5
2104503;169;114;67.5
2104602;271;132;48.7
2111748;202;138;68.3
2104701;143;80;55.9
2109106;724;184;25.4
2111250;142;72;50.7
2110708;886;450;50.8
2104628;204;39;19.1
2100907;916;284;31
2100154;309;156;50.5
2106300;320;61;19.1
2106672;169;107;63.3
2110609;642;220;34.3
2110237;188;95;50.5
2100808;484;203;41.9
2102101;775;468;60.4
2102200;620;307;49.5
2103208;1397;656;47
2106409;459;293;63.8
2110401;516;352;68.2
2112605;781;467;59.8
2101731;257;176;68.5
2103307;2266;1198;52.9
2112100;482;240;49.8
2100105;249;193;77.5
2100303;497;252;50.7
2103406;908;536;59
2103901;314;267;85
2102309;587;343;58.4
2103000;2900;1582;54.6
2111078;453;321;70.9
2106607;747;237;31.7
2107803;730;390;53.4
2105922;202;87;43.1
2112209;3095;1459;47.1
2101509;344;136;39.5
2103505;785;389;49.6
2105450;221;112;50.7
2106706;395;215;54.4
2107308;85;38;44.7
2107704;341;82;24
2107902;405;219;54.1
2108009;507;274;54
2110906;257;160;62.3
2111102;471;50;10.6
2111953;129;34;26.4
2111904;183;92;50.3
2102804;410;259;63.2
2104057;537;188;35
2111573;137;102;74.5
2111052;254;76;29.9
2102556;220;94;42.7
2109007;548;291;53.1
2100501;165;55;33.3
2101400;1694;491;29
2109502;329;133;40.4
2104073;118;36;30.5
2112001;206;78;37.9
2110658;193;106;54.9
2101806;108;40;37
2104107;232;65;28
2107258;97;25;25.8
2106102;277;133;48
2109700;98;54;55.1
2110807;90;49;54.4
2111607;364;176;48.4
2201200;1368;713;52.1
2201770;254;124;48.8
2203701;766;323;42.2
2201507;562;236;42
2201960;180;113;62.8
2202059;230;152;66.1
2206670;178;76;42.7
2206696;137;56;40.9
2205409;238;102;42.9
2205458;204;137;67.2
2205805;782;418;53.5
2209971;202;113;55.9
2205854;184;141;76.6
2206100;254;176;69.3
2206209;596;329;55.2
2206803;275;247;89.8
2208403;1361;678;49.8
2205573;162;79;48.8
2208502;330;172;52.1
2202174;217;135;62.2
2201919;140;71;50.7
2202000;541;321;59.3
2202653;125;63;50.4
2202539;99;44;44.4
2202703;602;265;44
2202729;105;58;55.2
2205706;553;252;45.6
2202083;158;68;43
2207702;2417;578;23.9
2204659;166;37;22.3
2208304;470;181;38.5
2209872;95;43;45.3
2210052;85;33;38.8
2207793;82;60;73.2
2200400;880;540;61.4
2201606;316;165;52.2
2202737;102;61;59.8
2205581;63;37;58.7
2203305;307;172;56
2205508;688;198;28.8
2211100;928;459;49.5
2205557;147;74;50.3
2206308;41;15;36.6
2203255;83;61;73.5
2206407;164;92;56.1
2206720;133;17;12.8
2211001;13216;3109;23.5
2200301;277;149;53.8
2206951;74;35;47.3
2202026;242;162;66.9
2202208;943;324;34.4
2202711;113;66;58.4
2205276;139;81;58.3
2206753;207;178;86
2201945;164;90;54.9
2202406;275;131;47.6
2202604;373;238;63.8
2205516;123;87;70.7
2203420;86;58;67.4
2206357;129;22;17.1
2207900;735;371;50.5
2209906;169;87;51.5
2210409;346;212;61.3
2201051;195;115;59
2210656;128;43;33.6
2205540;80;59;73.8
2200103;111;90;81.1
2200202;383;96;25.1
2207108;80;58;72.5
2200509;473;264;55.8
2200608;202;71;35.1
2210979;69;41;59.4
2201002;136;89;65.4
2201408;126;40;31.7
2204105;75;39;52
2204600;76;41;53.9
2205250;96;56;58.3
2207504;323;157;48.6
2207751;96;47;49
2208809;465;312;67.1
2209807;115;46;40
2209450;79;67;84.8
2210508;292;160;54.8
2200905;129;81;62.8
2203503;264;155;58.7
2204006;93;68;73.1
2204709;308;172;55.8
2206902;115;65;56.5
2208106;251;166;66.1
2205599;86;45;52.3
2208601;83;62;74.7
2209153;70;25;35.7
2210383;59;33;55.9
2209609;99;86;86.9
2211308;454;276;60.8
2201176;70;25;35.7
2211407;86;27;31.4
2201150;321;201;62.6
2208908;179;151;84.4
2209203;132;78;59.1
2211209;568;166;29.2
2210631;101;46;45.5
2200806;68;38;55.9
2208551;56;36;64.3
2201705;149;67;45
2202752;158;89;56.3
2203602;86;47;54.7
2205607;159;107;67.3
2205904;122;48;39.3
2200459;136;58;42.6
2206001;85;32;37.6
2202251;102;29;28.4
2203800;108;23;21.3
2203909;1280;275;21.5
2204501;246;140;56.9
2205102;225;79;35.1
2205300;113;42;37.2
2206704;109;12;11
2207850;109;65;59.6
2209005;129;70;54.3
2209708;108;43;39.8
2210391;63;24;38.1
2210102;54;16;29.6
2201309;76;51;67.1
2209757;76;45;59.2
2201903;607;293;48.3
2203230;154;104;67.5
2203107;301;200;66.4
2204402;265;110;41.5
2206605;248;86;34.7
2207405;141;76;53.9
2208700;257;148;57.6
2209302;129;89;69
2205532;89;43;48.3
2200707;229;133;58.1
2201929;79;31;39.2
2207355;55;20;36.4
2202307;361;81;22.4
2210953;62;25;40.3
2201988;71;17;23.9
2202505;194;64;33
2204550;100;50;50
2202851;122;70;57.4
2203354;192;85;44.3
2203453;196;80;40.8
2203750;120;71;59.2
2209559;93;60;64.5
2210359;108;43;39.8
2210607;793;474;59.8
2211357;115;69;60
2206654;85;33;38.8
2201101;160;29;18.1
2202901;673;162;24.1
2210623;90;36;40
2203008;129;82;63.6
2203206;250;52;20.8
2205524;115;56;48.7
2208858;116;62;53.4
2207603;195;57;29.2
2201804;104;41;39.4
2202778;151;82;54.3
2203404;132;51;38.6
2204808;203;119;58.6
2207009;918;446;48.6
2209955;119;70;58.8
2202075;100;88;88
2208007;1529;412;26.9
2210938;108;77;71.3
2204352;89;48;53.9
2200954;91;77;84.6
2207553;144;120;83.3
2211704;138;115;83.3
2209104;171;74;43.3
2209351;95;35;36.8
2209377;90;60;66.7
2210375;55;28;50.9
2209856;124;68;54.8
2210201;141;90;63.8
2200251;97;25;25.8
2200277;91;30;33
2204204;187;42;22.5
2206506;164;98;59.8
2208205;345;197;57.1
2209401;165;77;46.7
2210300;174;112;64.4
2202091;79;25;31.6
2202109;189;106;56.1
2202802;90;49;54.4
2209658;145;34;23.4
2204303;236;175;74.2
2204907;154;81;52.6
2205003;225;156;69.3
2211506;102;79;77.5
2205151;185;110;59.5
2205201;396;225;56.8
2206050;122;48;39.3
2202133;152;74;48.7
2205565;73;27;37
2205953;166;86;51.8
2201572;129;76;58.9
2207207;180;107;59.4
2204154;53;23;43.4
2211605;112;77;68.8
2207306;81;52;64.2
2207777;139;97;69.8
2201739;165;90;54.5
2200053;92;53;57.6
2207801;464;248;53.4
2208650;119;81;68.1
2209500;93;66;71
2203859;51;14;27.5
2202117;100;41;41
2202455;66;29;43.9
2210003;404;235;58.2
2207934;57;34;59.6
2208874;99;43;43.4
2207959;73;45;61.6
2205359;49;18;36.7
2202554;180;144;80
2210706;324;175;54
2203271;160;111;69.4
2210805;293;153;52.2
2201556;50;21;42
2210904;132;63;47.7
2300200;1053;555;52.7
2302057;237;45;19
2302305;510;252;49.4
2302602;1200;691;57.6
2303907;264;107;40.5
2304251;542;421;77.7
2304707;1022;553;54.1
2306553;722;343;47.5
2307254;352;241;68.5
2307809;518;189;36.5
2307908;269;86;32
2308906;383;255;66.6
2303402;304;166;54.6
2304236;478;320;66.9
2305001;870;346;39.8
2305308;554;255;46
2312304;975;418;42.9
2313401;1151;389;33.8
2313609;778;271;34.8
2314102;891;156;17.5
2304004;532;326;61.3
2304509;311;142;45.7
2308807;172;68;39.5
2313906;275;127;46.2
2300507;196;140;71.4
2308203;288;210;72.9
2303105;378;190;50.3
2304350;370;222;60
2304657;291;130;44.7
2304905;141;62;44
2306108;466;228;48.9
2308005;664;363;54.7
2308377;278;159;57.2
2309003;280;162;57.9
2309904;157;84;53.5
2312007;439;148;33.7
2312809;179;102;57
2312908;3070;960;31.3
2305803;938;354;37.7
2305902;632;378;59.8
2310951;155;50;32.3
2311009;299;204;68.2
2311702;375;144;38.4
2313955;477;170;35.6
2303659;196;89;45.4
2305209;293;68;23.2
2312205;674;268;39.8
2300754;896;696;77.7
2306405;2417;1359;56.2
2313500;842;519;61.6
2310209;477;148;31
2310258;427;90;21.1
2312403;1027;457;44.5
2306306;839;590;70.3
2313559;384;297;77.3
2313757;350;209;59.7
2313807;447;282;63.1
2300903;204;41;20.1
2304608;180;115;63.9
2310704;475;182;38.3
2312601;175;47;26.9
2313351;334;125;37.4
2302800;1040;569;54.7
2303006;337;216;64.1
2306603;436;342;78.4
2310407;208;90;43.3
2300150;268;247;92.2
2301208;518;351;67.8
2301406;291;217;74.6
2302107;637;397;62.3
2302909;322;216;67.1
2305100;140;111;79.3
2306504;285;208;73
2309102;172;72;41.9
2309805;236;165;69.9
2310100;189;108;57.1
2311603;511;261;51.1
2301950;331;113;34.1
2303956;391;318;81.3
2309458;431;265;61.5
2302206;675;307;45.5
2303501;1038;642;61.8
2310852;280;215;76.8
2301000;1000;541;54.1
2303709;4664;2142;45.9
2304285;1236;651;52.7
2304400;32353;9521;29.4
2306256;774;527;68.1
2304954;418;188;45
2307650;3103;1053;33.9
2307700;1475;757;51.3
2309706;873;563;64.5
2305233;978;396;40.5
2309607;925;416;45
2301257;319;223;69.9
2304103;1388;913;65.8
2305605;418;119;28.5
2305654;220;143;65
2308609;672;564;83.9
2309300;724;405;55.9
2309409;487;381;78.2
2311264;548;422;77
2313203;482;184;38.2
2301851;307;176;57.3
2302404;825;579;70.2
2303931;184;119;64.7
2305266;176;69;39.2
2307635;337;195;57.9
2311306;1189;558;46.9
2311405;1161;608;52.4
2300408;216;144;66.7
2301505;201;107;53.2
2303600;141;65;46.1
2310308;635;435;68.5
2311900;255;150;58.8
2313302;900;577;64.1
2300309;735;369;50.2
2304269;150;82;54.7
2308351;199;133;66.8
2308500;532;264;49.6
2310506;648;342;52.8
2310902;176;136;77.3
2312700;322;129;40.1
2313005;289;201;69.6
2301109;1008;456;45.2
2304459;208;161;77.4
2305357;227;147;64.8
2306207;135;63;46.7
2300705;288;198;68.8
2305332;191;119;62.3
2307007;490;153;31.2
2307601;861;237;27.5
2308708;771;273;35.4
2310001;136;95;69.9
2311504;299;138;46.2
2311801;1120;611;54.6
2312502;109;70;64.2
2313104;402;202;50.2
2306702;266;129;48.5
2306801;252;107;42.5
2306900;490;241;49.2
2304277;111;52;46.8
2306009;229;150;65.5
2310803;352;198;56.2
2311231;128;96;75
2303808;372;49;13.2
2305407;1020;549;53.8
2305506;1371;565;41.2
2309508;273;155;56.8
2311355;281;173;61.6
2300804;144;64;44.4
2303303;220;136;61.8
2307403;398;187;47
2313252;110;19;17.3
2314003;642;188;29.3
2301802;133;56;42.1
2305704;232;98;42.2
2307502;478;187;39.1
2313708;161;96;59.6
2301307;353;190;53.8
2301604;423;279;66
2302701;476;107;22.5
2311207;137;40;29.2
2311959;407;296;72.7
2300606;152;59;38.8
2303204;572;252;44.1
2304301;352;153;43.5
2304806;122;80;65.6
2301703;356;137;38.5
2302008;324;131;40.4
2308104;732;296;40.4
2301901;1028;322;31.3
2304202;2051;634;30.9
2307106;458;200;43.7
2307304;4377;1283;29.3
2308401;657;230;35
2309201;281;168;59.8
2311108;292;135;46.2
2312106;300;139;46.3
2300101;194;57;29.4
2302503;793;440;55.5
2307205;171;105;61.4
2308302;453;201;44.4
2310605;192;78;40.6
2401107;316;102;32.3
2401453;308;140;45.5
2411056;79;45;57
2404408;122;74;60.7
2408003;3521;766;21.8
2413359;193;33;17.1
2401008;472;86;18.2
2402303;306;199;65
2403707;99;54;54.5
2404309;170;63;37.1
2401305;143;83;58
2414456;62;25;40.3
2405207;75;42;56
2407609;54;35;64.8
2408706;76;22;28.9
2414605;153;55;35.9
2400208;624;77;12.3
2400703;218;133;61
2402501;145;66;45.5
2410256;92;51;55.4
2404705;239;70;29.3
2404853;98;41;41.8
2406106;257;74;28.8
2409902;167;80;47.9
2412807;90;23;25.6
2400406;39;7;17.9
2402907;61;24;39.3
2403202;121;48;39.7
2403301;85;70;82.4
2407252;55;7;12.7
2407005;136;37;27.2
2410801;57;32;56.1
2412500;262;39;14.9
2414753;69;6;8.7
2400505;159;86;54.1
2403905;39;21;53.8
2404903;87;33;37.9
2406007;61;11;18
2407302;108;30;27.8
2408607;54;21;38.9
2409407;486;95;19.5
2410009;49;20;40.8
2410207;126;38;30.2
2410504;67;27;40.3
2410702;59;32;54.2
2411007;65;9;13.8
2411908;58;35;60.3
2413607;98;22;22.4
2413805;31;9;29
2414100;150;79;52.7
2414902;31;17;54.8
2400604;76;26;34.2
2400901;95;26;27.4
2404002;88;66;75
2405900;48;33;68.8
2406908;65;38;58.5
2407401;129;40;31
2413557;88;47;53.4
2408409;65;46;70.8
2409308;149;76;51
2410603;66;29;43.9
2414506;185;78;42.2
2404101;59;18;30.5
2404507;222;26;11.7
2407203;434;149;34.3
2411601;73;52;71.2
2401859;81;32;39.5
2400307;145;36;24.8
2400802;147;67;45.6
2403756;43;23;53.5
2401909;56;31;55.4
2405504;47;19;40.4
2406700;144;50;34.7
2409605;35;15;42.9
2409704;127;40;31.5
2402709;123;56;45.5
2414159;122;44;36.1
2403806;117;16;13.7
2406502;202;77;38.1
2411403;169;63;37.3
2401651;47;4;8.5
2413003;73;33;45.2
2402006;1048;356;34
2404804;31;6;19.4
2405603;171;65;38
2411809;63;40;63.5
2412104;76;29;38.2
2413409;104;33;31.7
2414308;31;24;77.4
2400109;98;30;30.6
2402402;100;10;10
2403004;78;14;17.9
2403103;699;225;32.2
2403400;71;17;23.9
2405702;127;11;8.7
2408508;45;8;17.8
2408904;366;80;21.9
2411429;35;13;37.1
2412401;62;28;45.2
2401602;68;24;35.3
2409332;77;30;39
2405108;100;28;28
2405801;571;163;28.5
2408805;106;33;31.1
2410108;143;54;37.8
2401503;56;36;64.3
2402105;155;70;45.2
2402808;62;19;30.6
2405009;121;44;36.4
2405405;80;23;28.8
2406403;53;6;11.3
2406809;94;52;55.3
2407906;53;17;32.1
2411106;48;12;25
2411205;562;156;27.8
2411700;45;7;15.6
2412302;156;66;42.3
2412906;149;71;47.7
2413300;71;32;45.1
2413706;67;36;53.7
2414001;168;63;37.5
2401701;139;64;46
2401800;152;32;21.1
2404606;181;82;45.3
2405306;114;21;18.4
2406205;87;45;51.7
2406304;155;102;65.8
2406601;176;41;23.3
2407807;278;38;13.7
2408300;504;107;21.2
2409100;228;120;52.6
2409209;52;13;25
2410306;145;58;40
2410900;102;47;46.1
2411502;276;72;26.1
2412609;282;66;23.4
2412708;107;38;35.5
2413102;76;19;25
2413508;85;27;31.8
2414704;88;26;29.5
2406155;79;39;49.4
2414803;162;58;35.8
2407500;143;7;4.9
2408953;170;98;57.6
2409506;66;38;57.6
2410405;136;88;64.7
2413904;128;58;45.3
2414407;406;127;31.3
2412559;183;106;57.9
2402600;1140;271;23.8
2407104;1056;293;27.7
2408201;429;163;38
2412005;1394;173;12.4
2412203;612;264;43.1
2403251;2962;247;8.3
2403608;819;370;45.2
2408102;10320;2097;20.3
2401206;158;56;35.4
2401404;122;75;61.5
2402204;509;143;28.1
2403509;130;81;62.3
2404200;554;184;33.2
2407708;146;31;21.2
2409803;217;22;10.1
2413201;65;17;26.2
2414209;204;82;40.2
2415008;51;26;51
2501005;293;71;24.2
2502003;111;75;67.6
2502300;81;31;38.3
2514651;39;10;25.6
2502805;249;131;52.6
2502904;99;28;28.3
2504306;432;65;15
2507408;133;82;61.7
2509370;57;26;45.6
2508109;82;34;41.5
2512804;122;36;29.5
2513901;613;350;57.1
2500700;412;288;69.9
2512077;127;62;48.8
2502201;66;39;59.1
2502409;149;51;34.2
2503308;130;35;26.9
2503704;1016;281;27.7
2504108;59;38;64.4
2509602;88;44;50
2513307;106;31;29.2
2514503;262;39;14.9
2516805;238;166;69.7
2502052;120;35;29.2
2516904;296;164;55.4
2512036;123;57;46.3
2513653;88;23;26.1
2504504;89;36;40.4
2505501;59;11;18.6
2508406;51;14;27.5
2508802;73;24;32.9
2510006;69;28;40.6
2510907;188;133;70.7
2512101;555;170;30.6
2503753;63;16;25.4
2513927;62;36;58.1
2513968;49;32;65.3
2513208;76;19;25
2514206;87;18;20.7
2516201;1033;400;38.7
2517209;79;32;40.5
2513984;65;26;40
2500775;130;35;26.9
2509156;144;74;51.4
2503407;51;29;56.9
2508703;49;21;42.9
2510709;48;23;47.9
2501153;38;10;26.3
2510808;1736;650;37.4
2512606;35;13;37.1
2513802;64;11;17.2
2514404;60;17;28.3
2514602;45;22;48.9
2500205;84;47;56
2502607;75;21;28
2504207;68;37;54.4
2504801;209;63;30.1
2505907;75;27;36
2510204;112;55;49.1
2510402;96;33;34.4
2511301;226;15;6.6
2513604;111;48;43.2
2502102;81;19;23.5
2504405;315;65;20.6
2513356;52;16;30.8
2505303;45;17;37.8
2505600;100;39;39
2506608;94;54;57.4
2507002;374;96;25.7
2511004;86;29;33.7
2513505;90;29;32.2
2514305;87;23;26.4
2515708;41;12;29.3
2500106;135;64;47.4
2505402;125;85;68
2503555;141;54;38.3
2506707;146;67;45.9
2508000;104;40;38.5
2509008;133;46;34.6
2512309;274;107;39.1
2514552;42;16;38.1
2516607;204;100;49
2516706;219;114;52.1
2509396;81;45;55.6
2507804;114;19;16.7
2513000;62;22;35.5
2513406;232;98;42.2
2514701;70;41;58.6
2514909;107;29;27.1
2517100;43;11;25.6
2505006;107;42;39.3
2506202;34;13;38.2
2507705;247;88;35.6
2516755;67;20;29.9
2501351;81;41;50.6
2510303;60;31;51.7
2511103;123;66;53.7
2511400;313;57;18.2
2501534;71;29;40.8
2515401;196;106;54.1
2503902;100;36;36
2504702;91;38;41.8
2508505;128;34;26.6
2509701;608;233;38.3
2510600;47;24;51.1
2512200;73;34;46.6
2514107;74;14;18.9
2514800;57;32;56.1
2510659;40;17;42.5
2515203;57;22;38.6
2517407;48;29;60.4
2515500;214;56;26.2
2504850;35;24;68.6
2516300;239;41;17.2
2500734;43;14;32.6
2516508;277;186;67.1
2501708;141;68;48.2
2502508;264;75;28.4
2500536;99;62;62.6
2512788;51;25;49
2501575;132;39;29.5
2504355;105;31;29.5
2503100;102;72;70.6
2513943;48;22;45.8
2506509;57;25;43.9
2513851;45;22;48.9
2514008;105;70;66.7
2504074;92;40;43.5
2500908;222;117;52.7
2501609;190;74;38.9
2505352;96;31;32.3
2505105;332;148;44.6
2516151;62;35;56.5
2510105;122;55;45.1
2510501;68;36;52.9
2512002;299;162;54.2
2500577;45;17;37.8
2512705;286;110;38.5
2516102;203;93;45.8
2512747;59;22;37.3
2503506;207;58;28
2505709;131;23;17.6
2516003;380;48;12.6
2504157;93;17;18.3
2516409;148;58;39.2
2501203;142;55;38.7
2506004;529;227;42.9
2509503;93;52;55.9
2515104;148;76;51.4
2500304;352;113;32.1
2500403;357;187;52.4
2509339;110;61;55.5
2501104;447;180;40.3
2501500;449;156;34.7
2502706;94;31;33
2511608;122;55;45.1
2515906;74;40;54.1
2500502;225;129;57.3
2500809;286;50;17.5
2501906;256;32;12.5
2503605;123;39;31.7
2508554;75;37;49.3
2505204;105;24;22.9
2505808;82;28;34.1
2515930;106;45;42.5
2506301;1010;271;26.8
2508208;155;32;20.6
2509800;180;153;85
2511707;78;25;32.1
2511806;143;52;36.4
2515609;73;38;52.1
2504009;6293;1853;29.4
2502151;96;46;47.9
2506103;211;56;26.5
2508307;382;153;40.1
2509206;208;48;23.1
2512408;258;148;57.4
2512507;687;346;50.4
2515807;143;73;51
2503803;131;44;33.6
2506400;282;110;39
2506806;318;175;55
2512754;123;96;78
2506905;450;145;32.2
2507200;157;89;56.7
2507606;148;57;38.5
2509404;192;114;59.4
2513109;227;113;49.8
2501302;338;127;37.6
2506251;144;54;37.5
2509909;216;149;69
2517001;199;132;66.3
2513158;99;38;38.4
2501401;246;218;88.6
2507101;352;126;35.8
2507309;247;82;33.2
2512721;79;32;40.5
2508901;668;122;18.3
2505279;94;31;33
2504033;122;23;18.9
2505238;120;83;69.2
2509305;164;81;49.4
2512903;378;190;50.3
2509057;267;195;73
2504900;293;186;63.5
2507903;180;45;25
2509107;373;182;48.8
2511509;213;85;39.9
2514453;137;89;65
2515005;128;77;60.2
2515302;653;252;38.6
2512762;86;40;46.5
2515971;153;63;41.2
2501807;1243;532;42.8
2503209;818;65;7.9
2504603;545;100;18.3
2507507;9936;3436;34.6
2508604;257;99;38.5
2513703;1709;425;24.9
2500601;447;227;50.8
2503001;299;129;43.1
2511202;393;281;71.5
2511905;259;130;50.2
2601102;1013;389;38.4
2602001;438;161;36.8
2605301;432;138;31.9
2606309;107;31;29
2607307;437;263;60.2
2609907;757;268;35.4
2612554;145;83;57.2
2612455;236;143;60.6
2614303;149;71;47.7
2615607;400;239;59.8
2604304;168;78;46.4
2609303;172;91;52.9
2603926;481;455;94.6
2610400;220;61;27.7
2612208;849;248;29.2
2613503;397;170;42.8
2614006;224;105;46.9
2616100;112;44;39.3
2600104;470;207;44
2602506;87;49;56.3
2603405;72;31;43.1
2603900;291;130;44.7
2605608;226;118;52.2
2606903;146;100;68.5
2607109;67;48;71.6
2607703;157;34;21.7
2611533;136;52;38.2
2612471;156;78;50
2615706;212;80;37.7
2612802;147;71;48.3
2613602;409;198;48.4
2613909;1127;465;41.3
2614402;97;73;75.3
2614600;338;148;43.8
2615904;119;70;58.8
2601201;937;318;33.9
2601805;163;81;49.7
2605103;716;501;70
2606606;343;177;51.6
2607000;367;258;70.3
2609154;258;129;50
2614105;388;93;24
2600203;223;90;40.4
2603009;600;436;72.7
2605152;187;64;34.2
2609808;248;152;61.3
2611101;5131;2385;46.5
2612604;683;352;51.5
2608750;353;252;71.4
2615201;112;34;30.4
2601607;268;89;33.2
2605707;699;316;45.2
2607406;171;121;70.8
2611002;542;315;58.1
2608057;352;212;60.2
2614808;482;375;77.8
2600500;479;245;51.1
2602803;609;372;61.1
2607505;354;135;38.1
2610806;256;103;40.2
2615805;237;94;39.7
2616001;235;75;31.9
2600609;158;115;72.8
2601706;1099;409;37.2
2601904;667;223;33.4
2602605;521;15;2.9
2603108;218;61;28
2603801;221;184;83.3
2604106;4216;1230;29.2
2606408;870;272;31.3
2608008;226;115;50.9
2610905;1027;460;44.8
2611200;139;57;41
2611705;341;150;44
2612406;278;91;32.7
2613008;550;320;58.2
2613107;488;238;48.8
2614709;173;64;37
2605806;180;76;42.2
2612505;1297;414;31.9
2612703;151;22;14.6
2614501;772;101;13.1
2604155;198;97;49
2615003;302;75;24.8
2615409;453;98;21.6
2616183;124;73;58.9
2616209;243;100;41.2
2602209;405;246;60.7
2604908;219;121;55.3
2610509;330;174;52.7
2605400;237;85;35.9
2608107;415;235;56.6
2608909;817;263;32.2
2609105;163;67;41.1
2609709;354;43;12.1
2612109;78;48;61.5
2613800;223;106;47.5
2601003;118;85;72
2602100;526;156;29.7
2602407;125;53;42.4
2603207;352;245;69.6
2603306;132;87;65.9
2603702;308;197;64
2604700;193;102;52.8
2606002;1812;338;18.7
2606507;238;136;57.1
2608255;186;129;69.4
2608305;239;143;59.8
2608404;191;98;51.3
2608602;150;71;47.3
2608800;672;323;48.1
2610103;95;47;49.5
2610301;172;68;39.5
2612307;207;125;60.4
2613206;244;146;59.8
2615102;82;67;81.7
2600302;317;131;41.3
2600807;270;135;50
2601300;94;37;39.4
2602308;481;196;40.7
2603504;227;36;15.9
2605004;323;131;40.6
2606705;93;32;34.4
2608701;177;70;39.5
2610202;354;222;62.7
2612000;135;38;28.1
2613305;193;64;33.2
2600708;604;358;59.3
2602704;159;86;54.1
2603603;94;41;43.6
2604007;1145;288;25.2
2604601;254;96;37.8
2605509;114;21;18.4
2606200;1217;317;26
2607653;332;152;45.8
2607802;184;84;45.7
2608453;210;130;61.9
2608503;275;76;27.6
2609006;341;134;39.3
2609501;375;122;32.5
2610608;821;445;54.2
2615300;640;186;29.1
2615508;163;99;60.7
2616308;329;184;55.9
2604403;179;117;65.4
2604502;315;93;29.5
2606101;351;200;57
2611309;292;51;17.5
2616407;1723;357;20.7
2600401;347;207;59.7
2616506;207;141;68.1
2600906;250;130;52
2601409;554;234;42.2
2601508;164;115;70.1
2604205;430;174;40.5
2604809;146;56;38.4
2605202;739;241;32.6
2605905;283;157;55.5
2608206;169;64;37.9
2609204;144;121;84
2607950;140;63;45
2610004;754;382;50.7
2611408;159;81;50.9
2611507;209;78;37.3
2611804;473;171;36.2
2614857;309;142;46
2611903;305;188;61.6
2612901;149;81;54.4
2613404;284;109;38.4
2614204;446;253;56.7
2606804;1195;536;44.9
2601052;247;142;57.5
2607604;226;53;23.5
2607752;273;123;45.1
2600054;946;48;5.1
2603454;1600;330;20.6
2611606;16788;1759;10.5
2607901;6403;804;12.6
2609402;539;228;42.3
2609600;3819;733;19.2
2610707;2964;372;12.6
2613701;1374;584;42.5
2602902;2462;673;27.3
2607208;1412;535;37.9
2605459;27;5;18.5
2700102;291;124;42.6
2701605;427;385;90.2
2703304;339;235;69.3
2705002;337;212;62.9
2706422;181;63;34.8
2702405;774;181;23.4
2705804;131;64;48.9
2707107;450;192;42.7
2701803;139;88;63.3
2702504;243;212;87.2
2704609;186;118;63.4
2706109;216;116;53.7
2706208;82;59;72
2706406;369;270;73.2
2707206;210;46;21.9
2708006;765;425;55.6
2708402;528;282;53.4
2708956;231;145;62.8
2700706;329;206;62.6
2700904;132;77;58.3
2703403;131;109;83.2
2703700;102;82;80.4
2704401;420;333;79.3
2705408;175;134;76.6
2705705;303;35;11.6
2706000;187;97;51.9
2700805;98;52;53.1
2701209;204;131;64.2
2702553;263;181;68.8
2703106;353;174;49.3
2704807;201;110;54.7
2704906;55;30;54.5
2705309;97;59;60.8
2706307;1213;442;36.4
2706604;101;86;85.1
2707602;168;90;53.6
2709004;106;68;64.2
2700300;3105;1296;41.7
2701506;222;123;55.4
2702009;162;141;87
2702355;489;365;74.6
2702603;349;215;61.6
2702900;998;784;78.6
2704104;371;280;75.5
2704203;645;427;66.2
2708808;495;366;73.9
2709103;387;277;71.6
2705903;138;95;68.8
2708204;115;51;44.3
2709202;519;317;61.1
2701902;95;65;68.4
2703007;202;81;40.1
2707008;46;30;65.2
2708105;207;115;55.6
2708303;287;242;84.3
2709301;839;521;62.1
2709400;367;200;54.5
2700409;553;279;50.5
2701100;185;146;78.9
2701308;200;134;67
2701704;264;159;60.2
2702108;248;116;46.8
2702801;119;78;65.5
2703502;112;86;76.8
2703809;315;165;52.4
2701357;110;59;53.6
2703908;99;83;83.8
2705101;342;262;76.6
2705200;226;139;61.5
2705507;446;284;63.7
2705606;250;195;78
2707305;405;289;71.4
2708501;362;213;58.8
2706505;235;167;71.1
2700508;212;119;56.1
2703601;160;127;79.4
2704500;452;240;53.1
2707404;155;97;62.6
2708709;172;80;46.5
2700607;146;71;48.6
2702207;82;58;70.7
2704302;10603;2373;22.4
2704708;669;435;65
2707701;1328;425;32
2706448;159;112;70.4
2706901;666;416;62.5
2707909;122;92;75.4
2708907;314;177;56.4
2700201;261;148;56.7
2701001;409;254;62.1
2701407;712;558;78.4
2702306;846;526;62.2
2706703;1093;593;54.3
2703759;158;110;69.6
2704005;364;223;61.3
2707800;97;34;35.1
2708600;743;320;43.1
2709152;782;441;56.4
2702702;84;47;56
2703205;342;187;54.7
2706802;238;133;55.9
2707503;286;100;35
2801207;550;241;43.8
2802205;70;36;51.4
2802403;208;118;56.7
2802601;93;19;20.4
2803104;104;38;36.5
2804201;190;68;35.8
2804508;576;158;27.4
2805406;437;208;47.6
2805604;493;299;60.6
2801405;328;44;13.4
2802304;181;48;26.5
2804458;106;41;38.7
2805000;49;21;42.9
2805208;94;37;39.4
2806008;264;92;34.8
2800209;406;180;44.3
2801900;47;20;42.6
2803807;92;47;51.1
2804300;158;54;34.2
2804607;365;150;41.1
2807006;48;14;29.2
2800506;264;108;40.9
2801009;249;83;33.3
2802908;1286;361;28.1
2803708;93;36;38.7
2803906;203;89;43.8
2804102;219;115;52.5
2806800;117;19;16.2
2805505;292;86;29.5
2807105;698;324;46.4
2807402;678;102;15
2803500;1480;431;29.1
2805802;291;87;29.9
2800100;47;35;74.5
2800704;204;180;88.2
2801108;81;42;51.9
2801603;93;46;49.5
2802700;154;113;73.4
2804409;367;158;43.1
2804706;135;37;27.4
2805703;385;78;20.3
2806404;118;48;40.7
2807303;55;32;58.2
2801306;485;206;42.5
2802007;79;28;35.4
2806503;90;36;40
2807204;108;59;54.6
2803302;287;135;47
2803401;249;121;48.6
2804904;217;149;68.7
2805307;165;65;39.4
2806909;49;12;24.5
2801504;257;82;31.9
2802502;43;26;60.5
2803609;474;69;14.6
2804003;220;101;45.9
2805901;130;56;43.1
2806107;150;69;46
2806602;174;73;42
2800308;7878;1792;22.7
2800605;483;114;23.6
2804805;2225;943;42.4
2806701;1042;332;31.9
2800407;187;104;55.6
2800670;406;177;43.6
2801702;300;114;38
2803005;629;319;50.7
2805109;149;73;49
2806206;344;97;28.2
2807501;186;86;46.2
2807600;465;212;45.6
2802106;916;174;19
2802809;366;167;45.6
2803203;451;195;43.2
2806305;264;137;51.9
2902500;189;51;27
2903201;2123;747;35.2
2919553;1340;561;41.9
2907400;52;9;17.3
2911105;444;29;6.5
2926202;341;47;13.8
2928901;383;173;45.2
2901403;176;17;9.7
2904407;168;17;10.1
2909406;196;83;42.3
2909703;160;14;8.8
2920452;190;9;4.7
2928406;447;91;20.4
2930907;380;52;13.7
2933455;180;81;45
2906105;207;0;0
2908101;358;85;23.7
2909109;188;4;2.1
2909307;475;157;33.1
2917359;170;73;42.9
2928109;543;120;22.1
2928208;333;78;23.4
2929057;321;144;44.9
2930303;268;16;6
2905909;483;161;33.3
2907202;869;221;25.4
2909901;551;259;47
2900207;321;153;47.7
2918407;3091;1121;36.3
2930774;335;158;47.2
2924405;516;143;27.7
2926004;609;234;38.4
2930204;536;114;21.3
2907707;244;120;49.2
2911402;208;90;43.3
2919900;218;137;62.8
2924009;1389;497;35.8
2927101;172;104;60.5
2902708;748;121;16.2
2904753;345;142;41.2
2913200;424;51;12
2915353;271;175;64.6
2921609;122;53;43.4
2922250;208;67;32.2
2933604;913;309;33.8
2903904;1035;295;28.5
2907103;404;51;12.6
2910776;125;29;23.2
2923704;575;181;31.5
2930154;659;290;44
2930758;346;181;52.3
2901353;307;154;50.2
2901809;234;100;42.7
2906006;933;21;2.3
2932457;220;66;30
2910859;348;153;44
2917003;577;130;22.5
2917706;498;133;26.7
2924603;479;326;68.1
2930105;1282;309;24.1
2901155;179;39;21.8
2903003;244;124;50.8
2903235;218;74;33.9
2905305;257;65;25.3
2906204;420;170;40.5
2907608;272;40;14.7
2911303;179;75;41.9
2912400;225;93;41.3
2913101;262;87;33.2
2914406;293;100;34.1
2914604;1112;311;28
2918357;392;155;39.5
2918506;230;100;43.5
2919157;467;256;54.8
2922052;212;79;37.3
2925600;232;144;62.1
2929255;273;123;45.1
2930808;210;107;51
2932408;193;81;42
2905107;216;79;36.6
2905503;307;191;62.2
2906873;530;192;36.2
2917508;1269;171;13.5
2921203;326;32;9.8
2921401;353;103;29.2
2921708;502;154;30.7
2923357;273;111;40.7
2924801;232;57;24.6
2925253;692;475;68.6
2925931;327;260;79.5
2929370;173;14;8.1
2929800;188;73;38.8
2930600;142;8;5.6
2933109;125;5;4
2933158;176;72;40.9
2902609;215;30;14
2903805;288;66;22.9
2911907;405;171;42.2
2912608;63;43;68.3
2914703;1073;563;52.5
2919009;56;17;30.4
2919603;168;58;34.5
2920106;243;58;23.9
2922102;291;128;44
2927200;502;242;48.2
2931301;223;86;38.6
2933059;246;78;31.7
2900405;201;13;6.5
2901502;303;233;76.9
2901700;159;59;37.1
2908200;273;142;52
2908507;465;101;21.7
2908903;358;135;37.7
2910305;189;98;51.9
2910800;6362;53;0.8
2913804;296;123;41.6
2914000;834;189;22.7
2914505;574;248;43.2
2916856;278;171;61.5
2923308;121;20;16.5
2924108;99;33;33.3
2924652;140;33;23.6
2925956;298;57;19.1
2927507;392;167;42.6
2928307;149;44;29.5
2928505;154;65;42.2
2928802;671;220;32.8
2929305;437;66;15.1
2930402;274;120;43.8
2931103;112;65;58
2931400;103;49;47.6
2909208;519;296;57
2918100;513;123;24
2924207;255;82;32.2
2927606;212;67;31.6
2930766;221;62;28.1
2906808;960;598;62.3
2906824;299;108;36.1
2910701;866;373;43.1
2921500;1044;464;44.4
2922656;280;200;71.4
2925808;387;165;42.6
2925907;436;202;46.3
2931905;866;233;26.9
2932002;529;242;45.7
2900355;219;105;47.9
2901601;240;101;42.1
2902658;320;106;33.1
2907806;516;224;43.4
2907905;492;241;49
2910750;456;283;62.1
2911857;233;61;26.2
2916500;516;229;44.4
2922904;401;110;27.4
2923050;236;68;28.8
2923100;366;111;30.3
2913705;686;131;19.1
2923803;425;49;11.5
2926509;266;63;23.7
2926608;1125;534;47.5
2902104;919;368;40
2903607;292;126;43.2
2906402;118;13;11
2906857;165;44;26.7
2908408;1035;235;22.7
2911253;110;30;27.3
2913309;121;24;19.8
2919108;130;54;41.5
2922730;138;33;23.9
2924058;313;15;4.8
2926103;256;92;35.9
2926301;459;105;22.9
2928000;570;260;45.6
2928950;163;76;46.6
2930501;1491;437;29.3
2903276;326;158;48.5
2931509;334;75;22.5
2933000;491;202;41.1
2900306;243;59;24.3
2900702;1729;285;16.5
2901908;303;0;0
2902054;263;196;74.5
2902203;246;170;69.1
2909604;288;66;22.9
2927002;643;225;35
2929701;358;106;29.6
2907004;181;78;43.1
2908606;356;55;15.4
2910503;624;106;17
2910602;479;72;15
2917904;195;78;40
2901106;295;82;27.8
2907509;704;193;27.4
2915908;113;64;56.6
2921005;841;177;21
2925204;559;294;52.6
2929503;593;236;39.8
2931707;182;97;53.3
2902302;134;28;20.9
2904852;308;81;26.3
2904902;411;113;27.5
2907301;503;193;38.4
2908309;253;83;32.8
2909802;879;103;11.7
2910206;80;62;77.5
2911600;413;129;31.2
2917805;310;120;38.7
2920601;522;174;33.3
2922201;97;21;21.6
2922300;390;108;27.7
2922508;384;82;21.4
2927309;257;55;21.4
2928604;837;281;33.6
2928703;1415;401;28.3
2929008;187;50;26.7
2929107;420;173;41.2
2929602;442;162;36.7
2929750;195;113;57.9
2933174;137;6;4.4
2905701;3366;290;8.6
2906501;889;14;1.6
2910057;1014;264;26
2916104;367;216;58.9
2919207;2613;669;25.6
2919926;245;80;32.7
2927408;25006;3324;13.3
2929206;444;51;11.5
2930709;1303;292;22.4
2933208;523;282;53.9
2904100;343;74;21.6
2904209;216;136;63
2904506;168;82;48.8
2907558;209;161;77
2912509;268;129;48.1
2913002;181;70;38.7
2914109;173;84;48.6
2919801;651;89;13.7
2923035;227;134;59
2923209;289;95;32.9
2931053;280;101;36.1
2900108;109;37;33.9
2901304;189;36;19
2902807;341;110;32.3
2904001;169;71;42
2921906;174;40;23
2904050;288;159;55.2
2908804;61;0;0
2912202;345;156;45.2
2915007;215;107;49.8
2918605;116;25;21.6
2919306;174;59;33.9
2922854;122;19;15.6
2923506;165;38;23
2924306;327;161;49.2
2926707;166;73;44
2929909;667;259;38.8
2932804;244;15;6.1
2933406;134;29;21.6
2900603;88;24;27.3
2901007;526;114;21.7
2901957;125;30;24
2904308;206;64;31.1
2909505;100;22;22
2914208;93;29;31.2
2914307;155;40;25.8
2915106;215;100;46.5
2916708;112;64;57.1
2916906;184;57;31
2917607;646;260;40.2
2918001;1858;564;30.4
2918209;280;159;56.8
2918308;355;258;72.7
2918704;93;75;80.6
2918803;241;118;49
2919058;167;0;0
2920502;357;179;50.1
2920809;180;110;61.1
2921302;136;5;3.7
2922409;227;41;18.1
2922805;165;99;60
2924900;153;109;71.2
2927903;285;120;42.1
2929404;170;44;25.9
2932101;293;132;45.1
2900504;217;79;36.4
2910107;187;40;21.4
2919504;662;217;32.8
2923605;380;170;44.7
2926905;259;128;49.4
2905008;369;117;31.7
2905206;752;214;28.5
2906600;160;37;23.1
2911709;1087;144;13.2
2912004;164;74;45.1
2913408;262;75;28.6
2917334;169;76;45
2917409;304;176;57.9
2918753;238;65;27.3
2919405;331;221;66.8
2920205;271;157;57.9
2921054;233;121;51.9
2921807;205;111;54.1
2923407;240;86;35.8
2924504;325;182;56
2926400;495;181;36.6
2930006;145;49;33.8
2932606;277;137;49.5
2902005;431;246;57.1
2904605;920;26;2.8
2906899;162;117;72.2
2908705;216;53;24.5
2909000;156;51;32.7
2911659;110;47;42.7
2917201;250;5;2
2919959;140;67;47.9
2920304;232;106;45.7
2924702;162;58;35.8
2925709;180;121;67.2
2926806;251;93;37.1
2931004;377;116;30.8
2931806;233;90;38.6
2901205;232;56;24.1
2905156;189;127;67.2
2902906;474;255;53.8
2903508;357;216;60.5
2903706;211;53;25.1
2921450;93;30;32.3
2903953;141;8;5.7
2904803;94;25;26.6
2922706;195;85;43.6
2906709;404;143;35.4
2910008;230;122;53
2912301;255;42;16.5
2913507;369;82;22.2
2920403;178;100;56.2
2916203;144;26;18.1
2925006;322;55;17.1
2925105;529;118;22.3
2933307;3678;777;21.1
2910404;297;110;37
2926657;201;65;32.3
2915809;249;49;19.7
2916401;879;291;33.1
2916807;226;42;18.6
2917102;300;77;25.7
2919702;245;28;11.4
2920007;154;38;24.7
2925402;153;74;48.4
2905404;348;151;43.4
2905800;431;131;30.4
2913457;184;88;47.8
2917300;321;93;29
2920700;340;122;35.9
2922607;174;80;46
2924678;167;60;35.9
2925758;387;24;6.2
2931202;268;144;53.7
2932903;1206;346;28.7
2900900;107;56;52.3
2902252;158;55;34.8
2902401;216;142;65.7
2903102;88;28;31.8
2903300;108;2;1.9
2903409;307;78;25.4
2904704;218;22;10.1
2905602;322;51;15.8
2906303;521;267;51.2
2908002;317;76;24
2910909;77;9;11.7
2911006;115;53;46.1
2911204;620;257;41.5
2911501;101;33;32.7
2912103;286;65;22.7
2912707;258;52;20.2
2912905;239;53;22.2
2913606;2067;624;30.2
2913903;518;150;29
2914802;2192;218;9.9
2914901;377;42;11.1
2915205;178;96;53.9
2915403;121;63;52.1
2915502;251;43;17.1
2915700;152;24;15.8
2916302;183;10;5.5
2916609;225;80;35.6
2918555;131;74;56.5
2920908;210;73;34.8
2922755;125;49;39.2
2923902;181;26;14.4
2927804;84;40;47.6
2928059;161;76;47.2
2929354;92;39;42.4
2931608;183;8;4.4
2932200;295;167;56.6
2932309;237;42;17.7
2932507;289;129;44.6
2932705;383;145;37.9
2933505;300;53;17.7
2900801;330;167;50.6
2906907;315;62;19.7
2910727;1476;260;17.6
2911808;317;28;8.8
2912806;117;50;42.7
2914653;389;139;35.7
2915304;96;8;8.3
2915601;933;574;61.5
2916005;276;72;26.1
2918456;177;94;53.1
2918902;63;31;49.2
2921104;332;30;9
2922003;675;151;22.4
2923001;655;235;35.9
2925303;2443;1028;42.1
2925501;565;308;54.5
2927705;426;269;63.1
2931350;1832;230;12.6
2933257;125;48;38.4
3106200;32541;4678;14.4
3145901;689;210;30.5
3106705;6602;718;10.9
3154606;4291;1244;29
3156700;1466;398;27.1
3160702;766;356;46.5
3147907;1703;601;35.3
3151800;2552;340;13.3
3152501;2515;705;28
3118601;7784;1989;25.6
3105400;469;211;45
3129806;2201;838;38.1
3108107;80;34;42.5
3109006;564;267;47.3
3110004;543;165;30.4
3120607;62;20;32.3
3124104;1036;630;60.8
3170206;10287;2037;19.8
3140159;187;90;48.1
3165537;544;268;49.3
3130101;776;299;38.5
3162922;597;285;47.7
3134608;225;98;43.6
3136603;80;54;67.5
3137601;998;261;26.2
3117876;117;67;57.3
3144805;1915;316;16.5
3149309;946;442;46.7
3150406;45;22;48.9
3153905;225;166;73.8
3148103;1587;446;28.1
3154804;146;40;27.4
3155306;64;25;39.1
3157203;474;178;37.6
3115359;92;51;55.4
3157807;2720;1051;38.6
3114105;171;64;37.4
3159001;86;66;76.7
3168309;63;26;41.3
3171204;1701;1100;64.7
3162955;342;177;51.8
3169307;1073;303;28.2
3148004;2284;972;42.6
3151503;501;231;46.1
3152105;946;271;28.6
3118304;2262;864;38.2
3105608;1857;646;34.8
3102100;137;63;46
3102803;142;30;21.1
3102902;130;78;60
3103306;34;10;29.4
3131901;975;219;22.5
3105905;305;110;36.1
3106804;49;29;59.2
3112208;44;15;34.1
3113107;45;16;35.6
3113206;372;139;37.4
3116308;62;20;32.3
3121506;48;9;18.8
3129400;67;40;59.7
3139102;75;30;40
3141603;112;36;32.1
3141900;44;12;27.3
3145703;36;31;86.1
3146602;31;24;77.4
3150307;54;19;35.2
3101631;110;45;40.9
3154408;71;23;32.4
3157302;84;58;69
3158706;42;27;64.3
3159407;51;35;68.6
3165305;85;22;25.9
3166204;105;52;49.5
3102209;79;41;51.9
3118403;319;180;56.4
3107802;161;99;61.5
3113404;1238;658;53.2
3150158;99;48;48.5
3123858;77;41;53.2
3130556;100;63;63
3131158;234;158;67.5
3157252;103;48;46.6
3159357;88;36;40.9
3170057;165;110;66.7
3170578;50;19;38
3120003;39;10;25.6
3122504;59;24;40.7
3170107;5614;1535;27.3
3129301;117;49;41.9
3109253;58;45;77.6
3130903;377;234;62.1
3160959;98;31;31.6
3164472;112;62;55.4
3131208;235;131;55.7
3168051;70;56;80
3151909;115;81;70.4
3162609;89;26;29.2
3168408;220;122;55.5
3102407;120;88;73.3
3136520;60;30;50
3106507;188;128;68.1
3112307;654;305;46.6
3102852;101;48;47.5
3113503;113;50;44.2
3116100;197;119;60.4
3117504;386;174;45.1
3118106;48;22;45.8
3120102;71;43;60.6
3121001;88;55;62.5
3121605;803;354;44.1
3111101;295;82;27.8
3125408;74;42;56.8
3125507;54;24;44.4
3126505;125;88;70.4
3135456;98;56;57.1
3127602;161;66;41
3132503;574;325;56.6
3104452;79;51;64.6
3141801;454;244;53.7
3138351;106;72;67.9
3142502;52;26;50
3153202;65;30;46.2
3153301;57;38;66.7
3156007;188;120;63.8
3160207;51;23;45.1
3160603;51;18;35.3
3165909;48;13;27.1
3166501;66;29;43.9
3167103;376;154;41
3169703;347;197;56.8
3171071;92;42;45.7
3135100;1133;562;49.6
3168606;2205;1165;52.8
3104205;619;152;24.6
3152204;583;259;44.4
3143302;5959;2472;41.5
3105103;421;114;27.1
3126000;173;60;34.7
3100203;226;36;15.9
3103900;103;35;34
3107000;32;16;50
3107406;823;377;45.8
3114006;128;52;40.6
3114204;338;194;57.4
3114501;283;88;31.1
3115607;27;14;51.9
3116605;393;199;50.6
3119104;377;206;54.6
3117603;92;53;57.6
3119807;33;12;36.4
3122306;3375;1679;49.7
3123205;134;33;24.6
3124708;34;11;32.4
3130200;113;38;33.6
3130309;83;25;30.1
3132206;162;73;45.1
3133709;247;162;65.6
3133808;1244;483;38.8
3135308;93;46;49.5
3137205;619;227;36.7
3138302;53;36;67.9
3138807;258;61;23.6
3139706;107;55;51.4
3140506;211;107;50.7
3140704;523;215;41.1
3136652;519;186;35.8
3141306;63;19;30.2
3142403;84;23;27.4
3143500;141;87;61.7
3145208;1635;433;26.5
3145802;59;43;72.9
3146404;42;19;45.2
3146503;93;37;39.8
3146909;206;51;24.8
3147105;1558;482;30.9
3139409;1218;477;39.2
3108008;214;81;37.9
3147709;92;28;30.4
3148905;64;20;31.2
3149606;60;28;46.7
3149705;148;38;25.7
3150604;88;31;35.2
3151404;442;162;36.7
3115300;942;284;30.1
3153707;44;35;79.5
3160405;354;129;36.4
3161809;158;118;74.7
3163102;71;23;32.4
3164605;166;37;22.3
3168200;38;31;81.6
3169901;1335;485;36.3
3162807;301;132;43.9
3100500;146;85;58.2
3144359;90;27;30
3149952;128;97;75.8
3100609;195;113;57.9
3101102;428;217;50.7
3101805;96;39;40.6
3113800;144;134;93.1
3115706;89;77;86.5
3116803;111;45;40.5
3120839;71;30;42.3
3127370;54;23;42.6
3119203;178;122;68.5
3122108;92;46;50
3122207;133;86;64.7
3122603;75;44;58.7
3123106;78;38;48.7
3123700;120;65;54.2
3125804;32;15;46.9
3126901;132;62;47
3127305;77;52;67.5
3161650;48;31;64.6
3127503;91;64;70.3
3127701;4250;1981;46.6
3128006;483;192;39.8
3131802;118;87;73.7
3133204;190;84;44.2
3112653;92;61;66.3
3134103;90;63;70
3154309;217;109;50.2
3139607;336;115;34.2
3162575;71;49;69
3144672;88;61;69.3
3140100;75;31;41.3
3140605;59;21;35.6
3141504;73;43;58.9
3161056;60;32;53.3
3144201;39;22;56.4
3148400;61;32;52.5
3148608;248;124;50
3112059;62;32;51.6
3156809;230;111;48.3
3157500;51;23;45.1
3158201;265;203;76.6
3136553;90;55;61.1
3159506;105;82;78.1
3161601;58;48;82.8
3163003;80;41;51.2
3126950;67;40;59.7
3163508;97;58;59.8
3164100;91;51;56
3164506;153;105;68.6
3165503;125;101;80.8
3166105;43;24;55.8
3167707;65;40;61.5
3169505;107;74;69.2
3171501;56;40;71.4
3171808;148;90;60.8
3171907;66;39;59.1
3130606;154;35;22.7
3107901;136;43;31.6
3108305;222;57;25.7
3169059;70;12;17.1
3108909;231;125;54.1
3109105;76;16;21.1
3109709;160;60;37.5
3110509;351;92;26.2
3110608;366;95;26
3165578;99;57;57.6
3113602;65;42;64.6
3117207;43;15;34.9
3117801;150;51;34
3118502;24;15;62.5
3119906;47;25;53.2
3120508;168;84;50
3121100;119;40;33.6
3124401;101;26;25.7
3124500;127;38;29.9
3125101;959;376;39.2
3127404;44;14;31.8
3132404;1357;315;23.2
3133600;178;77;43.3
3134905;428;261;61
3139904;289;112;38.8
3140407;42;9;21.4
3143401;336;71;21.1
3143807;96;61;63.5
3144409;59;16;27.1
3146008;411;101;24.6
3147303;313;90;28.8
3149101;134;52;38.8
3150901;62;27;43.5
3151008;143;33;23.1
3159605;569;90;15.8
3162302;40;11;27.5
3163201;59;15;25.4
3164407;74;31;41.9
3165404;126;40;31.7
3167400;59;36;61
3169109;101;75;74.3
3172202;35;15;42.9
3135209;1469;779;53
3132107;288;182;63.2
3162450;606;563;92.9
3108255;206;140;68
3117836;183;94;51.4
3149150;163;112;68.7
3139300;347;149;42.9
3135050;657;384;58.4
3140852;178;138;77.5
3142254;139;84;60.4
3142700;260;174;66.9
3136959;137;85;62
3161106;964;491;50.9
3116159;285;231;81.1
3130051;188;111;59
3150570;121;54;44.6
3170529;196;119;60.7
3170008;179;96;53.6
3152131;61;22;36.1
3170909;440;261;59.3
3129657;133;75;56.4
3171030;174;124;71.3
3136702;8824;2557;29
3103603;49;26;53.1
3106101;69;26;37.7
3106903;240;97;40.4
3107208;57;34;59.6
3107505;85;20;23.5
3114808;57;29;50.9
3115904;54;12;22.2
3116209;56;18;32.1
3119609;54;32;59.3
3121308;64;33;51.6
3125002;80;41;51.2
3128501;61;36;59
3138500;63;17;27
3138609;312;164;52.6
3139805;138;72;52.2
3140209;55;33;60
3140803;217;53;24.4
3145406;54;27;50
3147808;36;24;66.7
3149408;36;26;72.2
3149507;56;27;48.2
3150109;41;15;36.6
3155405;93;35;37.6
3127388;83;46;55.4
3155900;65;25;38.5
3157278;50;23;46
3156205;47;23;48.9
3158607;55;14;25.5
3159308;63;15;23.8
3162906;369;108;29.3
3167509;38;17;44.7
3165602;49;28;57.1
3112901;149;117;78.5
3116001;124;89;71.8
3117405;97;65;67
3137700;315;140;44.4
3138674;92;50;54.3
3154150;95;44;46.3
3162559;200;121;60.5
3139508;306;82;26.8
3123528;102;40;39.2
3140530;119;63;52.9
3140902;339;232;68.4
3144003;387;208;53.7
3153509;103;62;60.2
3157906;196;107;54.6
3158904;146;87;59.6
3163607;72;48;66.7
3167608;373;220;59
3107307;805;343;42.6
3128253;60;18;30
3145455;77;34;44.2
3108503;130;79;60.8
3108602;496;271;54.6
3111150;65;30;46.2
3138682;111;85;76.6
3135357;166;93;56
3109402;490;365;74.5
3112703;217;123;56.7
3116506;89;47;52.8
3118809;532;393;73.9
3162658;65;25;38.5
3162252;70;37;52.9
3120300;89;41;46.1
3123809;85;50;58.8
3124302;490;245;50
3139250;61;31;50.8
3126604;57;36;63.2
3126703;356;188;52.8
3146255;85;51;60
3127800;249;115;46.2
3136579;50;27;54
3129608;134;67;50
3132008;85;59;69.4
3135605;114;52;45.6
3136801;61;37;60.7
3127354;66;38;57.6
3137304;46;17;37
3138104;120;87;72.5
3141009;199;102;51.3
3115474;78;51;65.4
3142007;195;97;49.7
3147956;91;52;57.1
3142908;328;144;43.9
3127339;141;99;70.2
3151206;936;272;29.1
3145059;141;89;63.1
3166956;101;74;73.3
3146552;110;45;40.9
3154507;159;83;52.2
3155603;429;192;44.8
3130655;103;55;53.4
3143450;105;49;46.7
3160454;134;79;59
3170651;66;30;45.5
3156502;91;47;51.6
3157005;586;241;41.1
3145372;85;51;60
3127073;61;36;59
3157377;83;33;39.8
3157609;61;31;50.8
3162401;406;255;62.8
3138658;156;81;51.9
3144656;115;59;51.3
3162708;277;134;48.4
3164209;106;61;57.5
3154457;113;62;54.9
3168002;417;165;39.6
3106655;66;44;66.7
3170800;492;242;49.2
3101508;625;146;23.4
3103108;30;15;50
3104403;49;24;49
3105509;117;71;60.7
3110103;66;12;18.2
3112109;67;31;46.3
3102050;70;35;50
3113305;525;175;33.3
3125952;206;56;27.2
3122009;292;115;39.4
3145877;129;69;53.5
3124203;411;106;25.8
3124609;40;23;57.5
3124906;136;58;42.6
3125309;66;39;59.1
3132602;48;20;41.7
3138005;57;15;26.3
3138401;864;307;35.5
3142106;140;36;25.7
3142205;179;63;35.2
3164431;57;32;56.1
3143906;1521;483;31.8
3156452;67;38;56.7
3146701;73;23;31.5
3148202;62;33;53.2
3149002;52;15;28.8
3151107;173;55;31.8
3154101;127;55;43.3
3158409;46;19;41.3
3160009;54;30;55.6
3161403;63;35;55.6
3169208;118;43;36.4
3171402;71;38;53.5
3172103;69;26;37.7
3106002;145;54;37.2
3107703;82;27;32.9
3121803;79;53;67.1
3125903;138;88;63.8
3131703;1582;560;35.4
3132800;26;15;57.7
3136207;1067;227;21.3
3144706;238;65;27.3
3147501;29;24;82.8
3155702;277;157;56.7
3158003;112;43;38.4
3160504;35;19;54.3
3161007;217;120;55.3
3161908;226;135;59.7
3163409;57;20;35.1
3164803;26;19;73.1
3100401;83;38;45.8
3106408;136;96;70.6
3121704;73;46;63
3140001;1230;427;34.7
3142304;72;51;70.8
3146107;1404;381;27.1
3104502;419;248;59.2
3108206;96;49;51
3122470;76;55;72.4
3144375;65;13;20
3109303;564;331;58.7
3126208;124;70;56.5
3128600;91;52;57.1
3136306;686;354;51.6
3108552;227;134;59
3147006;1649;564;34.2
3170404;1358;510;37.6
3109451;117;81;69.2
3171006;358;223;62.3
3170479;68;46;67.6
3101904;258;110;42.6
3162948;117;52;44.4
3112802;104;41;39.4
3114402;272;111;40.8
3121209;103;30;29.1
3123403;24;10;41.7
3126109;892;326;36.5
3119955;67;31;46.3
3126307;48;24;50
3150505;77;38;49.4
3162203;76;32;42.1
3164308;131;71;54.2
3170602;43;20;46.5
3103801;32;9;28.1
3114303;328;146;44.5
3137106;115;65;56.5
3137502;233;112;48.1
3141207;60;27;45
3153400;343;197;57.4
3137536;107;46;43
3155504;203;97;47.8
3159704;57;18;31.6
3161700;84;47;56
3170750;93;58;62.4
3162104;620;331;53.4
3168903;89;40;44.9
3101409;50;34;68
3102001;145;57;39.3
3102605;515;102;19.8
3104304;193;33;17.1
3105301;91;32;35.2
3107604;49;16;32.7
3108404;177;49;27.7
3109501;167;94;56.3
3110301;207;125;60.4
3111002;267;131;49.1
3117108;132;61;46.2
3117900;123;34;27.6
3122405;92;19;20.7
3129905;47;16;34
3131505;101;22;21.8
3143005;163;29;17.8
3144102;416;59;14.2
3145109;202;49;24.3
3159209;97;28;28.9
3165800;26;18;69.2
3166907;80;20;25
3171303;1209;334;27.6
3100302;193;101;52.3
3148756;121;56;46.3
3102308;184;64;34.8
3102506;67;40;59.7
3103702;91;29;31.9
3105707;65;28;43.1
3110202;91;34;37.4
3111705;65;43;66.2
3116704;82;30;36.6
3122702;60;19;31.7
3165560;36;17;47.2
3128204;104;48;46.2
3135506;177;73;41.2
3148806;42;16;38.1
3150208;64;40;62.5
3145851;54;16;29.6
3152303;120;49;40.8
3154002;312;138;44.2
3171154;71;23;32.4
3154903;194;24;12.4
3155009;47;26;55.3
3157401;78;25;32.1
3160108;69;19;27.5
3163805;101;66;65.3
3164001;109;66;60.6
3166303;112;59;52.7
3168507;177;62;35
3170503;146;69;47.3
3114600;47;16;34
3115201;53;10;18.9
3119708;41;11;26.8
3123007;115;23;20
3130002;41;11;26.8
3130408;87;25;28.7
3130804;43;21;48.8
3134301;80;44;55
3134509;57;26;45.6
3137403;181;40;22.1
3138708;75;18;24
3144508;90;28;31.1
3152709;88;35;39.8
3154200;111;18;16.2
3156106;47;15;31.9
3159902;242;134;55.4
3162500;1276;289;22.6
3165008;131;53;40.5
3168804;103;48;46.6
3157336;85;42;49.4
3104106;118;27;22.9
3112406;61;33;54.1
3115102;208;54;26
3116407;64;20;31.2
3128303;225;65;28.9
3128709;668;85;12.7
3129707;156;44;28.2
3132909;161;30;18.6
3134806;85;27;31.8
3136900;120;38;31.7
3143203;289;86;29.8
3152907;101;34;33.7
3133758;156;55;35.3
3163904;76;33;43.4
3164704;929;264;28.4
3165107;73;29;39.7
3103207;40;20;50
3104809;46;21;45.7
3105004;97;63;64.9
3109204;127;36;28.3
3109600;55;20;36.4
3109907;147;31;21.1
3112505;120;72;60
3118908;85;47;55.3
3120904;1112;292;26.3
3125705;188;101;53.7
3126406;46;16;34.8
3127206;81;41;50.6
3131000;83;53;63.9
3131109;87;40;46
3135704;67;30;44.8
3136405;54;27;50
3141108;511;278;54.4
3143609;48;36;75
3143708;48;34;70.8
3147402;269;97;36.1
3152006;407;127;31.2
3153608;151;83;55
3158508;82;51;62.2
3167202;3405;1189;34.9
3169356;462;178;38.5
3100906;245;142;58
3120151;75;41;54.7
3103405;679;348;51.3
3104700;194;131;67.5
3106606;138;133;96.4
3157658;116;97;83.6
3110806;48;33;68.8
3135076;67;37;55.2
3113008;330;223;67.6
3113701;291;159;54.6
3119500;128;50;39.1
3126802;84;51;60.7
3127057;77;52;67.5
3132305;187;93;49.7
3115458;112;38;33.9
3132701;317;147;46.4
3133303;274;119;43.4
3134004;223;137;61.4
3152170;197;130;66
3137007;187;111;59.4
3138906;92;65;70.7
3139201;330;221;67
3126752;71;32;45.1
3165552;209;165;78.9
3144300;509;242;47.5
3144904;63;29;46
3145307;446;301;67.5
3146206;95;60;63.2
3146305;295;168;56.9
3148509;92;68;73.9
3150000;44;20;45.5
3152402;193;114;59.1
3163300;55;33;60
3166709;129;62;48.1
3145356;154;105;68.2
3170305;50;35;70
3171600;148;53;35.8
3100708;29;17;58.6
3104007;1992;638;32
3111408;115;67;58.3
3111507;193;118;61.1
3116902;40;29;72.5
3117306;341;83;24.3
3118205;95;63;66.3
3127008;217;70;32.3
3127107;724;146;20.2
3129509;340;88;25.9
3133402;164;74;45.1
3134400;571;124;21.7
3114550;140;46;32.9
3138625;112;30;26.8
3170438;46;18;39.1
3149200;45;32;71.1
3149804;224;165;73.7
3151602;118;27;22.9
3153004;51;14;27.5
3156908;487;212;43.5
3157708;188;49;26.1
3161304;90;30;33.3
3168101;101;49;48.5
3121258;150;29;19.3
3171105;61;26;42.6
3150703;77;29;37.7
3103504;1577;347;22
3130705;131;92;70.2
3142809;313;81;25.9
3145000;215;148;68.8
3152808;344;164;47.7
3169604;407;190;46.7
3103751;105;43;41
3139003;659;144;21.9
3101201;75;39;52
3101300;35;16;45.7
3101607;1113;380;34.1
3104908;208;62;29.8
3107109;529;214;40.5
3110707;148;41;27.7
3110905;271;58;21.4
3111309;155;62;40
3111606;426;233;54.7
3113909;142;29;20.4
3114709;44;20;45.5
3115508;316;65;20.6
3117702;154;25;16.2
3118700;114;21;18.4
3119005;42;10;23.8
3120805;190;52;27.4
3122801;54;30;55.6
3123601;380;72;18.9
3125200;43;8;18.6
3128105;202;77;38.1
3129202;65;20;30.8
3130507;139;72;51.8
3133006;263;84;31.9
3133105;262;62;23.7
3135902;68;35;51.5
3137809;269;45;16.7
3142601;108;39;36.1
3144607;393;98;24.9
3145505;44;23;52.3
3147204;306;87;28.4
3147600;220;69;31.4
3151701;166;47;28.3
3152600;83;18;21.7
3158300;88;30;34.1
3160801;57;29;50.9
3162005;309;103;33.3
3163706;632;133;21
3164902;44;13;29.5
3165206;86;48;55.8
3166402;36;30;83.3
3167004;34;28;82.4
3167806;64;21;32.8
3169406;704;281;39.9
3169802;63;26;41.3
3170701;2012;615;30.6
3171709;135;84;62.2
3155801;311;53;17
3104601;158;54;34.2
3108701;59;17;28.8
3121902;61;36;59
3122900;77;27;35.1
3123304;68;30;44.1
3124005;317;105;33.1
3128402;96;58;60.4
3128808;78;33;42.3
3129004;77;19;24.7
3148301;90;45;50
3151305;147;77;52.4
3153103;70;39;55.7
3156304;115;67;58.3
3161502;129;79;61.2
3165701;84;17;20.2
3167301;44;29;65.9
3167905;45;24;53.3
3169000;212;24;11.3
3172004;566;140;24.7
3101003;197;129;65.5
3120870;106;62;58.5
3122355;96;50;52.1
3101706;698;255;36.5
3122454;110;34;30.9
3140555;113;55;48.7
3102704;132;82;62.1
3105202;72;47;65.3
3117009;87;35;40.2
3125606;100;48;48
3134707;149;86;57.7
3135803;360;194;53.9
3136009;210;72;34.3
3143153;61;37;60.7
3136504;161;119;73.9
3141405;251;136;54.2
3148707;340;136;40
3155108;75;50;66.7
3146750;92;53;57.6
3156601;115;91;79.1
3157104;91;65;71.4
3158102;80;60;75
3160306;144;79;54.9
3103009;129;70;54.3
3106309;324;156;48.1
3108800;71;31;43.7
3119401;1279;423;33.1
3131307;3752;1361;36.3
3135001;67;48;71.6
3136108;68;40;58.8
3140308;72;24;33.3
3141702;84;32;38.1
3158953;420;272;64.8
3168705;1062;224;21.1
3114907;41;18;43.9
3115409;69;23;33.3
3118007;1030;311;30.2
3120409;74;19;25.7
3121407;115;75;65.2
3123908;229;147;64.2
3133907;89;56;62.9
3135407;106;93;87.7
3137908;54;8;14.8
3150802;228;110;48.2
3153806;33;8;24.2
3155207;73;25;34.2
3159100;72;27;37.5
3160900;61;48;78.7
3166006;71;16;22.5
3109808;52;39;75
3111804;131;75;57.3
3112604;189;80;42.3
3115805;123;95;77.2
3129103;63;28;44.4
3131406;48;32;66.7
3134202;1597;660;41.3
3159803;260;82;31.5
3120706;101;42;41.6
3128907;112;43;38.4
3131604;103;26;25.2
3166808;204;99;48.5
3100104;79;29;36.7
3115003;53;19;35.8
3119302;395;159;40.3
3124807;87;49;56.3
3127909;20;11;55
3143104;655;266;40.6
3156403;48;29;60.4
3100807;56;29;51.8
3110400;38;18;47.4
3111200;649;201;31
3111903;56;26;46.4
3112000;152;46;30.3
3120201;144;76;52.8
3133501;267;119;44.6
3138203;1238;222;17.9
3145604;521;138;26.5
3149903;330;119;36.1
3154705;57;28;49.1
3158805;50;15;30
3161205;83;31;37.3
3150539;64;28;43.8
3166600;17;16;94.1
3123502;22;13;59.1
3200169;196;164;83.7
3200904;647;341;52.7
3202108;346;220;63.6
3203304;156;91;58.3
3200136;216;148;68.5
3201001;302;217;71.9
3203908;1048;673;64.2
3204906;2313;1343;58.1
3205150;169;106;62.7
3204708;595;366;61.5
3205176;250;197;78.8
3200359;94;70;74.5
3200805;524;203;38.7
3201506;1915;861;45
3202256;207;173;83.6
3203353;219;156;71.2
3204005;250;193;77.2
3204658;134;118;88.1
3203502;449;349;77.7
3204252;133;108;81.2
3203601;105;95;90.5
3204104;432;291;67.4
3201605;507;401;79.1
3203056;570;395;69.3
3204054;361;289;80.1
3200607;1671;774;46.3
3202207;271;175;64.6
3202504;222;132;59.5
3203130;234;140;59.8
3203205;2831;1047;37
3205010;530;347;65.5
3204351;393;285;72.5
3200102;480;348;72.5
3201159;241;195;80.9
3201704;224;184;82.1
3201902;607;466;76.8
3203346;270;215;79.6
3203163;198;154;77.8
3205069;444;233;52.5
3202702;234;142;60.7
3202900;183;158;86.3
3204500;183;88;48.1
3204559;814;559;68.7
3204609;400;260;65
3204955;156;100;64.1
3201308;5411;2875;53.1
3205002;7863;4888;62.2
3205101;1239;947;76.4
3205200;6643;2303;34.7
3205309;5908;2020;34.2
3200300;246;142;57.7
3200409;758;479;63.2
3202405;2036;1057;51.9
3202603;164;136;82.9
3204203;407;132;32.4
3204401;201;116;57.7
3200201;518;274;52.9
3201803;59;55;93.2
3202009;143;92;64.3
3202306;482;318;66
3202454;410;265;64.6
3202553;210;161;76.7
3202652;187;101;54
3203007;385;201;52.2
3203700;316;259;82
3200508;111;37;33.3
3200706;218;144;66.1
3201100;117;56;47.9
3201209;2903;1601;55.1
3201407;658;384;58.4
3203106;157;119;75.8
3203403;305;202;66.2
3203809;194;130;67
3204807;157;132;84.1
3205036;317;175;55.2
3202801;786;555;70.6
3203320;1090;612;56.1
3204302;406;354;87.2
3300605;719;52;7.2
3302056;226;72;31.9
3302205;1636;317;19.4
3302304;126;17;13.5
3303104;264;46;17.4
3304102;265;66;24.9
3306156;178;15;8.4
3300159;207;3;1.4
3300902;291;47;16.2
3305133;111;0;0
3302106;415;84;20.2
3303005;493;75;15.2
3304706;782;171;21.9
3301009;8342;1481;17.8
3301157;237;94;39.7
3304805;821;264;32.2
3305000;992;286;28.8
3304755;1018;446;43.8
3301405;366;73;19.9
3302403;4341;265;6.1
3300936;273;110;40.3
3304151;426;15;3.5
3300225;161;12;7.5
3306008;1379;30;2.2
3300951;196;8;4.1
3303708;635;95;15
3305406;329;54;16.4
3301108;300;15;5
3301207;322;23;7.1
3301504;384;6;1.6
3302452;150;15;10
3300506;449;22;4.9
3301603;223;113;50.7
3303401;3297;157;4.8
3305703;195;62;31.8
3304607;159;44;27.7
3305307;121;16;13.2
3305901;215;75;34.9
3301306;849;20;2.4
3304524;2509;140;5.6
3305604;402;17;4.2
3300209;2732;765;28
3300258;882;469;53.2
3300704;3911;1146;29.3
3300233;1107;650;58.7
3305208;2027;194;9.6
3301876;629;305;48.5
3305505;2175;462;21.2
3300407;2492;219;8.8
3302254;503;51;10.1
3304003;617;6;1
3303955;525;6;1.1
3306305;4004;365;9.1
3304128;244;2;0.8
3304201;2111;28;1.3
3304110;352;15;4.3
3304409;306;32;10.5
3300308;1114;71;6.4
3304508;208;26;12.5
3306107;1195;288;24.1
3300100;2625;57;2.2
3303807;767;158;20.6
3301801;220;69;31.4
3302809;259;28;10.8
3302908;429;23;5.4
3303609;739;207;28
3303856;415;1;0.2
3306206;564;83;14.7
3303906;4668;669;14.3
3305158;311;10;3.2
3305802;2548;319;12.5
3300803;996;75;7.5
3304300;995;184;18.5
3302007;2274;292;12.8
3305554;1554;350;22.5
3302601;897;27;3
3300456;5043;1662;33
3303500;9569;159;1.7
3305109;4782;394;8.2
3301702;11039;1815;16.4
3301850;939;573;61
3302502;4048;1318;32.6
3301900;3466;1367;39.4
3305752;575;271;47.1
3302270;1174;39;3.3
3302700;3563;183;5.1
3303203;2228;51;2.3
3303302;7848;197;2.5
3302858;2339;747;31.9
3304144;1640;141;8.6
3304557;76588;1658;2.2
3304904;9620;701;7.3
3550308;153145;26366;17.2
3549904;8679;2023;23.3
3526407;476;141;29.6
3510500;2095;342;16.3
3539004;134;35;26.1
3513009;3847;1117;29
3552502;4237;1199;28.3
3544202;199;90;45.2
3514908;251;116;46.2
3506003;4782;946;19.8
3523107;3823;1327;34.7
3525904;5723;738;12.9
3513801;4735;1230;26
3549805;6264;930;14.8
3534401;9799;2209;22.5
3531803;928;360;38.8
3505807;264;97;36.7
3509502;12948;3225;24.9
3552551;57;23;40.4
3530409;67;34;50.7
3548708;10181;1517;14.9
3523503;232;89;38.4
3554508;706;211;29.9
3557006;1317;392;29.8
3537909;373;143;38.3
3554102;3594;710;19.8
3506508;1642;422;25.7
3538006;2562;694;27.1
3509205;1351;290;21.5
3506102;1409;375;26.6
3512506;83;27;32.5
3536703;627;116;18.5
3546702;341;109;32
3511102;1994;405;20.3
3518503;210;89;42.4
3515509;1058;233;22
3539103;214;113;52.8
3551702;1757;559;31.8
3503802;604;259;42.9
3503208;3285;743;22.6
3552403;3070;971;31.6
3541406;3025;754;24.9
3502101;835;157;18.8
3543402;9676;2736;28.3
3519709;1104;137;12.4
3532009;203;29;14.3
3504107;2217;667;30.1
3530805;1369;372;27.2
3520400;751;358;47.7
3547809;8250;1462;17.7
3503901;1486;308;20.7
3510609;3945;1457;36.9
3507704;78;33;42.3
3545308;562;134;23.8
3530706;2220;530;23.9
3550704;1564;449;28.7
3523404;1984;448;22.6
3530607;4841;1016;21
3540507;88;32;36.4
3525300;2010;445;22.1
3552205;8310;1659;20
3543907;2760;805;29.2
3520509;3166;944;29.8
3515202;136;42;30.9
3516408;1827;751;41.1
3546405;628;87;13.9
3518800;16628;2735;16.4
3543303;1903;610;32.1
3550407;467;132;28.3
3545605;228;87;38.2
3540200;597;285;47.7
3554003;2119;482;22.7
3550209;434;153;35.3
3541000;6165;801;13
3501608;2902;576;19.8
3535002;134;64;47.8
3549508;110;27;24.5
3514106;370;124;33.5
3529807;181;59;32.6
3515707;1848;607;32.8
3556206;1649;139;8.4
3533601;116;18;15.5
3548500;6621;553;8.4
3526902;3669;852;23.2
3500303;454;122;26.9
3553302;350;55;15.7
3545803;2135;597;28
3547304;2591;393;15.2
3513702;431;163;37.8
3523602;222;90;40.5
3507506;2129;215;10.1
3502754;465;302;64.9
3501004;243;95;39.1
3545209;1535;404;26.3
3529401;4097;1510;36.9
3500402;66;33;50
3551603;377;99;26.3
3503000;72;25;34.7
3530508;1055;155;14.7
3552106;646;74;11.5
3510401;896;158;17.6
3522604;1091;191;17.5
3538709;5896;966;16.4
3557105;1246;137;11
3557303;192;90;46.9
3522109;1529;632;41.3
3515400;244;67;27.5
3501806;88;39;44.3
3537107;484;104;21.5
3534757;156;51;32.7
3507902;414;101;24.4
3548807;2620;432;16.5
3518305;456;94;20.6
3504305;115;94;81.7
3536901;31;7;22.6
3506359;1043;326;31.3
3515608;123;57;46.3
3530102;245;44;18
3505906;860;180;20.9
3527603;226;75;33.2
3535507;696;107;15.4
3531100;957;319;33.3
3531308;652;233;35.7
3523909;2559;1195;46.7
3505708;5163;1398;27.1
3537305;1061;437;41.2
3524303;1159;341;29.4
3508108;191;50;26.2
3556503;1077;290;26.9
3526803;967;183;18.9
3551009;3730;550;14.7
3510203;596;173;29
3503307;1958;488;24.9
3505609;454;234;51.5
3501103;44;16;36.4
3528809;211;42;19.9
3540606;719;85;11.8
3531902;440;127;28.9
3524402;2831;969;34.2
3521804;317;84;26.5
3549102;1253;145;11.6
3536505;1796;248;13.8
3550100;515;156;30.3
3533908;847;178;21
3519808;120;29;24.2
3527108;972;320;32.9
3548906;3792;936;24.7
3526209;427;167;39.1
3532900;165;45;27.3
3528106;73;23;31.5
3509809;69;31;44.9
3507605;2711;422;15.6
3527009;105;19;18.1
3545159;86;32;37.2
3501905;1123;300;26.7
3519071;2872;960;33.4
3504602;292;128;43.8
3515152;318;99;31.1
3556453;693;177;25.5
3519105;150;54;36
3555505;83;33;39.8
3504800;106;37;34.9
3500204;72;13;18.1
3513405;1266;359;28.4
3504008;1665;444;26.7
3510807;480;77;16
3516200;5498;944;17.2
3528502;963;228;23.7
3518602;697;71;10.2
3509304;127;52;40.9
3554805;691;417;60.3
3515186;684;235;34.4
3522307;2040;552;27.1
3536604;102;39;38.2
3543600;59;16;27.1
3518404;1776;468;26.4
3522208;2181;785;36
3518701;3599;961;26.7
3534708;1540;259;16.8
3554300;474;160;33.8
3518909;65;27;41.5
3546108;42;15;35.7
3507001;918;141;15.4
3511607;300;91;30.3
3524709;1118;200;17.9
3540705;781;245;31.4
3513603;289;70;24.2
3508504;1173;288;24.6
3518107;79;31;39.2
3537602;1105;185;16.7
3541208;230;57;24.8
3529005;3011;688;22.8
3507803;387;136;35.1
3512308;266;32;12
3505500;1597;592;37.1
3532603;151;32;21.2
3522901;221;87;39.4
3526100;296;83;28
3553005;174;48;27.6
3552809;3047;1102;36.2
3509007;1298;478;36.8
3550902;280;101;36.1
3525003;1680;483;28.8
3549409;581;124;21.3
3540309;51;17;33.3
3555000;922;319;34.6
3546306;478;119;24.9
3550605;1491;461;30.9
3516705;781;356;45.6
3537800;660;203;30.8
3539905;70;43;61.4
3547601;422;93;22
3543105;85;22;25.9
3544103;525;241;45.9
3557204;202;62;30.7
3513504;1955;203;10.4
3520103;380;42;11.1
3538600;416;153;36.8
3501152;280;112;40
3504503;1251;376;30.1
3516309;1903;593;31.2
3508405;691;212;30.7
3556404;562;159;28.3
3547502;308;46;14.9
3546603;555;185;33.3
3521200;90;61;67.8
3507159;61;16;26.2
3538808;616;200;32.5
3546900;91;40;44
3556701;1320;339;25.7
3553104;78;7;9
3527405;266;108;40.6
3512001;327;127;38.8
3551900;192;35;18.2
3502903;433;135;31.2
3535903;55;9;16.4
3503109;81;32;39.5
3532207;113;44;38.9
3542008;105;31;29.5
3540002;378;75;19.8
3536307;149;36;24.2
3522158;83;43;51.8
3547908;113;41;36.3
3546801;629;215;34.2
3554706;122;45;36.9
3539301;1099;343;31.2
3511003;275;111;40.4
3530904;82;22;26.8
3539806;1336;495;37.1
3556909;120;28;23.3
3519055;304;93;30.6
3535804;395;50;12.7
3537206;143;48;33.6
3526704;1666;538;32.3
3541653;51;15;29.4
3516002;123;53;43.1
3501707;473;160;33.8
3526001;257;108;42
3524105;618;116;18.8
3538907;282;137;48.6
3506300;166;25;15.1
3513108;467;114;24.4
3515004;3031;1172;38.7
3546504;77;28;36.4
3545407;137;28;20.4
3507407;189;51;27
3535101;141;55;39
3533403;933;207;22.2
3540754;252;115;45.6
3537008;251;108;43
3553401;341;68;19.9
3534203;73;26;35.6
3511409;396;147;37.1
3533502;537;122;22.7
3519303;565;188;33.3
3500501;317;63;19.9
3519402;210;74;35.2
3546256;46;14;30.4
3532702;57;14;24.6
3502804;2400;301;12.5
3527306;639;225;35.2
3534302;695;233;33.5
3515103;1025;471;46
3542602;932;250;26.8
3533205;108;53;49.1
3512209;408;111;27.2
3503950;30;5;16.7
3506607;351;126;35.9
3505005;75;47;62.7
3553906;114;20;17.5
3557154;38;15;39.5
3524006;937;298;31.8
3547007;107;46;43
3505203;533;153;28.7
3540804;254;19;7.5
3523206;728;230;31.6
3506805;157;59;37.6
3552601;141;43;30.5
3542206;520;247;47.5
3525201;538;212;39.4
3508207;80;32;40
3529708;245;67;27.3
3512605;55;26;47.3
3545001;179;51;28.5
3546207;67;22;32.8
3555604;149;82;55
3527207;1184;206;17.4
3523800;100;31;31
3521101;106;51;48.1
3512803;674;87;12.9
3548054;123;35;28.5
3521309;219;54;24.7
3541505;609;186;30.5
3502200;304;63;20.7
3534906;162;88;54.3
3540903;337;108;32
3528403;716;215;30
3525102;725;291;40.1
3536000;116;45;38.8
3508603;549;83;15.1
3528601;135;42;31.1
3514205;44;4;9.1
3518859;137;39;28.5
3519006;100;46;46
3511508;805;318;39.5
3553203;89;51;57.3
3512100;98;39;39.8
3531506;256;38;14.8
3526506;97;58;59.8
3543006;254;104;40.9
3509403;380;115;30.3
3549607;100;55;55
3553955;196;60;30.6
3516853;113;29;25.7
3542701;114;36;31.6
3539400;188;47;25
3525706;578;181;31.3
3535408;251;90;35.9
3551108;125;52;41.6
3544905;149;42;28.2
3556800;279;67;24
3509106;71;39;54.9
3510005;520;241;46.3
3509908;197;91;46.2
3548005;342;55;16.1
3528858;53;13;24.5
3554409;107;20;18.7
3511201;88;17;19.3
3502705;410;181;44.1
3550506;143;55;38.5
3517000;115;71;61.7
3552007;96;36;37.5
3551306;60;32;53.3
3549953;234;67;28.6
3520004;314;76;24.2
3553807;416;99;23.8
3555406;1331;449;33.7
3534104;75;44;58.7
3548203;137;44;32.1
3509700;680;124;18.2
3519501;81;29;35.8
3556008;206;73;35.4
3510153;104;37;35.6
3539608;57;23;40.4
3514957;37;17;45.9
3543204;73;24;32.9
3554607;44;24;54.5
3504404;136;52;38.2
3529302;1053;289;27.4
3509601;1322;435;32.9
3536257;45;19;42.2
3530300;749;151;20.2
3555901;36;13;36.1
3501400;69;38;55.1
3530201;254;72;28.3
3500709;549;180;32.8
3532504;122;23;18.9
3535309;305;116;38
3536208;254;80;31.5
3529104;35;15;42.9
3522505;2488;591;23.8
3553856;138;58;42
3549250;34;12;35.3
3519600;805;149;18.5
3541703;272;68;25
3522703;686;184;26.8
3525508;138;42;30.4
3520426;182;22;12.1
3501202;60;22;36.7
3522802;214;54;25.2
3542909;189;50;26.5
3515657;27;17;63
3520301;430;207;48.1
3505351;101;57;56.4
3509452;85;33;38.8
3520202;192;57;29.7
3502507;608;186;30.6
3543808;96;42;43.8
3541307;660;193;29.2
3531407;350;82;23.4
3532405;238;99;41.6
3546009;200;79;39.5
3520442;453;95;21
3517505;270;81;30
3520905;264;101;38.3
3521408;274;71;25.9
3506904;163;35;21.5
3507100;290;114;39.3
3554656;40;17;42.5
3508702;225;68;30.2
3532058;53;11;20.8
3513207;131;37;28.2
3501301;356;97;27.2
3521705;332;143;43.1
3516606;98;55;56.1
3553708;704;128;18.2
3519907;106;53;50
3511300;146;16;11
3533254;79;18;22.8
3514304;116;34;29.3
3517208;140;74;52.9
3518008;40;22;55
3534807;120;27;22.5
3529658;38;12;31.6
3541604;434;116;26.7
3502309;100;43;43
3511706;216;29;13.4
3548609;141;58;41.1
3547403;39;17;43.6
3555109;232;67;28.9
3534609;418;90;21.5
3500550;109;50;45.9
3550001;163;49;30.1
3524808;605;100;16.5
3521002;437;143;32.7
3544004;487;227;46.6
3509254;380;91;23.9
3523305;204;89;43.6
3526605;124;47;37.9
3532306;111;66;59.5
3525854;62;11;17.7
3505401;124;65;52.4
3556305;299;116;38.8
3517406;680;228;33.5
3512902;114;63;55.3
3540259;62;23;37.1
3521507;82;32;39
3521903;316;25;7.9
3522406;1334;343;25.7
3504206;194;63;32.5
3555307;34;9;26.5
3556107;128;38;29.7
3505302;611;108;17.7
3517604;368;182;49.5
3502002;110;13;11.8
3516903;165;74;44.8
3548104;103;39;37.9
3517703;318;57;17.9
3552700;216;57;26.4
3524501;94;31;33
3539202;361;98;27.1
3525607;72;45;62.5
3521150;74;19;25.7
3545704;65;19;29.2
3512407;437;164;37.5
3549706;875;196;22.4
3515194;56;20;35.7
3542107;152;54;35.5
3538501;115;37;32.2
3503703;110;48;43.6
3515905;34;10;29.4
3544400;55;29;52.7
3536406;114;38;33.3
3541901;134;54;40.3
3504909;132;38;28.8
3503158;38;11;28.9
3503505;53;15;28.3
3544301;224;98;43.8
3526308;70;26;37.1
3509957;108;50;46.3
3531704;72;21;29.2
3524907;125;60;48
3535606;239;113;47.3
3542305;51;22;43.1
3542800;56;32;57.1
3519253;129;79;61.2
3536109;95;38;40
3503604;128;34;26.6
3543253;123;40;32.5
3543501;97;38;39.2
3532827;163;96;58.9
3508009;281;47;16.7
3537503;100;49;49
3553500;84;27;32.1
3510302;302;114;37.7
3531209;115;23;20
3554953;86;19;22.1
3556354;116;14;12.1
3536802;96;48;50
3538204;223;70;31.4
3553609;153;51;33.3
3550803;178;77;43.3
3513900;172;71;41.3
3500600;77;8;10.4
3512704;63;19;30.2
3506706;240;106;44.2
3543709;157;57;36.3
3554755;44;20;45.5
3524204;92;30;32.6
3539509;505;144;28.5
3553658;44;15;34.1
3523701;64;24;37.5
3525409;73;24;32.9
3514601;149;33;22.1
3551504;672;240;35.7
3551405;150;84;56
3510906;50;19;38
3510104;57;25;43.9
3514007;151;64;42.4
3527504;39;12;30.8
3503406;108;32;29.6
3508306;110;20;18.2
3514502;164;22;13.4
3542503;77;33;42.9
3507308;88;35;39.8
3522000;59;17;28.8
3507456;55;26;47.3
3536570;37;15;40.5
3528007;281;70;24.9
3544608;63;25;39.7
3540101;59;22;37.3
3504701;42;30;71.4
3508801;318;107;33.6
3517307;57;13;22.8
3525805;59;30;50.8
3514924;63;13;20.6
3535705;71;14;19.7
3538105;172;43;25
3549201;35;10;28.6
3528205;45;13;28.9
3520707;64;11;17.2
3530003;36;14;38.9
3529609;58;12;20.7
3549003;33;8;24.2
3540408;58;42;72.4
3547650;40;11;27.5
3556958;32;8;25
3513850;30;12;40
3555802;83;41;49.4
3555356;66;24;36.4
3532801;116;47;40.5
3529500;87;35;40.2
3555703;36;21;58.3
3533304;44;8;18.2
3531001;37;1;2.7
3534005;79;20;25.3
3533007;268;94;35.1
3544806;70;28;40
3517901;151;46;30.5
3500907;60;24;40
3547205;28;3;10.7
3554904;76;30;39.5
3532843;32;11;34.4
3535200;113;22;19.5
3544509;71;19;26.8
3502606;51;11;21.6
3510708;176;63;35.8
3523008;49;23;46.9
3517802;120;40;33.3
3532108;51;10;19.6
3518206;488;87;17.8
3506201;36;13;36.1
3507753;51;18;35.3
3517109;61;23;37.7
3527256;39;11;28.2
3516507;42;19;45.2
3506409;75;41;54.7
3555208;31;6;19.4
3505104;87;22;25.3
3548401;70;30;42.9
3527702;67;12;17.9
3537701;60;21;35
3511904;96;38;39.6
3528304;37;8;21.6
3537404;378;111;29.4
3516804;52;24;46.2
3552304;109;60;55
3532868;35;23;65.7
3500105;557;122;21.9
3540853;49;30;61.2
3528908;75;33;44
3521606;89;48;53.9
3515806;44;26;59.1
3514403;915;297;32.5
3547106;58;26;44.8
3533106;41;19;46.3
3549300;43;22;51.2
3531605;59;34;57.6
3545100;66;23;34.8
3544707;47;21;44.7
3520806;52;15;28.8
3500808;51;14;27.5
3548302;51;28;54.9
3544251;338;124;36.7
3515350;161;87;54
3538303;58;20;34.5
3528700;79;34;43
3529203;389;135;34.7
3532157;46;16;34.8
3508900;65;27;41.5
3515301;53;24;45.3
3520608;68;33;48.5
3502408;52;23;44.2
3542404;295;104;35.3
3545506;79;15;19
3552908;85;46;54.1
3543238;42;21;50
3515129;65;17;26.2
3547700;253;76;30
3527900;61;30;49.2
3513306;27;10;37
3537156;47;13;27.7
3516101;52;23;44.2
3539707;58;22;37.9
3501509;54;25;46.3
3527801;72;34;47.2
3533700;66;21;31.8
3556602;136;42;30.9
3534500;42;15;35.7
3554201;103;56;54.4
3533809;61;14;23
3551207;56;15;26.8
3519204;55;20;36.4
3541802;56;15;26.8
3503356;43;22;51.2
3529906;345;159;46.1
3524600;207;72;34.8
3551801;190;92;48.4
3514809;256;136;53.1
3500758;71;35;49.3
3541059;85;19;22.4
3522653;72;28;38.9
3541109;69;28;40.6
3507209;29;10;34.5
3514700;82;39;47.6
4100608;231;71;30.7
4100905;81;22;27.2
4106704;75;18;24
4107108;104;29;27.9
4108908;109;26;23.9
4110300;78;40;51.3
4111308;75;22;29.3
4112603;40;18;45
4113502;446;80;17.9
4115002;110;21;19.1
4115903;51;21;41.2
4116505;27;20;74.1
4117107;257;60;23.3
4118006;208;19;9.1
4118105;178;48;27
4124020;221;80;36.2
4118303;53;25;47.2
4118402;1828;439;24
4119707;72;20;27.8
4120200;81;25;30.9
4121000;188;80;42.6
4123303;191;67;35.1
4123709;197;62;31.5
4123956;73;39;53.4
4124202;56;14;25
4124608;112;17;15.2
4124905;100;34;34
4125902;85;42;49.4
4126702;83;30;36.1
4127304;289;96;33.2
4100509;417;122;29.3
4100707;242;119;49.2
4103370;81;41;50.6
4103479;115;60;52.2
4106605;372;155;41.7
4107256;177;80;45.2
4108320;144;86;59.7
4109906;190;62;32.6
4110607;276;104;37.7
4111555;151;75;49.7
4114708;108;36;33.3
4115101;138;35;25.4
4117206;87;28;32.2
4118907;206;82;39.8
4107520;40;19;47.5
4125357;94;38;40.4
4126900;115;24;20.9
4128104;2447;821;33.6
4118857;118;37;31.4
4128625;74;24;32.4
4128807;140;61;43.6
4105508;1569;403;25.7
4105607;217;76;35
4109104;45;19;42.2
4110409;76;19;25
4112405;129;47;36.4
4113007;108;28;25.9
4122602;151;40;26.5
4125555;52;10;19.2
4126108;102;39;38.2
4126801;228;63;27.6
4127908;172;57;33.1
4100459;58;13;22.4
4103008;96;26;27.1
4103909;270;86;31.9
4108601;737;189;25.6
4120655;96;25;26
4112207;108;42;38.9
4112959;166;77;46.4
4116109;185;75;40.5
4116802;146;45;30.8
4121356;48;37;77.1
4128005;509;136;26.7
4101705;253;112;44.3
4102505;236;55;23.3
4104303;2057;468;22.8
4106555;52;34;65.4
4107504;277;128;46.2
4107553;52;10;19.2
4107702;99;15;15.2
4110805;210;116;55.2
4113734;79;17;21.5
4114005;210;56;26.7
4118808;201;72;35.8
4121109;80;15;18.8
4122503;202;71;35.1
4127205;247;58;23.5
4101150;72;18;25
4102109;476;85;17.9
4102208;63;13;20.6
4103404;56;11;19.6
4105102;184;43;23.4
4105904;407;213;52.3
4108106;48;21;43.8
4109203;102;37;36.3
4110003;112;25;22.3
4110904;94;3;3.2
4111902;188;58;30.9
4113601;94;39;41.5
4113809;107;15;14
4114104;394;126;32
4116307;68;13;19.1
4116406;70;16;22.9
4116901;394;93;23.6
4120408;66;38;57.6
4123402;182;42;23.1
4123600;38;20;52.6
4124509;124;73;58.9
4128302;46;15;32.6
4100806;142;61;43
4102802;307;105;34.2
4108007;209;74;35.4
4116000;39;11;28.2
4120333;67;21;31.3
4120002;271;84;31
4120507;206;30;14.6
4126504;252;47;18.7
4107306;110;16;14.5
4107801;90;28;31.1
4107900;211;54;25.6
4111100;99;38;38.4
4111605;79;14;17.7
4117404;49;21;42.9
4125308;75;25;33.3
4114203;528;181;34.3
4114807;608;175;28.8
4115200;6294;650;10.3
4117503;716;319;44.6
4126256;1344;255;19
4101408;2574;455;17.7
4101507;2065;445;21.5
4103503;176;31;17.6
4103800;161;31;19.3
4112108;435;88;20.2
4114906;149;44;29.5
4115754;188;47;25
4117297;66;20;30.3
4122701;177;42;23.7
4103701;1693;375;22.2
4109807;985;147;14.9
4113700;9360;2003;21.4
4126678;180;78;43.3
4119657;66;29;43.9
4122404;1003;383;38.2
4103206;107;66;61.7
4103305;127;32;25.2
4107603;328;113;34.5
4106852;55;27;49.1
4113106;129;44;34.1
4115507;79;22;27.8
4122107;55;15;27.3
4104402;283;116;41
4108551;61;18;29.5
4122172;110;31;28.2
4108700;148;59;39.9
4111506;916;210;22.9
4101655;83;40;48.2
4101853;63;16;25.4
4112504;273;92;33.7
4113429;104;45;43.3
4113759;81;22;27.2
4114500;349;124;35.5
4117271;202;88;43.6
4122651;154;63;40.9
4125001;248;104;41.9
4125803;195;92;47.2
4101903;340;113;33.2
4112702;217;60;27.6
4117214;121;32;26.4
4121307;57;14;24.6
4123204;72;20;27.8
4124707;308;131;42.5
4126009;201;53;26.4
4128401;246;43;17.5
4100103;153;33;21.6
4101101;326;69;21.2
4102406;778;188;24.2
4106001;214;64;29.9
4106407;1031;246;23.9
4111001;118;24;20.3
4113403;117;38;32.5
4116604;61;28;45.9
4117008;146;29;19.9
4121901;336;100;29.8
4123105;103;39;37.9
4123907;237;66;27.8
4124301;64;29;45.3
4126405;164;45;27.4
4102703;62;13;21
4103602;530;215;40.6
4111803;998;223;22.3
4112900;68;22;32.4
4121802;252;79;31.3
4124103;870;161;18.5
4106100;77;18;23.4
4107009;254;83;32.7
4107751;132;61;46.2
4109708;611;251;41.1
4111704;108;25;23.1
4112306;92;21;22.8
4119202;161;80;49.7
4126207;181;81;44.8
4104709;289;80;27.7
4109005;90;25;27.8
4112801;273;61;22.3
4120705;136;42;30.9
4122909;95;13;13.7
4124004;106;24;22.6
4125407;95;40;42.1
4126603;500;168;33.6
4127809;226;83;36.7
4128500;406;121;29.8
4117305;543;321;59.1
4121703;433;155;35.8
4127106;1388;425;30.6
4110078;194;109;56.2
4127502;273;128;46.9
4128534;153;48;31.4
4101606;498;159;31.9
4112009;528;135;25.6
4119400;353;102;28.9
4126306;290;104;35.9
4104907;1415;332;23.5
4104659;487;127;26.1
4117701;697;176;25.3
4119905;5719;1212;21.2
4102000;845;199;23.6
4107157;94;57;60.6
4107538;124;30;24.2
4108205;157;56;35.7
4108809;629;220;35
4110656;60;18;30
4112751;170;34;20
4114609;1211;275;22.7
4115358;111;36;32.4
4115853;109;41;37.6
4117222;162;60;37
4117453;87;10;11.5
4117909;726;224;30.9
4118451;164;44;26.8
4120853;114;20;17.5
4123501;529;206;38.9
4125456;67;13;19.4
4125753;121;49;40.5
4127403;361;132;36.6
4127700;2886;704;24.4
4127957;170;42;24.7
4101051;54;19;35.2
4103057;197;105;53.3
4103354;141;34;24.1
4103453;344;143;41.6
4104055;94;35;37.2
4104600;322;155;48.1
4104808;5905;1443;24.4
4105003;201;91;45.3
4106308;364;92;25.3
4107124;82;46;56.1
4109302;282;120;42.6
4109757;130;33;25.4
4110052;48;11;22.9
4113452;148;97;65.5
4116703;244;67;27.5
4123824;71;29;40.8
4127858;216;104;48.1
4105300;232;64;27.6
4108304;4508;916;20.3
4110953;250;99;39.6
4115606;378;71;18.8
4115804;981;215;21.9
4126355;86;34;39.5
4116059;242;110;45.5
4121257;64;32;50
4124053;415;88;21.2
4125704;614;309;50.3
4128559;175;67;38.3
4101002;420;156;37.1
4104501;517;253;48.9
4102752;82;34;41.5
4119004;154;44;28.6
4119806;273;145;53.1
4120358;160;54;33.8
4121406;396;119;30.1
4123808;276;79;28.6
4102604;298;61;20.5
4103156;98;39;39.8
4103024;63;29;46
4106571;109;45;41.3
4107207;934;311;33.3
4107405;121;34;28.1
4107850;120;38;31.7
4108403;2004;723;36.1
4115408;256;72;28.1
4116950;139;35;25.2
4117255;177;72;40.7
4119251;57;16;28.1
4121604;108;20;18.5
4122800;88;15;17
4114351;62;20;32.3
4123006;262;94;35.9
4124400;458;211;46.1
4125209;235;66;28.1
4128609;176;94;53.4
4103222;46;10;21.7
4105409;562;172;30.6
4106506;418;123;29.4
4111209;207;57;27.5
4115309;107;22;20.6
4118501;1871;324;17.3
4124806;252;66;26.2
4126272;116;24;20.7
4126652;56;14;25
4128708;150;29;19.3
4113254;139;57;41
4115739;76;22;28.9
4117800;338;116;34.3
4103040;149;87;58.4
4119608;919;417;45.4
4123857;234;102;43.6
4104428;346;116;33.5
4108452;113;26;23
4108650;100;27;27
4115457;89;47;52.8
4104451;280;128;45.7
4109401;3400;474;13.9
4103958;72;28;38.9
4110201;240;110;45.8
4113304;841;185;22
4120150;76;41;53.9
4117057;347;179;51.6
4119301;625;178;28.5
4121752;145;73;50.3
4120903;761;261;34.3
4107546;130;51;39.2
4122156;330;146;44.2
4127965;290;103;35.5
4128658;65;29;44.6
4105706;403;217;53.8
4109658;82;25;30.5
4114401;356;175;49.2
4117602;873;268;30.7
4106456;165;92;55.8
4108957;146;46;31.5
4110102;518;111;21.4
4110706;1161;398;34.3
4110508;256;74;28.9
4111407;230;84;36.5
4120606;1038;236;22.7
4127007;179;105;58.7
4107736;145;84;57.9
4113908;222;48;21.6
4121505;265;68;25.7
4122008;248;99;39.9
4102901;317;88;27.8
4106803;275;122;44.4
4108502;277;150;54.2
4118600;135;45;33.3
4118709;116;37;31.9
4120309;74;18;24.3
4128203;1268;155;12.2
4101309;134;43;32.1
4125100;208;81;38.9
4125605;915;299;32.7
4100202;131;46;35.1
4105201;187;95;50.8
4128633;78;42;53.8
4113205;751;203;27
4120101;82;19;23.2
4104253;386;103;26.7
4100400;1385;550;39.7
4101804;3085;659;21.4
4102307;276;160;58
4103107;182;49;26.9
4104006;720;237;32.9
4104204;2096;422;20.1
4105805;3384;846;25
4106209;303;97;32
4106902;27469;4077;14.8
4107652;2159;644;29.8
4111258;492;128;26
4114302;425;228;53.6
4119152;2256;430;19.1
4119509;1564;485;31
4120804;394;146;37.1
4122206;624;252;40.4
4125506;4655;1082;23.2
4127882;107;45;42.1
4101200;338;154;45.6
4109500;214;168;78.5
4109609;734;119;16.2
4115705;670;114;17
4116208;301;114;37.9
4118204;2875;609;21.2
4119954;557;104;18.7
4100301;151;66;43.7
4104105;147;29;19.7
4119103;241;81;33.6
4121208;336;111;33
4122305;656;220;33.5
4127601;236;59;25
4205407;8542;3418;40
4210506;555;349;62.9
4202305;1198;619;51.7
4206009;287;208;72.5
4201208;177;80;45.2
4216602;4063;1711;42.1
4217253;129;88;68.2
4211900;3946;2026;51.3
4200903;108;78;72.2
4215901;58;24;41.4
4200606;104;62;59.6
4201109;73;45;61.6
4214300;78;39;50
4218707;2274;1151;50.6
4212304;189;133;70.4
4215703;568;250;44
4208104;494;258;52.2
4203956;552;272;49.3
4214805;1363;386;28.3
4203808;1158;638;55.1
4211702;416;204;49
4204400;185;114;61.6
4202800;654;356;54.4
4207304;1117;599;53.6
4217006;234;95;40.6
4201505;253;181;71.5
4201307;969;382;39.4
4209300;3349;1915;57.2
4206108;142;79;55.6
4218400;132;54;40.9
4212403;92;64;69.6
4215604;70;35;50
4214904;118;80;67.8
4208807;392;289;73.7
4215455;292;194;66.4
4219507;964;321;33.3
4206207;258;169;65.5
4205704;615;301;48.9
4204608;4668;1226;26.3
4208906;2933;1324;45.1
4205456;567;219;38.6
4210100;1157;625;54
4217204;918;334;36.4
4200051;104;62;59.6
4207007;1010;663;65.6
4206900;388;194;50
4217600;262;116;44.3
4218350;79;31;39.2
4216206;1267;421;33.2
4207502;1265;532;42.1
4220000;253;175;69.2
4211603;239;141;59
4204301;1657;735;44.4
4204251;364;190;52.2
4219002;430;282;65.6
4209607;282;190;67.4
4211207;362;200;55.2
4202404;7307;3078;42.1
4203600;682;402;58.9
4213203;576;141;24.5
4205902;1046;264;25.2
4201257;151;76;50.3
4215109;245;156;63.7
4201703;172;91;52.9
4218202;908;449;49.4
4214706;128;85;66.4
4202206;179;72;40.2
4205159;49;30;61.2
4209102;7827;2580;33
4217402;314;147;46.8
4205803;285;73;25.6
4208450;418;246;58.9
4202057;175;69;39.4
4201406;1476;736;49.9
4202107;654;322;49.2
4216354;84;62;73.8
4206652;148;77;52
4217709;719;457;63.6
4201901;158;104;65.8
4200309;123;52;42.3
4200200;165;51;30.9
4218608;132;83;62.9
4202859;88;35;39.8
4201604;55;25;45.5
4209151;177;127;71.8
4219358;98;65;66.3
4217808;431;190;44.1
4210852;68;29;42.6
4207577;70;26;37.1
4214003;344;178;51.7
4219408;90;61;67.8
4209508;156;81;51.9
4214607;126;57;45.2
4209904;223;85;38.1
4214102;46;25;54.3
4215307;164;118;72
4214508;127;87;68.5
4207809;200;83;41.5
4213708;325;204;62.8
4205100;113;75;66.4
4203253;63;27;42.9
4202438;103;59;57.3
4211892;72;34;47.2
4202008;2410;631;26.2
4211751;411;230;56
4212056;72;31;43.1
4216800;197;145;73.6
4201000;160;86;53.8
4215802;1357;382;28.2
4204152;70;27;38.6
4218954;79;39;49.4
4216503;669;333;49.8
4216305;496;238;48
4202503;106;75;70.8
4205555;62;22;35.5
4204806;761;389;51.1
4213351;78;35;44.9
4216057;159;105;66
4203709;298;95;31.9
4202602;194;86;44.3
4218905;191;115;60.2
4215059;71;52;73.2
4203402;130;89;68.5
4215505;292;193;66.1
4204178;88;43;48.9
4213302;102;60;58.8
4213807;185;151;81.6
4204558;311;172;55.3
4215679;142;71;50
4212205;342;238;69.6
4211108;225;200;88.9
4209003;646;198;30.7
4210035;163;49;30.1
4219705;692;324;46.8
4200408;145;74;51
4213609;796;278;34.9
4204004;190;123;64.7
4219176;118;66;55.9
4208609;59;35;59.3
4203907;376;140;37.2
4206702;295;146;49.5
4211058;131;48;36.6
4219853;68;36;52.9
4219150;41;20;48.8
4202875;88;70;79.5
4209409;1058;698;66
4206751;43;21;48.8
4217907;129;78;60.5
4206801;44;23;52.3
4218509;131;54;41.2
4205209;76;44;57.9
4209201;48;21;43.8
4211801;143;76;53.1
4201273;97;67;69.1
4209854;62;32;51.6
4213906;45;31;68.9
4200754;36;19;52.8
4212601;55;33;60
4207700;148;87;58.8
4217501;382;172;45
4201653;61;40;65.6
4207601;117;73;62.4
4213104;159;66;41.5
4208005;149;76;51
4211876;36;28;77.8
4219606;74;40;54.1
4204202;4459;2909;65.2
4204350;110;72;65.5
4211306;1733;709;40.9
4211454;70;40;57.1
4204103;90;61;67.8
4213153;58;34;58.6
4200507;135;75;55.6
4212106;354;197;55.6
4203105;121;74;61.2
4217303;166;109;65.7
4216008;246;116;47.2
4204756;61;42;68.9
4211405;67;34;50.7
4212908;378;185;48.9
4210902;122;92;75.4
4202578;56;34;60.7
4217758;65;44;67.7
4217550;92;66;71.7
4208955;46;23;50
4218855;55;22;40
4200556;61;40;65.6
4214201;163;80;49.1
4207858;53;20;37.7
4205431;45;19;42.2
4215695;38;16;42.1
4216909;539;302;56
4211652;52;23;44.2
4202099;37;25;67.6
4212239;76;42;55.3
4202081;73;42;57.5
4208401;365;172;47.1
4216255;131;75;57.3
4218756;88;48;54.5
4217154;50;40;80
4217956;64;57;89.1
4205357;50;27;54
4205001;275;188;68.4
4215208;93;75;80.6
4200804;120;67;55.8
4204707;239;123;51.5
4207759;114;79;69.3
4216701;261;149;57.1
4214151;65;36;55.4
4206603;100;27;27
4211009;153;78;51
4207650;159;104;65.4
4208203;4626;1627;35.2
4215075;106;68;64.2
4215687;62;50;80.6
4203501;243;138;56.8
4215356;98;69;70.4
4215752;52;31;59.6
4203006;1541;698;45.3
4212007;127;71;55.9
4215554;50;26;52
4202156;60;28;46.7
4204905;145;73;50.3
4213401;198;90;45.5
4206405;204;140;68.6
4207106;293;149;50.9
4212502;668;272;40.7
4203204;1356;571;42.1
4213500;565;134;23.7
4202453;457;252;55.1
4208302;1315;521;39.6
4200101;348;169;48.6
4205191;62;31;50
4215653;235;124;52.8
4210001;260;170;65.4
4212809;487;89;18.3
4210050;38;26;68.4
4214409;93;54;58.1
4203154;91;72;79.1
4210704;62;40;64.5
4219309;995;430;43.2
4215406;61;28;45.9
4213005;71;31;43.7
4207908;132;47;35.6
4218251;159;135;84.9
4205506;682;272;39.9
4209706;239;165;69
4216404;173;113;65.3
4218806;246;184;74.8
4218004;899;514;57.2
4201950;238;125;52.5
4210407;122;70;57.4
4208708;193;146;75.6
4219200;148;80;54.1
4218103;86;44;51.2
4202073;216;128;59.3
4211256;56;34;60.7
4210803;105;71;67.6
4212254;155;106;68.4
4202909;2387;969;40.6
4206306;375;155;41.3
4202701;108;72;66.7
4210209;73;49;67.1
4211504;189;83;43.9
4207684;210;160;76.2
4202537;75;65;86.7
4205308;202;106;52.5
4205175;82;49;59.8
4210555;43;21;48.8
4209458;53;25;47.2
4204459;40;16;40
4216107;173;135;78
4209177;43;20;46.5
4205605;68;27;39.7
4211850;49;28;57.1
4210605;301;135;44.9
4212270;102;67;65.7
4219101;83;47;56.6
4202131;98;49;50
4218301;393;193;49.1
4210308;126;91;72.2
4206504;786;345;43.9
4204509;210;117;55.7
4212650;190;120;63.2
4217105;103;68;66
4207205;242;189;78.1
4208500;591;298;50.4
4204194;57;35;61.4
4201802;66;37;56.1
4212700;142;107;75.4
4209805;83;48;57.8
4207403;106;67;63.2
4200705;178;120;67.4
4215000;756;227;30
4203303;211;104;49.3
4322400;1796;586;32.6
4319901;1220;180;14.8
4305108;6001;1123;18.7
4321451;510;77;15.1
4301602;1620;395;24.4
4313508;758;264;34.8
4317103;1195;360;30.1
4314407;5400;879;16.3
4309308;1293;479;37
4303004;1332;380;28.5
4319000;355;119;33.5
4302402;187;118;63.1
4312658;271;95;35.1
4313904;673;174;25.9
4310603;568;234;41.2
4314902;16619;3971;23.9
4303103;1907;425;22.3
4309209;3640;787;21.6
4322202;381;69;18.1
4320008;1729;350;20.2
4320909;473;171;36.2
4314100;2847;659;23.1
4307906;1029;270;26.2
4307708;1370;178;13
4307500;292;108;37
4301305;354;167;47.2
4320800;563;277;49.2
4302006;148;89;60.1
4323002;2783;772;27.7
4300604;2197;514;23.4
4318903;522;167;32
4301909;175;76;43.4
4305355;552;236;42.8
4313060;282;154;54.6
4322806;417;115;27.6
4302105;1694;429;25.3
4304804;406;145;35.7
4312906;95;28;29.5
4319711;34;25;73.5
4318705;2857;801;28
4317202;1115;286;25.7
4317905;244;41;16.8
4304606;3567;886;24.8
4321501;710;380;53.5
4310330;368;46;12.5
4307609;721;61;8.5
4310108;536;248;46.3
4301057;201;44;21.9
4310801;339;32;9.4
4322509;953;290;30.4
4307450;62;17;27.4
4316808;1759;419;23.8
4313409;3069;491;16
4314027;95;36;37.9
4306973;61;31;50.8
4316105;133;72;54.1
4304200;405;91;22.5
4316907;4247;1134;26.7
4312138;78;51;65.4
4308854;51;30;58.8
4311429;70;46;65.7
4303509;847;330;39
4311775;149;88;59.1
4300208;134;35;26.1
4302808;536;110;20.5
4304713;78;28;35.9
4309555;86;30;34.9
4315800;147;20;13.6
4320701;249;94;37.8
4314050;760;323;42.5
4321204;980;448;45.7
4309407;329;70;21.3
4307005;1578;406;25.7
4315107;162;66;40.7
4306601;564;150;26.6
4301636;225;89;39.6
4317608;736;288;39.1
4316006;345;114;33
4315750;70;49;70
4313003;36;11;30.6
4304697;61;32;52.5
4314423;69;24;34.8
4318002;935;429;45.9
4317400;726;154;21.2
4310207;1426;528;37
4317756;37;15;40.5
4304705;960;321;33.4
4305801;176;93;52.8
4321956;164;99;60.4
4322103;75;31;41.3
4310009;347;76;21.9
4306106;949;293;30.9
4311809;750;282;37.6
4311304;450;221;49.1
4315552;70;35;50
4308102;275;90;32.7
4306403;492;101;20.5
4303905;1007;156;15.5
4319505;381;121;31.8
4322707;345;98;28.4
4322608;1017;288;28.3
4311239;45;17;37.8
4315305;382;131;34.3
4320206;182;91;50
4313706;568;260;45.8
4302154;51;36;70.6
4302055;50;39;78
4321105;208;48;23.1
4311403;1549;290;18.7
4308508;729;340;46.6
4300638;88;41;46.6
4321402;308;187;60.7
4306320;53;27;50.9
4306767;439;75;17.1
4312476;112;45;40.2
4321469;100;65;65
4303202;98;80;81.6
4302659;77;36;46.8
4304507;717;335;46.7
4314605;373;169;45.3
4314803;565;82;14.5
4321709;387;63;16.3
4322541;71;28;39.4
4315131;42;14;33.3
4315602;3003;649;21.6
4314555;46;9;19.6
4309050;89;16;18
4311205;401;124;30.9
4300059;65;25;38.5
4303558;52;15;28.8
4305871;55;16;29.1
4314498;104;45;43.3
4313805;149;56;37.6
4300505;122;39;32
4306072;53;31;58.5
4305207;202;34;16.8
4321907;384;99;25.8
4302378;69;55;79.7
4323705;50;14;28
4313201;353;105;29.7
4314506;170;41;24.1
4301107;218;46;21.1
4318309;774;187;24.2
4306452;38;13;34.2
4308607;459;206;44.9
4313300;386;168;43.5
4305454;271;75;27.7
4304671;106;29;27.4
4321600;663;112;16.9
4312609;92;27;29.3
4319752;41;17;41.5
4311643;40;11;27.5
4311122;53;37;69.8
4308201;498;73;14.7
4319737;70;32;45.7
4316600;196;63;32.1
4303806;86;48;55.8
4308904;272;106;39
4306809;325;119;36.6
4313607;47;20;42.6
4304630;1309;309;23.6
4311106;156;35;22.4
4312708;187;49;26.2
4323804;313;146;46.6
4319109;77;7;9.1
4320230;48;21;43.8
4319372;46;18;39.1
4304408;744;141;19
4309100;781;141;18.1
4303400;71;34;47.9
4313391;63;19;30.2
4307815;62;38;61.3
4307203;90;60;66.7
4319703;50;29;58
4322533;140;62;44.3
4303673;48;29;60.4
4323754;51;28;54.9
4320107;352;158;44.9
4304952;73;18;24.7
4305009;163;43;26.4
4303707;95;38;40
4322301;102;28;27.5
4318499;49;32;65.3
4319307;93;19;20.4
4314456;55;39;70.9
4310850;81;58;71.6
4312401;923;349;37.8
4300877;173;63;36.4
4321832;66;36;54.5
4312443;71;36;50.7
4312500;190;92;48.4
4313656;165;55;33.3
4321477;90;45;50
4306502;164;93;56.7
4319406;227;64;28.2
4313102;83;36;43.4
4312351;29;7;24.1
4315172;36;9;25
4312807;94;20;21.3
4322525;58;22;37.9
4321006;182;60;33
4317509;1173;294;25.1
4309506;147;60;40.8
4313425;39;18;46.2
4316451;235;101;43
4308300;169;75;44.4
4312252;129;89;69
4311007;461;74;16.1
4300109;257;107;41.6
4319364;56;12;21.4
4311700;93;34;36.6
4315503;237;105;44.3
4307807;548;212;38.7
4322186;26;7;26.9
4314464;48;32;66.7
4310579;40;25;62.5
4313334;41;15;36.6
4300307;76;33;43.4
4300406;1030;357;34.7
4322004;541;114;21.1
4301404;147;80;54.4
4302584;36;26;72.2
4323358;32;9;28.1
4312054;75;33;44
4306205;170;42;24.7
4304663;377;89;23.6
4313375;410;53;12.9
4300455;70;38;54.3
4312302;115;94;81.7
4314704;188;111;59
4321808;494;61;12.3
4309605;299;15;5
4300554;32;21;65.6
4300661;28;11;39.3
4300703;103;30;29.1
4300802;161;59;36.6
4300901;84;38;45.2
4301925;30;18;60
4320552;77;25;32.5
4301008;383;115;30
4321626;52;18;34.6
4301206;216;66;30.6
4305173;151;69;45.7
4302451;116;56;48.3
4301503;112;31;27.7
4301552;58;25;43.1
4305116;48;31;64.6
4309654;129;67;51.9
4304358;158;122;77.2
4300034;85;43;50.6
4306304;85;33;38.8
4301651;91;48;52.7
4304622;41;27;65.9
4301701;96;17;17.7
4301800;76;9;11.8
4311981;56;33;58.9
4309159;74;29;39.2
4314548;41;23;56.1
4317251;31;12;38.7
4312385;39;13;33.3
4319604;350;121;34.6
4318804;555;232;41.8
4313011;60;18;30
4302204;100;28;28
4318622;84;26;31
4302303;163;66;40.5
4321352;57;29;50.9
4302352;225;63;28
4308078;67;29;43.3
4302501;123;47;38.2
4302600;79;31;39.2
4311791;56;24;42.9
4302709;271;81;29.9
4313441;55;32;58.2
4318457;50;36;72
4320578;37;22;59.5
4302907;170;122;71.8
4311627;103;26;25.2
4316758;109;42;38.5
4317954;50;18;36
4312179;41;14;34.1
4303301;79;19;24.1
4300851;77;27;35.1
4305447;65;15;23.1
4303608;133;34;25.6
4306130;40;8;20
4304614;26;7;26.9
4304002;81;50;61.7
4304101;52;13;25
4304309;108;28;25.9
4304689;179;60;33.5
4300471;57;26;45.6
4305850;54;18;33.3
4304903;152;51;33.6
4317558;31;19;61.3
4305132;65;16;24.6
4305157;68;32;47.1
4316477;43;19;44.2
4305306;183;86;47
4305405;72;17;23.6
4310413;40;21;52.5
4305504;71;39;54.9
4312625;35;24;68.6
4305603;57;16;28.1
4305702;108;30;27.8
4306924;38;29;76.3
4313466;36;8;22.2
4305900;108;36;33.3
4302238;59;19;32.2
4305959;53;12;22.6
4306007;222;70;31.5
4306056;99;38;38.4
4302220;54;17;31.5
4323457;57;19;33.3
4306353;54;32;59.3
4317301;499;169;33.9
4301875;68;35;51.5
4306700;47;14;29.8
4306734;51;6;11.8
4306759;37;13;35.1
4312203;73;15;20.5
4306908;357;153;42.9
4306932;132;61;46.2
4306957;52;41;78.8
4314134;27;8;29.6
4315313;35;13;37.1
4307054;68;27;39.7
4305439;69;41;59.4
4305371;65;43;66.2
4318101;228;108;47.4
4307104;118;36;30.5
4314175;69;5;7.2
4306429;55;31;56.4
4307302;111;56;50.5
4314472;64;35;54.7
4307401;49;21;42.9
4305934;28;11;39.3
4310876;55;14;25.5
4307559;90;40;44.4
4305587;46;19;41.3
4307831;44;10;22.7
4307864;42;15;35.7
4315008;51;26;51
4318432;59;27;45.8
4308003;90;25;27.8
4308052;36;25;69.4
4300570;37;9;24.3
4322855;26;9;34.6
4320859;91;36;39.6
4313086;38;13;34.2
4308409;97;28;28.9
4308458;68;34;50
4302253;36;7;19.4
4308706;66;31;47
4308805;110;41;37.3
4308250;32;20;62.5
4309001;257;84;32.7
4320321;30;15;50
4322343;25;7;28
4311130;55;14;25.5
4309258;25;7;28
4313953;155;37;23.9
4309571;54;31;57.4
4312153;73;31;42.5
4322350;19;11;57.9
4309704;92;24;26.1
4309753;77;11;14.3
4309803;63;22;34.9
4309902;99;40;40.4
4309951;71;24;33.8
4310306;61;22;36.1
4310363;67;16;23.9
4323770;73;29;39.7
4310405;88;23;26.1
4310439;94;22;23.4
4310462;28;12;42.9
4310504;162;85;52.5
4310553;51;7;13.7
4311718;119;43;36.1
4310702;64;49;76.6
4310751;33;19;57.6
4315149;72;20;27.8
4314787;29;17;58.6
4310900;43;9;20.9
4311155;149;85;57
4315321;53;19;35.8
4318606;93;37;39.8
4311254;82;46;56.1
4308433;61;13;21.3
4320453;31;6;19.4
4311502;146;52;35.6
4311601;105;65;61.9
4312674;31;20;64.5
4311908;67;33;49.3
4312005;24;12;50
4312104;84;20;23.8
4314035;83;25;30.1
4318614;52;11;21.2
4312450;104;49;47.1
4311270;29;12;41.4
4309126;60;37;61.7
4315701;446;231;51.8
4312757;62;29;46.8
4305835;35;13;37.1
4313037;64;27;42.2
4313359;37;15;40.5
4321303;394;148;37.6
4313490;61;18;29.5
4316428;42;6;14.3
4314001;126;55;43.7
4314779;70;46;65.7
4305975;56;32;57.1
4321667;185;124;67
4314159;99;36;36.4
4314209;134;22;16.4
4305124;128;39;30.5
4314308;65;10;15.4
4301073;60;20;33.3
4322327;70;14;20
4300646;113;34;30.1
4314753;31;8;25.8
4315073;29;12;41.4
4315156;97;35;36.1
4315206;56;19;33.9
4315354;73;26;35.6
4315404;207;132;63.8
4315453;42;6;14.3
4314076;83;30;36.1
4316402;485;155;32
4315909;121;48;39.7
4316204;71;26;36.6
4316303;114;27;23.7
4316436;42;24;57.1
4316501;103;30;29.1
4319356;53;12;22.6
4316709;142;28;19.7
4320677;111;17;15.3
4319125;51;15;29.4
4310538;83;14;16.9
4306379;53;16;30.2
4319802;249;91;36.5
4316956;116;28;24.1
4317004;109;31;28.4
4322376;48;18;37.5
4304655;82;39;47.6
4317707;170;61;35.9
4308656;60;36;60
4317806;308;81;26.3
4318051;41;26;63.4
4311759;127;56;44.1
4318200;288;133;46.2
4316972;35;8;22.9
4318408;273;152;55.7
4301750;78;16;20.5
4318424;53;13;24.5
4318440;40;17;42.5
4318465;47;32;68.1
4318481;79;21;26.6
4318507;386;84;21.8
4315958;47;31;66
4319158;136;25;18.4
4319208;86;51;59.3
4321493;46;18;39.1
4301958;53;31;58.5
4312955;47;26;55.3
4320263;109;62;56.9
4320305;72;28;38.9
4320404;296;50;16.9
4310652;60;48;80
4320503;183;75;41
4320602;51;14;27.5
4320651;42;7;16.7
4314068;72;47;65.3
4312427;63;40;63.5
4316733;30;16;53.3
4320354;74;23;31.1
4321329;57;21;36.8
4301859;93;40;43
4321436;167;86;51.5
4306551;52;43;82.7
4311734;53;30;56.6
4321634;29;21;72.4
4321857;99;66;66.7
4323408;69;17;24.6
4322152;64;44;68.8
4322251;85;9;10.6
4315057;37;30;81.1
4312377;68;34;50
4312617;60;39;65
4322558;36;17;47.2
4304853;37;10;27
4322905;63;26;41.3
4323101;98;49;50
4323200;78;25;32.1
4323309;61;14;23
4323507;51;16;31.4
4323606;34;14;41.2
5003207;1706;639;37.5
5005202;403;280;69.5
5006903;292;216;74
5000708;466;315;67.6
5002704;15586;7299;46.8
5001102;968;541;55.9
5003488;284;225;79.2
5005608;641;465;72.5
5000252;82;56;68.3
5002605;246;170;69.1
5003900;48;32;66.7
5003306;577;361;62.6
5006408;144;107;74.3
5007406;339;249;73.5
5007695;518;147;28.4
5007935;281;162;57.7
5001508;150;99;66
5003108;89;66;74.2
5004908;98;63;64.3
5007307;80;61;76.2
5007505;84;60;71.4
5007901;1006;642;63.8
5008008;341;219;64.2
5002902;375;126;33.6
5002951;704;420;59.7
5003256;457;303;66.3
5006275;128;83;64.8
5001003;410;206;50.2
5004403;135;102;75.6
5006309;636;367;57.7
5007802;137;112;81.8
5000203;240;136;56.7
5002308;182;97;53.3
5007109;517;220;42.6
5007554;124;74;59.7
5008305;2302;832;36.1
5000807;118;65;55.1
5001904;446;252;56.5
5002001;164;121;73.8
5006200;919;453;49.3
5007976;64;42;65.6
5002100;492;308;62.6
5002159;175;137;78.3
5002209;453;254;56.1
5002803;89;66;74.2
5004106;156;108;69.2
5005004;490;210;42.9
5005806;235;186;79.1
5000609;667;435;65.2
5000906;178;152;85.4
5001243;192;161;83.9
5002407;527;301;57.1
5003504;97;82;84.5
5003702;4251;2107;49.6
5003801;333;138;41.4
5004502;347;254;73.2
5005152;103;71;68.9
5005251;129;92;71.3
5005400;662;303;45.8
5006002;345;208;60.3
5006606;1703;911;53.5
5007208;599;381;63.6
5008404;151;124;82.1
5000856;186;156;83.9
5003157;275;237;86.2
5003454;305;239;78.4
5003751;224;168;75
5004007;175;100;57.1
5004304;270;169;62.6
5004601;251;139;55.4
5004700;473;261;55.2
5004809;173;137;79.2
5005103;96;79;82.3
5005681;358;226;63.1
5005707;1022;495;48.4
5006259;76;55;72.4
5006358;260;202;77.7
5007703;169;126;74.6
5007950;177;144;81.4
5103304;279;123;44.1
5101407;349;149;42.7
5103254;365;227;62.2
5107578;89;50;56.2
5101902;253;161;63.6
5102850;106;68;64.2
5103379;136;67;49.3
5105150;611;347;56.8
5105176;135;105;77.8
5100250;776;446;57.5
5102793;119;83;69.7
5100805;116;72;62.1
5106158;147;72;49
5106299;151;111;73.5
5108956;97;57;58.8
5103205;368;156;42.4
5104104;494;331;67
5106265;91;69;75.8
5105606;363;200;55.1
5106216;142;78;54.9
5106422;387;200;51.7
5108055;159;95;59.7
5108808;51;24;47.1
5102637;633;291;46
5107875;373;148;39.7
5102686;138;50;36.2
5103502;370;209;56.5
5105101;453;292;64.5
5106273;42;20;47.6
5106802;76;48;63.2
5107305;166;62;37.3
5107941;133;55;41.4
5108907;56;29;51.8
5105259;1084;234;21.6
5105903;210;112;53.3
5106224;769;196;25.5
5107768;55;32;58.2
5107925;1477;461;31.2
5101837;92;64;69.6
5106240;122;71;58.2
5104526;105;42;40
5104542;89;42;47.2
5108006;177;87;49.2
5103056;137;66;48.2
5108303;63;26;41.3
5104559;75;48;64
5106190;42;25;59.5
5105580;171;98;57.3
5107248;78;32;41
5107909;2106;872;41.4
5108501;134;57;42.5
5103700;155;59;38.1
5106208;48;20;41.7
5106307;368;248;67.4
5103858;224;142;63.4
5106455;45;31;68.9
5101852;106;80;75.5
5107883;32;8;25
5100359;73;50;68.5
5102694;74;32;43.2
5103353;574;411;71.6
5105309;61;44;72.1
5106778;144;111;77.1
5107180;136;99;72.8
5107354;99;75;75.8
5107743;49;35;71.4
5107776;131;103;78.6
5107859;164;101;61.6
5108600;261;138;52.9
5100201;396;188;47.5
5106174;109;83;76.1
5102603;383;316;82.5
5102702;356;151;42.4
5106257;250;100;40
5106281;88;61;69.3
5107792;57;32;56.1
5107065;376;199;52.9
5101001;42;31;73.8
5101803;1017;393;38.6
5103106;72;43;59.7
5105507;201;97;48.3
5106182;84;43;51.2
5106752;559;276;49.4
5108352;41;31;75.6
5101704;387;224;57.9
5106851;42;19;45.2
5103452;67;28;41.8
5106232;215;108;50.2
5107958;1174;504;42.9
5101258;199;77;38.7
5103809;35;14;40
5103957;41;29;70.7
5104500;30;7;23.3
5105002;88;55;62.5
5105234;60;43;71.7
5105622;330;176;53.3
5106828;148;109;73.6
5107107;228;90;39.5
5107156;32;14;43.8
5107206;60;43;71.7
5107750;40;30;75
5100508;96;64;66.7
5101308;124;75;60.5
5106000;71;43;60.6
5107263;48;22;45.8
5108857;48;30;62.5
5100102;88;54;61.4
5104906;113;91;80.5
5107701;184;135;73.4
5103007;266;129;48.5
5103403;7264;1779;24.5
5107800;282;218;77.3
5106109;256;194;75.8
5108402;3002;1741;58
5101605;93;67;72
5102504;1152;390;33.9
5103437;54;35;64.8
5106505;421;243;57.7
5102678;652;244;37.4
5107040;1240;500;40.3
5101209;16;15;93.8
5103908;152;126;82.9
5104203;92;59;64.1
5106653;54;40;74.1
5106703;26;16;61.5
5107008;248;190;76.6
5107198;34;22;64.7
5108105;27;21;77.8
5108204;35;10;28.6
5103601;85;50;58.8
5104609;144;78;54.2
5104807;374;168;44.9
5105200;165;93;56.4
5106372;200;117;58.5
5107297;27;19;70.4
5107404;52;30;57.7
5107602;3149;1339;42.5
5100300;205;77;37.6
5100409;125;39;31.2
5100607;140;57;40.7
5103361;58;41;70.7
5106315;33;16;48.5
5206404;225;83;36.9
5214002;162;61;37.7
5214051;76;25;32.9
5214838;154;60;39
5215256;38;25;65.8
5220207;222;89;40.1
5221577;56;22;39.3
5202155;83;36;43.4
5202502;85;28;32.9
5203807;57;27;47.4
5207535;81;26;32.1
5208905;318;99;31.1
5211008;86;18;20.9
5212204;233;82;35.2
5212956;58;30;51.7
5219258;45;22;48.9
5201702;177;47;26.6
5202353;61;24;39.3
5203104;52;21;40.4
5203401;73;22;30.1
5207105;31;7;22.6
5213707;93;44;47.3
5217203;123;45;36.6
5200555;88;6;6.8
5204656;43;14;32.6
5204706;135;47;34.8
5204953;40;6;15
5207501;40;24;60
5208103;43;8;18.6
5212808;137;52;38
5200829;60;15;25
5213087;356;162;45.5
5213772;63;25;39.7
5214101;34;11;32.4
5214606;431;116;26.9
5214879;35;16;45.7
5218003;478;62;13
5203575;48;12;25
5219605;36;10;27.8
5219704;118;45;38.1
5221452;39;13;33.3
5221601;535;70;13.1
5200605;121;44;36.4
5204904;315;63;20
5205307;176;98;55.7
5205521;88;51;58
5213509;138;79;57.2
5214903;38;14;36.8
5220009;185;56;30.3
5221080;53;20;37.7
5203203;171;31;18.1
5219456;48;17;35.4
5220280;35;13;37.1
5205000;101;43;42.6
5205406;365;40;11
5210158;31;8;25.8
5208608;761;125;16.4
5209291;24;8;33.3
5209457;38;7;18.4
5209804;29;19;65.5
5210901;252;77;30.6
5211206;270;43;15.9
5213855;43;26;60.5
5214705;36;24;66.7
5214861;147;48;32.7
5216908;33;7;21.2
5218607;106;14;13.2
5218706;39;14;35.9
5218904;220;45;20.5
5219357;46;11;23.9
5220157;74;23;31.1
5221700;161;51;31.7
5201108;4024;294;7.3
5204854;83;23;27.7
5201603;34;10;29.4
5203609;34;6;17.6
5205208;39;12;30.8
5206800;32;18;56.2
5209606;33;7;21.2
5210000;667;65;9.7
5210406;417;194;46.5
5210562;46;18;39.1
5210604;49;17;34.7
5211404;82;13;15.9
5211800;457;111;24.3
5212055;26;6;23.1
5215009;103;51;49.5
5215405;40;12;30
5216809;73;17;23.3
5219506;28;12;42.9
5219902;82;20;24.4
5221007;32;25;78.1
5200902;31;14;45.2
5204201;15;6;40
5205703;28;6;21.4
5207600;57;33;57.9
5210208;502;79;15.7
5210307;22;4;18.2
5211602;25;10;40
5212006;30;10;33.3
5213400;45;22;48.9
5215207;60;25;41.7
5200159;19;6;31.6
5200852;48;22;45.8
5201306;185;72;38.9
5202601;24;3;12.5
5202809;38;20;52.6
5203939;27;9;33.3
5207808;107;25;23.4
5213905;50;3;6
5214408;83;36;43.4
5219001;80;41;51.2
5219100;61;33;54.1
5220108;430;103;24
5221502;56;10;17.9
5201405;4714;1035;22
5208707;15574;2145;13.8
5201801;97;36;37.1
5200050;193;89;46.1
5203302;310;82;26.5
5203559;80;14;17.5
5204557;33;16;48.5
5208400;160;47;29.4
5208806;676;256;37.9
5209200;200;69;34.5
5209705;288;117;40.6
5212303;131;65;49.6
5214507;347;108;31.1
5219738;85;47;55.3
5220454;1576;123;7.8
5221197;85;36;42.4
5221403;1468;321;21.9
5200803;98;46;46.9
5203962;35;10;28.6
5206701;45;10;22.2
5207907;154;40;26
5208301;74;35;47.3
5209408;54;26;48.1
5209903;150;59;39.3
5212709;89;32;36
5218300;453;200;44.2
5219803;155;26;16.8
5220686;64;20;31.2
5220702;53;14;26.4
5200100;184;38;20.7
5200175;76;33;43.4
5200308;284;45;15.8
5204003;124;32;25.8
5205497;864;451;52.2
5205513;204;74;36.3
5205802;101;45;44.6
5206206;828;300;36.2
5208004;1428;168;11.8
5212501;2272;544;23.9
5221858;1976;915;46.3
5215231;772;222;28.8
5213053;44;20;45.5
5215603;304;96;31.6
5217302;288;75;26
5222302;72;30;41.7
5217609;1207;453;37.5
5200258;1870;340;18.2
5219753;638;84;13.2
5222203;69;18;26.1
5201454;47;13;27.7
5201504;76;34;44.7
5204409;178;78;43.8
5205059;35;7;20
5205471;155;27;17.4
5207253;93;17;18.3
5211909;1193;221;18.5
5213004;100;46;46
5213103;841;284;33.8
5213756;158;20;12.7
5215652;33;8;24.2
5216452;59;28;47.5
5218102;38;12;31.6
5218805;2466;369;15
5219308;407;42;10.3
5219407;68;31;45.6
5219712;48;32;66.7
5220504;94;52;55.3
5200134;231;40;17.3
5204607;43;24;55.8
5205455;99;37;37.4
5207352;37;10;27
5207402;120;46;38.3
5209952;170;40;23.5
5211701;62;23;37.1
5215702;348;17;4.9
5215900;40;15;37.5
5216403;125;9;7.2
5220058;38;15;39.5
5221551;58;8;13.8
5221908;28;6;21.4
5200209;40;11;27.5
5200506;15;1;6.7
5203500;268;49;18.3
5209101;356;51;14.3
5203906;95;6;6.3
5204250;74;21;28.4
5204508;1011;304;30.1
5206503;47;13;27.7
5218052;43;15;34.9
5209937;70;10;14.3
5211503;1333;147;11
5212105;73;14;19.2
5212600;28;13;46.4
5212907;35;6;17.1
5213806;478;28;5.9
5216007;23;6;26.1
5217104;240;28;11.7
5217708;184;43;23.4
5218391;34;13;38.2
5218789;70;26;37.1
5222054;74;8;10.8
5206305;38;13;34.2
5215306;235;20;8.5
5215801;27;3;11.1
5217401;352;98;27.8
5219209;31;6;19.4
5220264;49;16;32.7
5220603;232;72;31
5208152;46;24;52.2
5221809;111;14;12.6
5222005;193;41;21.2
5201207;20;5;25
5204805;78;8;10.3
5210109;359;71;19.8
5205109;1504;247;16.4
5205901;124;33;26.6
5206602;25;4;16
5206909;28;8;28.6
5208509;66;7;10.6
5214804;23;4;17.4
5215504;76;51;67.1
5221304;29;17;58.6
5204102;103;44;42.7
5204300;148;38;25.7
5209150;52;3;5.8
5212253;42;17;40.5
5210802;73;24;32.9
5211305;83;39;47
5216304;79;30;38
5218508;545;65;11.9
5220405;184;33;17.9
5300108;34683;12680;36.6
